2025-05-08 19:29:48,387 prefix: かあ total 4 words: total 190 records
2025-05-08 19:29:51,779 prefix: かい total 25 words: total 842 records
2025-05-08 19:29:55,021 prefix: かう total 25 words: total 783 records
2025-05-08 19:29:57,843 prefix: かえ total 25 words: total 246 records
2025-05-08 19:30:01,002 prefix: かお total 25 words: total 349 records
2025-05-08 19:30:05,872 prefix: かか total 25 words: total 982 records
2025-05-08 19:30:09,489 prefix: かが total 25 words: total 1004 records
2025-05-08 19:32:44,667 prefix: ああ total 17 words: total 625 records
2025-05-08 19:34:15,931 prefix: あい total 978 words: total 25106 records
2025-05-08 19:34:25,611 prefix: あう total 101 words: total 2369 records
2025-05-08 19:34:28,610 prefix: あえ total 25 words: total 275 records
2025-05-08 19:35:04,031 prefix: あお total 425 words: total 6124 records
2025-05-08 19:35:49,620 prefix: あか total 470 words: total 15237 records
2025-05-08 19:35:54,633 prefix: あが total 44 words: total 1548 records
2025-05-08 19:36:22,264 prefix: あき total 305 words: total 7694 records
2025-05-08 19:36:23,599 prefix: あぎ total 2 words: total 163 records
2025-05-08 19:36:50,747 prefix: あく total 297 words: total 5802 records
2025-05-08 19:36:55,285 prefix: あぐ total 44 words: total 713 records
2025-05-08 19:36:59,779 prefix: あけ total 47 words: total 465 records
2025-05-08 19:37:04,103 prefix: あげ total 37 words: total 412 records
2025-05-08 19:37:08,096 prefix: あこ total 35 words: total 830 records
2025-05-08 19:37:10,303 prefix: あご total 13 words: total 324 records
2025-05-08 19:37:55,859 prefix: あさ total 474 words: total 15589 records
2025-05-08 19:38:00,160 prefix: あざ total 35 words: total 1197 records
2025-05-08 19:38:25,648 prefix: あし total 282 words: total 6650 records
2025-05-08 19:38:36,093 prefix: あじ total 105 words: total 3011 records
2025-05-08 19:38:51,946 prefix: あす total 172 words: total 4492 records
2025-05-08 19:39:01,361 prefix: あず total 91 words: total 2878 records
2025-05-08 19:39:05,444 prefix: あせ total 39 words: total 472 records
2025-05-08 19:39:07,159 prefix: あぜ total 9 words: total 100 records
2025-05-08 19:39:12,194 prefix: あそ total 48 words: total 1092 records
2025-05-08 19:39:13,506 prefix: あぞ total 4 words: total 13 records
2025-05-08 19:39:25,828 prefix: あた total 131 words: total 3341 records
2025-05-08 19:39:41,038 prefix: あだ total 164 words: total 4534 records
2025-05-08 19:39:43,533 prefix: あち total 17 words: total 448 records
2025-05-08 19:39:44,631 prefix: あぢ total 0 words: total 0 records
2025-05-08 19:40:00,931 prefix: あっ total 165 words: total 5627 records
2025-05-08 19:40:08,161 prefix: あつ total 73 words: total 1256 records
2025-05-08 19:40:10,793 prefix: あづ total 18 words: total 540 records
2025-05-08 19:40:14,721 prefix: あて total 31 words: total 540 records
2025-05-08 19:40:18,186 prefix: あで total 32 words: total 368 records
2025-05-08 19:40:27,189 prefix: あと total 101 words: total 1461 records
2025-05-08 19:40:36,643 prefix: あど total 108 words: total 1230 records
2025-05-08 19:40:53,105 prefix: あな total 172 words: total 5131 records
2025-05-08 19:41:09,418 prefix: あに total 175 words: total 4064 records
2025-05-08 19:41:11,259 prefix: あぬ total 10 words: total 187 records
2025-05-08 19:41:14,704 prefix: あね total 30 words: total 395 records
2025-05-08 19:41:19,611 prefix: あの total 48 words: total 781 records
2025-05-08 19:41:21,494 prefix: あは total 11 words: total 132 records
2025-05-08 19:41:26,954 prefix: あば total 50 words: total 1533 records
2025-05-08 19:41:30,010 prefix: あぱ total 23 words: total 662 records
2025-05-08 19:41:32,013 prefix: あひ total 10 words: total 232 records
2025-05-08 19:41:36,292 prefix: あび total 37 words: total 1025 records
2025-05-08 19:41:37,958 prefix: あぴ total 9 words: total 165 records
2025-05-08 19:41:49,988 prefix: あふ total 129 words: total 3390 records
2025-05-08 19:42:02,281 prefix: あぶ total 125 words: total 3888 records
2025-05-08 19:42:05,311 prefix: あぷ total 20 words: total 547 records
2025-05-08 19:42:06,660 prefix: あへ total 3 words: total 118 records
2025-05-08 19:42:20,338 prefix: あべ total 155 words: total 2587 records
2025-05-08 19:42:21,668 prefix: あぺ total 3 words: total 51 records
2025-05-08 19:42:24,095 prefix: あほ total 16 words: total 532 records
2025-05-08 19:42:26,484 prefix: あぼ total 17 words: total 349 records
2025-05-08 19:42:30,641 prefix: あぽ total 41 words: total 510 records
2025-05-08 19:43:01,470 prefix: あま total 334 words: total 10048 records
2025-05-08 19:43:08,487 prefix: あみ total 66 words: total 1905 records
2025-05-08 19:43:13,047 prefix: あむ total 41 words: total 930 records
2025-05-08 19:43:28,742 prefix: あめ total 195 words: total 1441 records
2025-05-08 19:43:31,491 prefix: あも total 21 words: total 392 records
2025-05-08 19:43:43,747 prefix: あや total 122 words: total 3887 records
2025-05-08 19:43:46,673 prefix: あゆ total 23 words: total 430 records
2025-05-08 19:43:47,740 prefix: あよ total 0 words: total 0 records
2025-05-08 19:44:32,057 prefix: あら total 461 words: total 15106 records
2025-05-08 19:45:08,837 prefix: あり total 394 words: total 9481 records
2025-05-08 19:46:10,786 prefix: ある total 635 words: total 14325 records
2025-05-08 19:46:26,674 prefix: あれ total 200 words: total 1490 records
2025-05-08 19:46:31,309 prefix: あろ total 43 words: total 896 records
2025-05-08 19:46:39,733 prefix: あわ total 78 words: total 2278 records
2025-05-08 19:46:56,238 prefix: あっ total 165 words: total 5627 records
2025-05-08 19:46:57,513 group: あ written 217041 records to CSV
2025-05-08 19:47:02,839 prefix: いあ total 58 words: total 1364 records
2025-05-08 19:47:22,344 prefix: いい total 206 words: total 4616 records
2025-05-08 19:47:24,219 prefix: いう total 11 words: total 143 records
2025-05-08 19:47:31,411 prefix: いえ total 85 words: total 617 records
2025-05-08 19:47:42,672 prefix: いお total 135 words: total 1611 records
2025-05-08 19:47:51,805 prefix: いか total 92 words: total 1951 records
2025-05-08 19:48:01,889 prefix: いが total 109 words: total 1831 records
2025-05-08 19:48:09,321 prefix: いき total 83 words: total 1177 records
2025-05-08 19:48:13,329 prefix: いぎ total 39 words: total 265 records
2025-05-08 19:48:23,426 prefix: いく total 110 words: total 1768 records
2025-05-08 19:48:27,639 prefix: いぐ total 41 words: total 677 records
2025-05-08 19:48:47,253 prefix: いけ total 251 words: total 1543 records
2025-05-08 19:48:48,745 prefix: いげ total 5 words: total 149 records
2025-05-08 19:48:52,171 prefix: いこ total 28 words: total 719 records
2025-05-08 19:48:54,795 prefix: いご total 20 words: total 329 records
2025-05-08 19:49:00,214 prefix: いさ total 53 words: total 872 records
2025-05-08 19:49:07,637 prefix: いざ total 75 words: total 1403 records
2025-05-08 19:50:00,312 prefix: いし total 638 words: total 8912 records
2025-05-08 19:50:07,088 prefix: いじ total 66 words: total 1214 records
2025-05-08 19:50:15,104 prefix: いす total 90 words: total 1003 records
2025-05-08 19:50:31,123 prefix: いず total 187 words: total 2549 records
2025-05-08 19:50:39,149 prefix: いせ total 91 words: total 954 records
2025-05-08 19:50:40,579 prefix: いぜ total 4 words: total 101 records
2025-05-08 19:50:49,828 prefix: いそ total 103 words: total 1462 records
2025-05-08 19:50:51,380 prefix: いぞ total 5 words: total 229 records
2025-05-08 19:51:06,652 prefix: いた total 179 words: total 2905 records
2025-05-08 19:51:09,015 prefix: いだ total 17 words: total 369 records
2025-05-08 19:51:50,658 prefix: いち total 529 words: total 5930 records
2025-05-08 19:51:51,791 prefix: いぢ total 1 words: total 8 records
2025-05-08 19:52:21,964 prefix: いっ total 315 words: total 8723 records
2025-05-08 19:52:29,695 prefix: いつ total 89 words: total 930 records
2025-05-08 19:52:31,694 prefix: いづ total 12 words: total 210 records
2025-05-08 19:52:33,495 prefix: いて total 11 words: total 87 records
2025-05-08 19:52:39,978 prefix: いで total 72 words: total 694 records
2025-05-08 19:53:29,623 prefix: いと total 520 words: total 15620 records
2025-05-08 19:53:33,539 prefix: いど total 37 words: total 608 records
2025-05-08 19:53:49,980 prefix: いな total 194 words: total 3346 records
2025-05-08 19:53:52,403 prefix: いに total 20 words: total 158 records
2025-05-08 19:54:03,529 prefix: いぬ total 122 words: total 1696 records
2025-05-08 19:54:05,284 prefix: いね total 9 words: total 59 records
2025-05-08 19:54:35,127 prefix: いの total 358 words: total 4511 records
2025-05-08 19:54:38,545 prefix: いは total 26 words: total 765 records
2025-05-08 19:54:44,880 prefix: いば total 64 words: total 1265 records
2025-05-08 19:54:46,123 prefix: いぱ total 2 words: total 23 records
2025-05-08 19:54:47,346 prefix: いひ total 2 words: total 52 records
2025-05-08 19:54:49,532 prefix: いび total 12 words: total 452 records
2025-05-08 19:54:50,669 prefix: いぴ total 1 words: total 4 records
2025-05-08 19:54:52,583 prefix: いふ total 9 words: total 279 records
2025-05-08 19:54:59,022 prefix: いぶ total 70 words: total 1117 records
2025-05-08 19:55:00,682 prefix: いぷ total 6 words: total 74 records
2025-05-08 19:55:02,008 prefix: いへ total 3 words: total 50 records
2025-05-08 19:55:04,081 prefix: いべ total 15 words: total 47 records
2025-05-08 19:55:05,148 prefix: いぺ total 0 words: total 0 records
2025-05-08 19:55:07,402 prefix: いほ total 13 words: total 439 records
2025-05-08 19:55:09,491 prefix: いぼ total 13 words: total 220 records
2025-05-08 19:55:10,687 prefix: いぽ total 2 words: total 35 records
2025-05-08 19:55:38,334 prefix: いま total 329 words: total 5357 records
2025-05-08 19:55:41,060 prefix: いみ total 20 words: total 483 records
2025-05-08 19:55:44,092 prefix: いむ total 25 words: total 496 records
2025-05-08 19:55:46,671 prefix: いめ total 21 words: total 164 records
2025-05-08 19:55:50,810 prefix: いも total 38 words: total 742 records
2025-05-08 19:55:54,782 prefix: いや total 35 words: total 680 records
2025-05-08 19:55:55,872 prefix: いゆ total 0 words: total 0 records
2025-05-08 19:55:59,809 prefix: いよ total 39 words: total 433 records
2025-05-08 19:56:05,940 prefix: いら total 57 words: total 1091 records
2025-05-08 19:56:17,802 prefix: いり total 131 words: total 2102 records
2025-05-08 19:56:23,867 prefix: いる total 62 words: total 1089 records
2025-05-08 19:56:27,623 prefix: いれ total 37 words: total 306 records
2025-05-08 19:56:33,030 prefix: いろ total 53 words: total 904 records
2025-05-08 19:57:18,984 prefix: いわ total 529 words: total 8927 records
2025-05-08 19:57:48,207 prefix: いっ total 315 words: total 8723 records
2025-05-08 19:57:49,395 group: い written 119632 records to CSV
2025-05-08 19:57:49,606 prefix: うあ total 2 words: total 26 records
2025-05-08 19:57:57,936 prefix: うい total 97 words: total 1060 records
2025-05-08 19:57:59,125 prefix: うう total 2 words: total 23 records
2025-05-08 19:58:37,587 prefix: うえ total 481 words: total 3023 records
2025-05-08 19:58:39,069 prefix: うお total 6 words: total 58 records
2025-05-08 19:58:41,699 prefix: うか total 21 words: total 332 records
2025-05-08 19:58:44,397 prefix: うが total 23 words: total 315 records
2025-05-08 19:58:47,986 prefix: うき total 34 words: total 452 records
2025-05-08 19:58:49,048 prefix: うぎ total 0 words: total 0 records
2025-05-08 19:58:51,172 prefix: うく total 16 words: total 76 records
2025-05-08 19:58:52,692 prefix: うぐ total 6 words: total 81 records
2025-05-08 19:58:54,590 prefix: うけ total 12 words: total 53 records
2025-05-08 19:58:55,730 prefix: うげ total 1 words: total 5 records
2025-05-08 19:58:57,284 prefix: うこ total 6 words: total 111 records
2025-05-08 19:58:59,461 prefix: うご total 16 words: total 175 records
2025-05-08 19:59:06,529 prefix: うさ total 72 words: total 1326 records
2025-05-08 19:59:08,069 prefix: うざ total 5 words: total 129 records
2025-05-08 19:59:15,094 prefix: うし total 78 words: total 1065 records
2025-05-08 19:59:18,716 prefix: うじ total 33 words: total 427 records
2025-05-08 19:59:25,225 prefix: うす total 72 words: total 829 records
2025-05-08 19:59:27,733 prefix: うず total 21 words: total 160 records
2025-05-08 19:59:28,800 prefix: うせ total 0 words: total 0 records
2025-05-08 19:59:30,193 prefix: うぜ total 5 words: total 17 records
2025-05-08 19:59:33,348 prefix: うそ total 28 words: total 277 records
2025-05-08 19:59:34,545 prefix: うぞ total 1 words: total 44 records
2025-05-08 19:59:42,129 prefix: うた total 86 words: total 1114 records
2025-05-08 19:59:44,952 prefix: うだ total 23 words: total 411 records
2025-05-08 20:00:18,612 prefix: うち total 364 words: total 4909 records
2025-05-08 20:00:19,678 prefix: うぢ total 0 words: total 0 records
2025-05-08 20:00:23,253 prefix: うっ total 27 words: total 508 records
2025-05-08 20:00:32,425 prefix: うつ total 95 words: total 843 records
2025-05-08 20:00:33,847 prefix: うづ total 4 words: total 82 records
2025-05-08 20:00:35,905 prefix: うて total 11 words: total 129 records
2025-05-08 20:00:38,298 prefix: うで total 17 words: total 149 records
2025-05-08 20:00:40,278 prefix: うと total 10 words: total 251 records
2025-05-08 20:00:43,307 prefix: うど total 24 words: total 435 records
2025-05-08 20:00:46,588 prefix: うな total 24 words: total 492 records
2025-05-08 20:00:48,767 prefix: うに total 13 words: total 273 records
2025-05-08 20:00:50,001 prefix: うぬ total 2 words: total 11 records
2025-05-08 20:00:51,430 prefix: うね total 5 words: total 31 records
2025-05-08 20:00:56,419 prefix: うの total 46 words: total 675 records
2025-05-08 20:00:57,552 prefix: うは total 1 words: total 4 records
2025-05-08 20:00:59,525 prefix: うば total 11 words: total 142 records
2025-05-08 20:01:00,725 prefix: うぱ total 1 words: total 7 records
2025-05-08 20:01:01,843 prefix: うひ total 0 words: total 0 records
2025-05-08 20:01:02,910 prefix: うび total 0 words: total 0 records
2025-05-08 20:01:03,973 prefix: うぴ total 0 words: total 0 records
2025-05-08 20:01:05,186 prefix: うふ total 2 words: total 19 records
2025-05-08 20:01:06,699 prefix: うぶ total 6 words: total 63 records
2025-05-08 20:01:07,903 prefix: うぷ total 2 words: total 25 records
2025-05-08 20:01:08,959 prefix: うへ total 0 words: total 0 records
2025-05-08 20:01:10,798 prefix: うべ total 10 words: total 86 records
2025-05-08 20:01:11,945 prefix: うぺ total 1 words: total 6 records
2025-05-08 20:01:13,098 prefix: うほ total 1 words: total 11 records
2025-05-08 20:01:14,398 prefix: うぼ total 3 words: total 71 records
2025-05-08 20:01:15,561 prefix: うぽ total 1 words: total 35 records
2025-05-08 20:01:21,861 prefix: うま total 64 words: total 1059 records
2025-05-08 20:01:28,512 prefix: うみ total 69 words: total 1125 records
2025-05-08 20:01:29,759 prefix: うむ total 2 words: total 42 records
2025-05-08 20:01:39,580 prefix: うめ total 118 words: total 828 records
2025-05-08 20:01:41,114 prefix: うも total 6 words: total 106 records
2025-05-08 20:01:42,482 prefix: うや total 4 words: total 45 records
2025-05-08 20:01:43,798 prefix: うゆ total 3 words: total 46 records
2025-05-08 20:01:45,069 prefix: うよ total 2 words: total 12 records
2025-05-08 20:02:00,388 prefix: うら total 177 words: total 2531 records
2025-05-08 20:02:03,618 prefix: うり total 24 words: total 283 records
2025-05-08 20:02:16,673 prefix: うる total 158 words: total 1165 records
2025-05-08 20:02:18,874 prefix: うれ total 16 words: total 91 records
2025-05-08 20:02:20,575 prefix: うろ total 8 words: total 142 records
2025-05-08 20:02:24,996 prefix: うわ total 44 words: total 652 records
2025-05-08 20:02:28,352 prefix: うっ total 27 words: total 508 records
2025-05-08 20:02:29,422 group: う written 29481 records to CSV
2025-05-08 20:02:39,040 prefix: えあ total 125 words: total 1746 records
2025-05-08 20:03:18,797 prefix: えい total 445 words: total 9930 records
2025-05-08 20:03:21,573 prefix: えう total 24 words: total 255 records
2025-05-08 20:03:23,030 prefix: ええ total 5 words: total 88 records
2025-05-08 20:03:24,443 prefix: えお total 5 words: total 47 records
2025-05-08 20:03:26,142 prefix: えか total 8 words: total 73 records
2025-05-08 20:03:29,789 prefix: えが total 35 words: total 330 records
2025-05-08 20:03:35,230 prefix: えき total 58 words: total 583 records
2025-05-08 20:03:36,575 prefix: えぎ total 4 words: total 16 records
2025-05-08 20:03:45,200 prefix: えく total 101 words: total 936 records
2025-05-08 20:03:48,103 prefix: えぐ total 25 words: total 306 records
2025-05-08 20:03:49,163 prefix: えけ total 0 words: total 0 records
2025-05-08 20:03:50,332 prefix: えげ total 1 words: total 47 records
2025-05-08 20:03:54,158 prefix: えこ total 35 words: total 538 records
2025-05-08 20:03:56,503 prefix: えご total 17 words: total 212 records
2025-05-08 20:03:58,669 prefix: えさ total 14 words: total 211 records
2025-05-08 20:04:00,325 prefix: えざ total 7 words: total 40 records
2025-05-08 20:04:02,043 prefix: えし total 7 words: total 94 records
2025-05-08 20:04:05,735 prefix: えじ total 35 words: total 262 records
2025-05-08 20:04:20,388 prefix: えす total 175 words: total 1879 records
2025-05-08 20:04:21,917 prefix: えず total 7 words: total 33 records
2025-05-08 20:04:23,642 prefix: えせ total 9 words: total 69 records
2025-05-08 20:04:24,908 prefix: えぜ total 3 words: total 17 records
2025-05-08 20:04:26,069 prefix: えそ total 1 words: total 13 records
2025-05-08 20:04:28,657 prefix: えぞ total 19 words: total 310 records
2025-05-08 20:04:31,115 prefix: えた total 19 words: total 138 records
2025-05-08 20:04:33,533 prefix: えだ total 17 words: total 219 records
2025-05-08 20:04:38,539 prefix: えち total 53 words: total 479 records
2025-05-08 20:04:39,599 prefix: えぢ total 0 words: total 0 records
2025-05-08 20:04:47,126 prefix: えっ total 81 words: total 1213 records
2025-05-08 20:04:48,908 prefix: えつ total 9 words: total 104 records
2025-05-08 20:04:50,358 prefix: えづ total 5 words: total 51 records
2025-05-08 20:04:52,075 prefix: えて total 10 words: total 42 records
2025-05-08 20:04:57,900 prefix: えで total 63 words: total 817 records
2025-05-08 20:05:01,828 prefix: えと total 33 words: total 579 records
2025-05-08 20:05:18,959 prefix: えど total 215 words: total 2201 records
2025-05-08 20:05:21,634 prefix: えな total 23 words: total 212 records
2025-05-08 20:05:23,795 prefix: えに total 14 words: total 162 records
2025-05-08 20:05:28,280 prefix: えぬ total 44 words: total 494 records
2025-05-08 20:05:30,739 prefix: えね total 20 words: total 90 records
2025-05-08 20:05:37,149 prefix: えの total 71 words: total 632 records
2025-05-08 20:05:38,575 prefix: えは total 5 words: total 56 records
2025-05-08 20:05:43,018 prefix: えば total 43 words: total 620 records
2025-05-08 20:05:44,458 prefix: えぱ total 4 words: total 34 records
2025-05-08 20:05:47,017 prefix: えひ total 21 words: total 137 records
2025-05-08 20:05:53,989 prefix: えび total 78 words: total 667 records
2025-05-08 20:05:57,260 prefix: えぴ total 29 words: total 336 records
2025-05-08 20:06:05,287 prefix: えふ total 91 words: total 549 records
2025-05-08 20:06:07,199 prefix: えぶ total 11 words: total 170 records
2025-05-08 20:06:08,909 prefix: えぷ total 9 words: total 82 records
2025-05-08 20:06:09,972 prefix: えへ total 0 words: total 0 records
2025-05-08 20:06:12,082 prefix: えべ total 15 words: total 91 records
2025-05-08 20:06:13,404 prefix: えぺ total 3 words: total 23 records
2025-05-08 20:06:15,185 prefix: えほ total 8 words: total 200 records
2025-05-08 20:06:17,407 prefix: えぼ total 15 words: total 193 records
2025-05-08 20:06:18,933 prefix: えぽ total 5 words: total 72 records
2025-05-08 20:06:22,825 prefix: えま total 40 words: total 321 records
2025-05-08 20:06:28,268 prefix: えみ total 60 words: total 423 records
2025-05-08 20:06:32,987 prefix: えむ total 48 words: total 602 records
2025-05-08 20:06:35,065 prefix: えめ total 15 words: total 105 records
2025-05-08 20:06:38,331 prefix: えも total 27 words: total 394 records
2025-05-08 20:06:39,499 prefix: えや total 1 words: total 24 records
2025-05-08 20:06:40,646 prefix: えゆ total 1 words: total 35 records
2025-05-08 20:06:41,713 prefix: えよ total 0 words: total 0 records
2025-05-08 20:06:44,942 prefix: えら total 29 words: total 344 records
2025-05-08 20:07:03,903 prefix: えり total 240 words: total 1880 records
2025-05-08 20:07:21,805 prefix: える total 220 words: total 2118 records
2025-05-08 20:07:29,843 prefix: えれ total 96 words: total 577 records
2025-05-08 20:07:32,832 prefix: えろ total 24 words: total 448 records
2025-05-08 20:07:33,892 prefix: えわ total 0 words: total 0 records
2025-05-08 20:07:41,470 prefix: えっ total 81 words: total 1213 records
2025-05-08 20:07:42,542 group: え written 37182 records to CSV
2025-05-08 20:07:43,464 prefix: おあ total 11 words: total 318 records
2025-05-08 20:07:54,496 prefix: おい total 122 words: total 1905 records
2025-05-08 20:08:30,943 prefix: おう total 365 words: total 13604 records
2025-05-08 20:08:32,399 prefix: おえ total 6 words: total 21 records
2025-05-08 20:12:40,385 prefix: おお total 2522 words: total 65727 records
2025-05-08 20:13:31,944 prefix: おか total 606 words: total 9062 records
2025-05-08 20:13:53,834 prefix: おが total 229 words: total 6315 records
2025-05-08 20:14:08,831 prefix: おき total 160 words: total 3127 records
2025-05-08 20:14:13,439 prefix: おぎ total 42 words: total 700 records
2025-05-08 20:14:35,169 prefix: おく total 253 words: total 3158 records
2025-05-08 20:14:44,404 prefix: おぐ total 101 words: total 1403 records
2025-05-08 20:14:46,304 prefix: おけ total 10 words: total 212 records
2025-05-08 20:14:47,739 prefix: おげ total 4 words: total 159 records
2025-05-08 20:14:51,759 prefix: おこ total 33 words: total 1017 records
2025-05-08 20:14:53,938 prefix: おご total 13 words: total 339 records
2025-05-08 20:14:59,876 prefix: おさ total 58 words: total 1055 records
2025-05-08 20:15:13,152 prefix: おざ total 109 words: total 3117 records
2025-05-08 20:15:28,434 prefix: おし total 136 words: total 2405 records
2025-05-08 20:15:36,154 prefix: おじ total 59 words: total 1597 records
2025-05-08 20:15:43,395 prefix: おす total 66 words: total 922 records
2025-05-08 20:15:45,774 prefix: おず total 13 words: total 314 records
2025-05-08 20:15:48,877 prefix: おせ total 19 words: total 447 records
2025-05-08 20:15:51,352 prefix: おぜ total 15 words: total 145 records
2025-05-08 20:15:54,912 prefix: おそ total 23 words: total 507 records
2025-05-08 20:15:56,855 prefix: おぞ total 8 words: total 346 records
2025-05-08 20:16:05,934 prefix: おた total 81 words: total 1445 records
2025-05-08 20:16:20,064 prefix: おだ total 152 words: total 2992 records
2025-05-08 20:16:26,151 prefix: おち total 66 words: total 815 records
2025-05-08 20:16:27,741 prefix: おぢ total 5 words: total 228 records
2025-05-08 20:16:36,065 prefix: おっ total 78 words: total 2317 records
2025-05-08 20:16:38,347 prefix: おつ total 16 words: total 149 records
2025-05-08 20:16:39,772 prefix: おづ total 4 words: total 56 records
2025-05-08 20:16:42,463 prefix: おて total 21 words: total 295 records
2025-05-08 20:16:45,478 prefix: おで total 24 words: total 451 records
2025-05-08 20:17:04,966 prefix: おと total 213 words: total 3538 records
2025-05-08 20:17:08,436 prefix: おど total 29 words: total 521 records
2025-05-08 20:17:14,965 prefix: おな total 55 words: total 1665 records
2025-05-08 20:17:24,071 prefix: おに total 91 words: total 2085 records
2025-05-08 20:17:25,573 prefix: おぬ total 5 words: total 68 records
2025-05-08 20:17:28,087 prefix: おね total 18 words: total 305 records
2025-05-08 20:17:45,810 prefix: おの total 190 words: total 4565 records
2025-05-08 20:17:52,739 prefix: おは total 70 words: total 1012 records
2025-05-08 20:18:00,117 prefix: おば total 70 words: total 1782 records
2025-05-08 20:18:01,372 prefix: おぱ total 2 words: total 64 records
2025-05-08 20:18:03,837 prefix: おひ total 17 words: total 172 records
2025-05-08 20:18:07,347 prefix: おび total 30 words: total 583 records
2025-05-08 20:18:08,639 prefix: おぴ total 3 words: total 36 records
2025-05-08 20:18:16,439 prefix: おふ total 77 words: total 1335 records
2025-05-08 20:18:19,945 prefix: おぶ total 28 words: total 529 records
2025-05-08 20:18:22,284 prefix: おぷ total 16 words: total 301 records
2025-05-08 20:18:23,403 prefix: おへ total 1 words: total 0 records
2025-05-08 20:18:25,391 prefix: おべ total 11 words: total 188 records
2025-05-08 20:18:27,741 prefix: おぺ total 18 words: total 149 records
2025-05-08 20:18:29,553 prefix: おほ total 9 words: total 178 records
2025-05-08 20:18:32,145 prefix: おぼ total 18 words: total 424 records
2025-05-08 20:18:33,645 prefix: おぽ total 4 words: total 118 records
2025-05-08 20:18:39,872 prefix: おま total 66 words: total 807 records
2025-05-08 20:18:43,602 prefix: おみ total 30 words: total 714 records
2025-05-08 20:18:46,702 prefix: おむ total 26 words: total 327 records
2025-05-08 20:18:49,564 prefix: おめ total 23 words: total 230 records
2025-05-08 20:18:58,779 prefix: おも total 100 words: total 1480 records
2025-05-08 20:19:08,972 prefix: おや total 107 words: total 2439 records
2025-05-08 20:19:10,475 prefix: おゆ total 5 words: total 103 records
2025-05-08 20:19:12,208 prefix: およ total 7 words: total 114 records
2025-05-08 20:19:19,640 prefix: おら total 67 words: total 1527 records
2025-05-08 20:19:37,262 prefix: おり total 202 words: total 2929 records
2025-05-08 20:19:43,396 prefix: おる total 67 words: total 982 records
2025-05-08 20:19:56,690 prefix: おれ total 168 words: total 1365 records
2025-05-08 20:20:00,082 prefix: おろ total 27 words: total 567 records
2025-05-08 20:20:05,370 prefix: おわ total 48 words: total 921 records
2025-05-08 20:20:13,808 prefix: おっ total 78 words: total 2317 records
2025-05-08 20:20:15,021 group: お written 163110 records to CSV
2025-05-08 20:20:15,501 prefix: かあ total 4 words: total 190 records
2025-05-08 20:21:16,305 prefix: かい total 654 words: total 17087 records
2025-05-08 20:21:20,915 prefix: かう total 39 words: total 1239 records
2025-05-08 20:21:26,869 prefix: かえ total 66 words: total 787 records
2025-05-08 20:21:32,350 prefix: かお total 56 words: total 867 records
2025-05-08 20:21:36,663 prefix: かか total 35 words: total 1354 records
2025-05-08 20:21:53,603 prefix: かが total 180 words: total 5996 records
2025-05-08 20:22:02,689 prefix: かき total 90 words: total 2583 records
2025-05-08 20:22:05,482 prefix: かぎ total 17 words: total 666 records
2025-05-08 20:22:28,539 prefix: かく total 235 words: total 7006 records
2025-05-08 20:22:31,978 prefix: かぐ total 26 words: total 878 records
2025-05-08 20:22:36,793 prefix: かけ total 48 words: total 612 records
2025-05-08 20:22:42,532 prefix: かげ total 63 words: total 621 records
2025-05-08 20:22:48,645 prefix: かこ total 58 words: total 1282 records
2025-05-08 20:22:51,820 prefix: かご total 26 words: total 371 records
2025-05-08 20:23:03,200 prefix: かさ total 110 words: total 3735 records
2025-05-08 20:23:11,620 prefix: かざ total 73 words: total 3418 records
2025-05-08 20:23:26,742 prefix: かし total 155 words: total 4609 records
2025-05-08 20:23:39,006 prefix: かじ total 120 words: total 3806 records
2025-05-08 20:23:52,619 prefix: かす total 140 words: total 3957 records
2025-05-08 20:23:58,112 prefix: かず total 51 words: total 1367 records
2025-05-08 20:24:05,086 prefix: かせ total 70 words: total 1114 records
2025-05-08 20:24:11,767 prefix: かぜ total 73 words: total 712 records
2025-05-08 20:24:15,462 prefix: かそ total 30 words: total 701 records
2025-05-08 20:24:18,300 prefix: かぞ total 23 words: total 320 records
2025-05-08 20:24:41,432 prefix: かた total 254 words: total 6530 records
2025-05-08 20:24:42,905 prefix: かだ total 5 words: total 141 records
2025-05-08 20:24:47,910 prefix: かち total 46 words: total 1251 records
2025-05-08 20:24:49,258 prefix: かぢ total 3 words: total 132 records
2025-05-08 20:25:02,313 prefix: かっ total 127 words: total 4030 records
2025-05-08 20:25:24,937 prefix: かつ total 234 words: total 6567 records
2025-05-08 20:25:26,221 prefix: かづ total 3 words: total 44 records
2025-05-08 20:25:31,724 prefix: かて total 55 words: total 945 records
2025-05-08 20:25:34,044 prefix: かで total 16 words: total 215 records
2025-05-08 20:26:06,847 prefix: かと total 343 words: total 10421 records
2025-05-08 20:26:12,193 prefix: かど total 52 words: total 802 records
2025-05-08 20:26:33,469 prefix: かな total 222 words: total 6532 records
2025-05-08 20:26:38,116 prefix: かに total 38 words: total 1379 records
2025-05-08 20:26:39,485 prefix: かぬ total 4 words: total 66 records
2025-05-08 20:27:24,343 prefix: かね total 180 words: total 1615 records
2025-05-08 20:27:34,425 prefix: かの total 99 words: total 2972 records
2025-05-08 20:27:36,422 prefix: かは total 11 words: total 325 records
2025-05-08 20:27:40,877 prefix: かば total 34 words: total 1399 records
2025-05-08 20:27:42,044 prefix: かぱ total 1 words: total 36 records
2025-05-08 20:27:43,306 prefix: かひ total 2 words: total 84 records
2025-05-08 20:27:45,411 prefix: かび total 11 words: total 416 records
2025-05-08 20:27:47,098 prefix: かぴ total 6 words: total 342 records
2025-05-08 20:27:50,378 prefix: かふ total 27 words: total 478 records
2025-05-08 20:27:57,327 prefix: かぶ total 71 words: total 1695 records
2025-05-08 20:28:00,574 prefix: かぷ total 22 words: total 437 records
2025-05-08 20:28:02,667 prefix: かへ total 13 words: total 227 records
2025-05-08 20:28:04,563 prefix: かべ total 12 words: total 97 records
2025-05-08 20:28:05,956 prefix: かぺ total 4 words: total 103 records
2025-05-08 20:28:08,815 prefix: かほ total 21 words: total 466 records
2025-05-08 20:28:10,626 prefix: かぼ total 9 words: total 134 records
2025-05-08 20:28:12,139 prefix: かぽ total 5 words: total 143 records
2025-05-08 20:28:23,714 prefix: かま total 114 words: total 4245 records
2025-05-08 20:29:01,778 prefix: かみ total 443 words: total 10271 records
2025-05-08 20:29:06,164 prefix: かむ total 38 words: total 1333 records
2025-05-08 20:29:24,119 prefix: かめ total 216 words: total 2407 records
2025-05-08 20:29:31,238 prefix: かも total 75 words: total 1439 records
2025-05-08 20:29:36,386 prefix: かや total 42 words: total 1701 records
2025-05-08 20:29:37,637 prefix: かゆ total 2 words: total 83 records
2025-05-08 20:29:40,073 prefix: かよ total 19 words: total 315 records
2025-05-08 20:30:03,290 prefix: から total 237 words: total 6516 records
2025-05-08 20:30:18,800 prefix: かり total 136 words: total 3890 records
2025-05-08 20:30:37,997 prefix: かる total 185 words: total 3811 records
2025-05-08 20:30:48,683 prefix: かれ total 103 words: total 1603 records
2025-05-08 20:30:53,747 prefix: かろ total 46 words: total 687 records
2025-05-08 20:32:18,914 prefix: かわ total 916 words: total 23092 records
2025-05-08 20:32:31,613 prefix: かっ total 127 words: total 4030 records
2025-05-08 20:32:32,845 group: か written 180725 records to CSV
2025-05-08 20:32:32,910 prefix: があ total 0 words: total 0 records
2025-05-08 20:32:46,907 prefix: がい total 142 words: total 4252 records
2025-05-08 20:32:48,685 prefix: がう total 9 words: total 185 records
2025-05-08 20:32:50,354 prefix: がえ total 9 words: total 40 records
2025-05-08 20:32:51,675 prefix: がお total 3 words: total 85 records
2025-05-08 20:32:52,928 prefix: がか total 2 words: total 102 records
2025-05-08 20:32:54,550 prefix: がが total 7 words: total 159 records
2025-05-08 20:32:56,378 prefix: がき total 8 words: total 329 records
2025-05-08 20:32:57,447 prefix: がぎ total 0 words: total 0 records
2025-05-08 20:33:08,174 prefix: がく total 118 words: total 2007 records
2025-05-08 20:33:09,243 prefix: がぐ total 0 words: total 0 records
2025-05-08 20:33:10,702 prefix: がけ total 6 words: total 29 records
2025-05-08 20:33:11,771 prefix: がげ total 0 words: total 0 records
2025-05-08 20:33:13,103 prefix: がこ total 2 words: total 103 records
2025-05-08 20:33:14,241 prefix: がご total 1 words: total 10 records
2025-05-08 20:33:15,308 prefix: がさ total 0 words: total 0 records
2025-05-08 20:33:17,150 prefix: がざ total 9 words: total 249 records
2025-05-08 20:33:18,616 prefix: がし total 4 words: total 182 records
2025-05-08 20:33:20,064 prefix: がじ total 4 words: total 150 records
2025-05-08 20:33:24,809 prefix: がす total 39 words: total 1418 records
2025-05-08 20:33:26,137 prefix: がず total 3 words: total 78 records
2025-05-08 20:33:27,200 prefix: がせ total 0 words: total 0 records
2025-05-08 20:33:28,447 prefix: がぜ total 2 words: total 41 records
2025-05-08 20:33:30,785 prefix: がそ total 15 words: total 325 records
2025-05-08 20:33:32,448 prefix: がぞ total 7 words: total 204 records
2025-05-08 20:33:33,927 prefix: がた total 4 words: total 190 records
2025-05-08 20:33:35,118 prefix: がだ total 2 words: total 15 records
2025-05-08 20:33:38,329 prefix: がち total 23 words: total 875 records
2025-05-08 20:33:39,387 prefix: がぢ total 0 words: total 0 records
2025-05-08 20:34:21,647 prefix: がっ total 115 words: total 3963 records
2025-05-08 20:34:22,776 prefix: がつ total 1 words: total 0 records
2025-05-08 20:34:23,845 prefix: がづ total 0 words: total 0 records
2025-05-08 20:34:24,907 prefix: がて total 0 words: total 0 records
2025-05-08 20:34:26,052 prefix: がで total 1 words: total 12 records
2025-05-08 20:34:27,752 prefix: がと total 8 words: total 173 records
2025-05-08 20:34:28,883 prefix: がど total 1 words: total 4 records
2025-05-08 20:34:30,470 prefix: がな total 4 words: total 259 records
2025-05-08 20:34:31,758 prefix: がに total 3 words: total 32 records
2025-05-08 20:34:32,823 prefix: がぬ total 0 words: total 0 records
2025-05-08 20:34:34,070 prefix: がね total 2 words: total 6 records
2025-05-08 20:34:35,305 prefix: がの total 2 words: total 52 records
2025-05-08 20:34:36,376 prefix: がは total 0 words: total 0 records
2025-05-08 20:34:38,002 prefix: がば total 5 words: total 297 records
2025-05-08 20:34:39,066 prefix: がぱ total 0 words: total 0 records
2025-05-08 20:34:40,131 prefix: がひ total 0 words: total 0 records
2025-05-08 20:34:41,272 prefix: がび total 1 words: total 5 records
2025-05-08 20:34:42,343 prefix: がぴ total 0 words: total 0 records
2025-05-08 20:34:43,486 prefix: がふ total 1 words: total 19 records
2025-05-08 20:34:46,202 prefix: がぶ total 23 words: total 198 records
2025-05-08 20:34:47,265 prefix: がぷ total 0 words: total 0 records
2025-05-08 20:34:48,335 prefix: がへ total 0 words: total 0 records
2025-05-08 20:34:49,598 prefix: がべ total 2 words: total 57 records
2025-05-08 20:34:50,656 prefix: がぺ total 0 words: total 0 records
2025-05-08 20:34:51,729 prefix: がほ total 0 words: total 0 records
2025-05-08 20:34:53,041 prefix: がぼ total 3 words: total 58 records
2025-05-08 20:34:54,107 prefix: がぽ total 0 words: total 0 records
2025-05-08 20:34:55,896 prefix: がま total 9 words: total 139 records
2025-05-08 20:34:57,125 prefix: がみ total 2 words: total 56 records
2025-05-08 20:34:58,748 prefix: がむ total 7 words: total 149 records
2025-05-08 20:35:00,151 prefix: がめ total 4 words: total 44 records
2025-05-08 20:35:02,278 prefix: がも total 11 words: total 320 records
2025-05-08 20:35:03,337 prefix: がや total 0 words: total 0 records
2025-05-08 20:35:04,402 prefix: がゆ total 0 words: total 0 records
2025-05-08 20:35:05,555 prefix: がよ total 1 words: total 39 records
2025-05-08 20:35:12,430 prefix: がら total 68 words: total 1740 records
2025-05-08 20:35:16,929 prefix: がり total 38 words: total 1230 records
2025-05-08 20:35:19,689 prefix: がる total 18 words: total 646 records
2025-05-08 20:35:21,790 prefix: がれ total 14 words: total 129 records
2025-05-08 20:35:23,418 prefix: がろ total 6 words: total 237 records
2025-05-08 20:35:24,636 prefix: がわ total 2 words: total 20 records
2025-05-08 20:36:07,281 prefix: がっ total 115 words: total 3963 records
2025-05-08 20:36:08,352 group: が written 24875 records to CSV
2025-05-08 20:36:10,085 prefix: きあ total 21 words: total 333 records
2025-05-08 20:36:13,906 prefix: きい total 30 words: total 787 records
2025-05-08 20:36:16,184 prefix: きう total 17 words: total 132 records
2025-05-08 20:36:18,511 prefix: きえ total 17 words: total 137 records
2025-05-08 20:36:21,298 prefix: きお total 21 words: total 446 records
2025-05-08 20:36:28,881 prefix: きか total 75 words: total 1748 records
2025-05-08 20:36:30,993 prefix: きが total 12 words: total 280 records
2025-05-08 20:36:34,620 prefix: きき total 28 words: total 515 records
2025-05-08 20:36:38,110 prefix: きぎ total 29 words: total 680 records
2025-05-08 20:36:49,196 prefix: きく total 126 words: total 1657 records
2025-05-08 20:36:50,642 prefix: きぐ total 5 words: total 42 records
2025-05-08 20:36:53,795 prefix: きけ total 26 words: total 309 records
2025-05-08 20:36:56,935 prefix: きげ total 30 words: total 83 records
2025-05-08 20:37:01,285 prefix: きこ total 34 words: total 1129 records
2025-05-08 20:37:02,785 prefix: きご total 4 words: total 114 records
2025-05-08 20:37:06,606 prefix: きさ total 33 words: total 653 records
2025-05-08 20:37:09,054 prefix: きざ total 18 words: total 219 records
2025-05-08 20:37:29,367 prefix: きし total 226 words: total 4243 records
2025-05-08 20:37:33,580 prefix: きじ total 37 words: total 789 records
2025-05-08 20:37:37,307 prefix: きす total 35 words: total 432 records
2025-05-08 20:37:39,948 prefix: きず total 21 words: total 269 records
2025-05-08 20:37:45,635 prefix: きせ total 61 words: total 558 records
2025-05-08 20:37:46,770 prefix: きぜ total 1 words: total 4 records
2025-05-08 20:37:51,048 prefix: きそ total 36 words: total 954 records
2025-05-08 20:37:52,413 prefix: きぞ total 4 words: total 26 records
2025-05-08 20:38:46,075 prefix: きた total 658 words: total 9543 records
2025-05-08 20:38:48,715 prefix: きだ total 18 words: total 505 records
2025-05-08 20:38:51,770 prefix: きち total 24 words: total 477 records
2025-05-08 20:38:52,840 prefix: きぢ total 0 words: total 0 records
2025-05-08 20:39:04,431 prefix: きっ total 115 words: total 3280 records
2025-05-08 20:39:08,276 prefix: きつ total 35 words: total 554 records
2025-05-08 20:39:10,441 prefix: きづ total 14 words: total 175 records
2025-05-08 20:39:12,359 prefix: きて total 11 words: total 122 records
2025-05-08 20:39:13,795 prefix: きで total 4 words: total 150 records
2025-05-08 20:39:16,349 prefix: きと total 16 words: total 588 records
2025-05-08 20:39:21,127 prefix: きど total 42 words: total 1175 records
2025-05-08 20:39:24,103 prefix: きな total 23 words: total 562 records
2025-05-08 20:39:25,773 prefix: きに total 8 words: total 70 records
2025-05-08 20:39:29,084 prefix: きぬ total 28 words: total 358 records
2025-05-08 20:39:32,461 prefix: きね total 30 words: total 401 records
2025-05-08 20:39:44,659 prefix: きの total 146 words: total 1828 records
2025-05-08 20:39:47,694 prefix: きは total 24 words: total 586 records
2025-05-08 20:39:50,353 prefix: きば total 17 words: total 364 records
2025-05-08 20:39:51,440 prefix: きぱ total 0 words: total 0 records
2025-05-08 20:39:52,835 prefix: きひ total 2 words: total 45 records
2025-05-08 20:39:54,919 prefix: きび total 11 words: total 163 records
2025-05-08 20:39:56,048 prefix: きぴ total 1 words: total 0 records
2025-05-08 20:39:57,561 prefix: きふ total 6 words: total 38 records
2025-05-08 20:40:00,063 prefix: きぶ total 16 words: total 504 records
2025-05-08 20:40:01,554 prefix: きぷ total 6 words: total 38 records
2025-05-08 20:40:02,840 prefix: きへ total 2 words: total 82 records
2025-05-08 20:40:04,327 prefix: きべ total 5 words: total 33 records
2025-05-08 20:40:05,401 prefix: きぺ total 0 words: total 0 records
2025-05-08 20:40:07,580 prefix: きほ total 13 words: total 439 records
2025-05-08 20:40:10,390 prefix: きぼ total 22 words: total 526 records
2025-05-08 20:40:11,446 prefix: きぽ total 0 words: total 0 records
2025-05-08 20:40:14,445 prefix: きま total 21 words: total 334 records
2025-05-08 20:40:27,478 prefix: きみ total 157 words: total 1573 records
2025-05-08 20:40:55,023 prefix: きむ total 294 words: total 8010 records
2025-05-08 20:40:56,844 prefix: きめ total 11 words: total 75 records
2025-05-08 20:41:00,724 prefix: きも total 35 words: total 466 records
2025-05-08 20:41:03,144 prefix: きや total 15 words: total 430 records
2025-05-08 20:41:04,528 prefix: きゆ total 3 words: total 95 records
2025-05-08 20:41:12,796 prefix: きよ total 89 words: total 1203 records
2025-05-08 20:41:22,607 prefix: きら total 91 words: total 1727 records
2025-05-08 20:41:37,932 prefix: きり total 172 words: total 2163 records
2025-05-08 20:41:41,174 prefix: きる total 27 words: total 431 records
2025-05-08 20:41:43,823 prefix: きれ total 21 words: total 219 records
2025-05-08 20:41:45,780 prefix: きろ total 10 words: total 239 records
2025-05-08 20:41:47,710 prefix: きわ total 10 words: total 271 records
2025-05-08 20:41:59,553 prefix: きっ total 115 words: total 3280 records
2025-05-08 20:42:00,650 group: き written 59661 records to CSV
2025-05-08 20:42:01,460 prefix: ぎあ total 8 words: total 279 records
2025-05-08 20:42:04,492 prefix: ぎい total 16 words: total 610 records
2025-05-08 20:42:05,558 prefix: ぎう total 0 words: total 0 records
2025-05-08 20:42:06,814 prefix: ぎえ total 2 words: total 50 records
2025-05-08 20:42:09,064 prefix: ぎお total 9 words: total 400 records
2025-05-08 20:42:10,308 prefix: ぎか total 2 words: total 51 records
2025-05-08 20:42:12,840 prefix: ぎが total 17 words: total 329 records
2025-05-08 20:42:14,061 prefix: ぎき total 1 words: total 83 records
2025-05-08 20:42:15,217 prefix: ぎぎ total 1 words: total 21 records
2025-05-08 20:42:16,274 prefix: ぎく total 0 words: total 0 records
2025-05-08 20:42:17,422 prefix: ぎぐ total 1 words: total 32 records
2025-05-08 20:42:18,642 prefix: ぎけ total 2 words: total 16 records
2025-05-08 20:42:19,709 prefix: ぎげ total 0 words: total 0 records
2025-05-08 20:42:20,874 prefix: ぎこ total 1 words: total 21 records
2025-05-08 20:42:22,024 prefix: ぎご total 1 words: total 21 records
2025-05-08 20:42:23,094 prefix: ぎさ total 0 words: total 0 records
2025-05-08 20:42:24,241 prefix: ぎざ total 1 words: total 3 records
2025-05-08 20:42:25,808 prefix: ぎし total 6 words: total 123 records
2025-05-08 20:42:28,185 prefix: ぎじ total 17 words: total 331 records
2025-05-08 20:42:29,245 prefix: ぎす total 0 words: total 0 records
2025-05-08 20:42:30,417 prefix: ぎず total 1 words: total 69 records
2025-05-08 20:42:31,714 prefix: ぎせ total 3 words: total 39 records
2025-05-08 20:42:32,847 prefix: ぎぜ total 1 words: total 15 records
2025-05-08 20:42:34,480 prefix: ぎそ total 7 words: total 168 records
2025-05-08 20:42:35,791 prefix: ぎぞ total 3 words: total 101 records
2025-05-08 20:42:37,964 prefix: ぎた total 11 words: total 259 records
2025-05-08 20:42:39,164 prefix: ぎだ total 2 words: total 23 records
2025-05-08 20:42:40,228 prefix: ぎち total 0 words: total 0 records
2025-05-08 20:42:41,297 prefix: ぎぢ total 0 words: total 0 records
2025-05-08 20:42:42,569 prefix: ぎっ total 2 words: total 69 records
2025-05-08 20:42:43,702 prefix: ぎつ total 1 words: total 10 records
2025-05-08 20:42:44,780 prefix: ぎづ total 0 words: total 0 records
2025-05-08 20:42:45,954 prefix: ぎて total 1 words: total 64 records
2025-05-08 20:42:47,014 prefix: ぎで total 0 words: total 0 records
2025-05-08 20:42:48,147 prefix: ぎと total 1 words: total 9 records
2025-05-08 20:42:49,268 prefix: ぎど total 1 words: total 0 records
2025-05-08 20:42:50,615 prefix: ぎな total 3 words: total 116 records
2025-05-08 20:42:51,893 prefix: ぎに total 3 words: total 53 records
2025-05-08 20:42:52,962 prefix: ぎぬ total 0 words: total 0 records
2025-05-08 20:42:54,040 prefix: ぎね total 0 words: total 0 records
2025-05-08 20:42:55,477 prefix: ぎの total 5 words: total 114 records
2025-05-08 20:42:56,558 prefix: ぎは total 0 words: total 0 records
2025-05-08 20:42:57,702 prefix: ぎば total 1 words: total 23 records
2025-05-08 20:42:58,758 prefix: ぎぱ total 0 words: total 0 records
2025-05-08 20:42:59,918 prefix: ぎひ total 1 words: total 36 records
2025-05-08 20:43:01,258 prefix: ぎび total 3 words: total 58 records
2025-05-08 20:43:02,323 prefix: ぎぴ total 0 words: total 0 records
2025-05-08 20:43:07,496 prefix: ぎふ total 51 words: total 928 records
2025-05-08 20:43:09,360 prefix: ぎぶ total 10 words: total 153 records
2025-05-08 20:43:10,449 prefix: ぎぷ total 0 words: total 0 records
2025-05-08 20:43:11,513 prefix: ぎへ total 0 words: total 0 records
2025-05-08 20:43:12,649 prefix: ぎべ total 1 words: total 2 records
2025-05-08 20:43:13,711 prefix: ぎぺ total 0 words: total 0 records
2025-05-08 20:43:14,770 prefix: ぎほ total 0 words: total 0 records
2025-05-08 20:43:16,085 prefix: ぎぼ total 2 words: total 107 records
2025-05-08 20:43:17,237 prefix: ぎぽ total 1 words: total 31 records
2025-05-08 20:43:18,448 prefix: ぎま total 2 words: total 33 records
2025-05-08 20:43:19,795 prefix: ぎみ total 3 words: total 44 records
2025-05-08 20:43:21,567 prefix: ぎむ total 9 words: total 162 records
2025-05-08 20:43:22,705 prefix: ぎめ total 1 words: total 6 records
2025-05-08 20:43:24,068 prefix: ぎも total 3 words: total 128 records
2025-05-08 20:43:25,345 prefix: ぎや total 3 words: total 19 records
2025-05-08 20:43:26,542 prefix: ぎゆ total 2 words: total 16 records
2025-05-08 20:43:27,951 prefix: ぎよ total 5 words: total 11 records
2025-05-08 20:43:29,685 prefix: ぎら total 8 words: total 140 records
2025-05-08 20:43:33,128 prefix: ぎり total 31 words: total 360 records
2025-05-08 20:43:36,508 prefix: ぎる total 28 words: total 413 records
2025-05-08 20:43:37,787 prefix: ぎれ total 3 words: total 29 records
2025-05-08 20:43:39,124 prefix: ぎろ total 3 words: total 92 records
2025-05-08 20:43:40,485 prefix: ぎわ total 4 words: total 33 records
2025-05-08 20:43:41,765 prefix: ぎっ total 2 words: total 69 records
2025-05-08 20:43:42,797 group: ぎ written 6372 records to CSV
2025-05-08 20:43:44,496 prefix: くあ total 21 words: total 348 records
2025-05-08 20:43:51,893 prefix: くい total 78 words: total 946 records
2025-05-08 20:44:02,566 prefix: くう total 105 words: total 2499 records
2025-05-08 20:44:04,684 prefix: くえ total 13 words: total 197 records
2025-05-08 20:44:06,798 prefix: くお total 13 words: total 242 records
2025-05-08 20:44:08,310 prefix: くか total 5 words: total 123 records
2025-05-08 20:44:10,287 prefix: くが total 10 words: total 243 records
2025-05-08 20:44:12,584 prefix: くき total 14 words: total 382 records
2025-05-08 20:44:14,167 prefix: くぎ total 6 words: total 154 records
2025-05-08 20:44:15,699 prefix: くく total 7 words: total 55 records
2025-05-08 20:44:16,772 prefix: くぐ total 0 words: total 0 records
2025-05-08 20:44:17,925 prefix: くけ total 1 words: total 17 records
2025-05-08 20:44:19,164 prefix: くげ total 2 words: total 12 records
2025-05-08 20:44:20,239 prefix: くこ total 0 words: total 0 records
2025-05-08 20:44:21,322 prefix: くご total 0 words: total 0 records
2025-05-08 20:44:34,207 prefix: くさ total 146 words: total 1988 records
2025-05-08 20:44:35,458 prefix: くざ total 2 words: total 78 records
2025-05-08 20:44:41,306 prefix: くし total 59 words: total 976 records
2025-05-08 20:44:46,292 prefix: くじ total 47 words: total 881 records
2025-05-08 20:44:51,422 prefix: くす total 55 words: total 339 records
2025-05-08 20:44:54,401 prefix: くず total 26 words: total 223 records
2025-05-08 20:44:55,951 prefix: くせ total 6 words: total 87 records
2025-05-08 20:44:57,312 prefix: くぜ total 4 words: total 33 records
2025-05-08 20:45:02,929 prefix: くそ total 49 words: total 806 records
2025-05-08 20:45:04,037 prefix: くぞ total 0 words: total 0 records
2025-05-08 20:45:05,411 prefix: くた total 3 words: total 113 records
2025-05-08 20:45:09,189 prefix: くだ total 30 words: total 594 records
2025-05-08 20:45:15,174 prefix: くち total 48 words: total 576 records
2025-05-08 20:45:16,333 prefix: くぢ total 1 words: total 28 records
2025-05-08 20:45:22,268 prefix: くっ total 45 words: total 1009 records
2025-05-08 20:45:25,218 prefix: くつ total 22 words: total 302 records
2025-05-08 20:45:26,283 prefix: くづ total 0 words: total 0 records
2025-05-08 20:45:27,341 prefix: くて total 0 words: total 0 records
2025-05-08 20:45:28,532 prefix: くで total 1 words: total 15 records
2025-05-08 20:45:30,002 prefix: くと total 4 words: total 114 records
2025-05-08 20:45:37,595 prefix: くど total 72 words: total 1453 records
2025-05-08 20:45:39,732 prefix: くな total 11 words: total 362 records
2025-05-08 20:45:50,711 prefix: くに total 116 words: total 1230 records
2025-05-08 20:45:51,961 prefix: くぬ total 2 words: total 10 records
2025-05-08 20:45:53,320 prefix: くね total 3 words: total 36 records
2025-05-08 20:45:56,739 prefix: くの total 26 words: total 570 records
2025-05-08 20:45:57,938 prefix: くは total 2 words: total 18 records
2025-05-08 20:45:59,171 prefix: くば total 2 words: total 40 records
2025-05-08 20:46:00,355 prefix: くぱ total 1 words: total 21 records
2025-05-08 20:46:01,490 prefix: くひ total 1 words: total 13 records
2025-05-08 20:46:04,549 prefix: くび total 27 words: total 213 records
2025-05-08 20:46:05,900 prefix: くぴ total 4 words: total 67 records
2025-05-08 20:46:07,158 prefix: くふ total 3 words: total 28 records
2025-05-08 20:46:08,693 prefix: くぶ total 6 words: total 73 records
2025-05-08 20:46:09,847 prefix: くぷ total 1 words: total 7 records
2025-05-08 20:46:10,911 prefix: くへ total 0 words: total 0 records
2025-05-08 20:46:12,158 prefix: くべ total 2 words: total 12 records
2025-05-08 20:46:13,219 prefix: くぺ total 0 words: total 0 records
2025-05-08 20:46:15,139 prefix: くほ total 11 words: total 190 records
2025-05-08 20:46:26,968 prefix: くぼ total 139 words: total 1900 records
2025-05-08 20:46:28,041 prefix: くぽ total 0 words: total 0 records
2025-05-08 20:46:42,284 prefix: くま total 171 words: total 1676 records
2025-05-08 20:46:44,860 prefix: くみ total 18 words: total 324 records
2025-05-08 20:46:46,369 prefix: くむ total 6 words: total 95 records
2025-05-08 20:46:49,208 prefix: くめ total 23 words: total 254 records
2025-05-08 20:46:52,384 prefix: くも total 26 words: total 299 records
2025-05-08 20:46:53,854 prefix: くや total 5 words: total 114 records
2025-05-08 20:46:55,017 prefix: くゆ total 1 words: total 6 records
2025-05-08 20:46:56,148 prefix: くよ total 1 words: total 1 records
2025-05-08 20:47:29,483 prefix: くら total 393 words: total 4492 records
2025-05-08 20:48:10,346 prefix: くり total 508 words: total 5725 records
2025-05-08 20:48:22,604 prefix: くる total 138 words: total 1533 records
2025-05-08 20:48:36,265 prefix: くれ total 170 words: total 1379 records
2025-05-08 20:49:11,550 prefix: くろ total 428 words: total 4606 records
2025-05-08 20:49:19,651 prefix: くわ total 79 words: total 962 records
2025-05-08 20:49:24,891 prefix: くっ total 45 words: total 1009 records
2025-05-08 20:49:25,963 group: く written 42098 records to CSV
2025-05-08 20:49:27,487 prefix: ぐあ total 19 words: total 270 records
2025-05-08 20:49:28,899 prefix: ぐい total 5 words: total 57 records
2025-05-08 20:49:30,771 prefix: ぐう total 10 words: total 203 records
2025-05-08 20:49:33,319 prefix: ぐえ total 20 words: total 335 records
2025-05-08 20:49:34,497 prefix: ぐお total 1 words: total 6 records
2025-05-08 20:49:35,658 prefix: ぐか total 1 words: total 30 records
2025-05-08 20:49:36,730 prefix: ぐが total 0 words: total 0 records
2025-05-08 20:49:37,904 prefix: ぐき total 1 words: total 20 records
2025-05-08 20:49:38,972 prefix: ぐぎ total 0 words: total 0 records
2025-05-08 20:49:40,048 prefix: ぐく total 0 words: total 0 records
2025-05-08 20:49:41,347 prefix: ぐぐ total 3 words: total 50 records
2025-05-08 20:49:42,416 prefix: ぐけ total 0 words: total 0 records
2025-05-08 20:49:43,486 prefix: ぐげ total 0 words: total 0 records
2025-05-08 20:49:44,604 prefix: ぐこ total 1 words: total 4 records
2025-05-08 20:49:45,706 prefix: ぐご total 0 words: total 0 records
2025-05-08 20:49:46,791 prefix: ぐさ total 0 words: total 0 records
2025-05-08 20:49:47,924 prefix: ぐざ total 1 words: total 2 records
2025-05-08 20:49:49,829 prefix: ぐし total 10 words: total 181 records
2025-05-08 20:49:51,494 prefix: ぐじ total 7 words: total 82 records
2025-05-08 20:49:54,091 prefix: ぐす total 21 words: total 128 records
2025-05-08 20:49:55,309 prefix: ぐず total 2 words: total 18 records
2025-05-08 20:49:56,388 prefix: ぐせ total 0 words: total 0 records
2025-05-08 20:49:57,451 prefix: ぐぜ total 0 words: total 0 records
2025-05-08 20:49:58,618 prefix: ぐそ total 1 words: total 33 records
2025-05-08 20:49:59,687 prefix: ぐぞ total 0 words: total 0 records
2025-05-08 20:50:01,061 prefix: ぐた total 3 words: total 49 records
2025-05-08 20:50:02,255 prefix: ぐだ total 1 words: total 24 records
2025-05-08 20:50:03,521 prefix: ぐち total 1 words: total 66 records
2025-05-08 20:50:04,604 prefix: ぐぢ total 0 words: total 0 records
2025-05-08 20:50:10,084 prefix: ぐっ total 54 words: total 824 records
2025-05-08 20:50:11,157 prefix: ぐつ total 0 words: total 0 records
2025-05-08 20:50:12,233 prefix: ぐづ total 0 words: total 0 records
2025-05-08 20:50:13,359 prefix: ぐて total 0 words: total 0 records
2025-05-08 20:50:14,431 prefix: ぐで total 0 words: total 0 records
2025-05-08 20:50:15,577 prefix: ぐと total 1 words: total 21 records
2025-05-08 20:50:16,716 prefix: ぐど total 1 words: total 35 records
2025-05-08 20:50:17,858 prefix: ぐな total 1 words: total 0 records
2025-05-08 20:50:18,930 prefix: ぐに total 0 words: total 0 records
2025-05-08 20:50:19,986 prefix: ぐぬ total 0 words: total 0 records
2025-05-08 20:50:21,055 prefix: ぐね total 0 words: total 0 records
2025-05-08 20:50:22,474 prefix: ぐの total 4 words: total 84 records
2025-05-08 20:50:23,574 prefix: ぐは total 0 words: total 0 records
2025-05-08 20:50:24,699 prefix: ぐば total 1 words: total 1 records
2025-05-08 20:50:25,764 prefix: ぐぱ total 0 words: total 0 records
2025-05-08 20:50:26,832 prefix: ぐひ total 0 words: total 0 records
2025-05-08 20:50:27,902 prefix: ぐび total 0 words: total 0 records
2025-05-08 20:50:28,966 prefix: ぐぴ total 0 words: total 0 records
2025-05-08 20:50:30,127 prefix: ぐふ total 1 words: total 0 records
2025-05-08 20:50:31,213 prefix: ぐぶ total 0 words: total 0 records
2025-05-08 20:50:32,367 prefix: ぐぷ total 1 words: total 26 records
2025-05-08 20:50:33,437 prefix: ぐへ total 0 words: total 0 records
2025-05-08 20:50:34,506 prefix: ぐべ total 0 words: total 0 records
2025-05-08 20:50:35,573 prefix: ぐぺ total 0 words: total 0 records
2025-05-08 20:50:36,638 prefix: ぐほ total 0 words: total 0 records
2025-05-08 20:50:37,709 prefix: ぐぼ total 0 words: total 0 records
2025-05-08 20:50:38,773 prefix: ぐぽ total 0 words: total 0 records
2025-05-08 20:50:39,834 prefix: ぐま total 0 words: total 0 records
2025-05-08 20:50:41,111 prefix: ぐみ total 3 words: total 38 records
2025-05-08 20:50:42,265 prefix: ぐむ total 1 words: total 20 records
2025-05-08 20:50:43,337 prefix: ぐめ total 0 words: total 0 records
2025-05-08 20:50:44,402 prefix: ぐも total 0 words: total 0 records
2025-05-08 20:50:45,548 prefix: ぐや total 1 words: total 11 records
2025-05-08 20:50:46,642 prefix: ぐゆ total 0 words: total 0 records
2025-05-08 20:50:47,724 prefix: ぐよ total 0 words: total 0 records
2025-05-08 20:51:06,477 prefix: ぐら total 215 words: total 3172 records
2025-05-08 20:51:21,574 prefix: ぐり total 156 words: total 3006 records
2025-05-08 20:51:29,154 prefix: ぐる total 77 words: total 875 records
2025-05-08 20:51:43,747 prefix: ぐれ total 177 words: total 1492 records
2025-05-08 20:51:50,672 prefix: ぐろ total 75 words: total 955 records
2025-05-08 20:51:51,932 prefix: ぐわ total 2 words: total 72 records
2025-05-08 20:51:57,292 prefix: ぐっ total 54 words: total 824 records
2025-05-08 20:51:58,340 group: ぐ written 13014 records to CSV
2025-05-08 20:51:58,829 prefix: けあ total 6 words: total 44 records
2025-05-08 20:52:57,620 prefix: けい total 656 words: total 12257 records
2025-05-08 20:52:58,742 prefix: けう total 1 words: total 5 records
2025-05-08 20:52:59,800 prefix: けえ total 0 words: total 0 records
2025-05-08 20:53:00,936 prefix: けお total 1 words: total 17 records
2025-05-08 20:53:02,001 prefix: けか total 0 words: total 0 records
2025-05-08 20:53:03,477 prefix: けが total 6 words: total 59 records
2025-05-08 20:53:04,534 prefix: けき total 0 words: total 0 records
2025-05-08 20:53:05,599 prefix: けぎ total 0 words: total 0 records
2025-05-08 20:53:06,727 prefix: けく total 1 words: total 7 records
2025-05-08 20:53:07,790 prefix: けぐ total 0 words: total 0 records
2025-05-08 20:53:08,854 prefix: けけ total 0 words: total 0 records
2025-05-08 20:53:09,912 prefix: けげ total 0 words: total 0 records
2025-05-08 20:53:10,973 prefix: けこ total 0 words: total 0 records
2025-05-08 20:53:12,562 prefix: けご total 6 words: total 161 records
2025-05-08 20:53:13,971 prefix: けさ total 5 words: total 31 records
2025-05-08 20:53:15,066 prefix: けざ total 0 words: total 0 records
2025-05-08 20:53:17,736 prefix: けし total 22 words: total 314 records
2025-05-08 20:53:19,125 prefix: けじ total 4 words: total 101 records
2025-05-08 20:53:20,507 prefix: けす total 5 words: total 56 records
2025-05-08 20:53:21,658 prefix: けず total 1 words: total 31 records
2025-05-08 20:53:23,282 prefix: けせ total 7 words: total 53 records
2025-05-08 20:53:24,362 prefix: けぜ total 0 words: total 0 records
2025-05-08 20:53:25,668 prefix: けそ total 3 words: total 34 records
2025-05-08 20:53:26,741 prefix: けぞ total 0 words: total 0 records
2025-05-08 20:53:28,254 prefix: けた total 5 words: total 118 records
2025-05-08 20:53:29,528 prefix: けだ total 3 words: total 5 records
2025-05-08 20:53:31,326 prefix: けち total 9 words: total 150 records
2025-05-08 20:53:32,392 prefix: けぢ total 0 words: total 0 records
2025-05-08 20:53:42,357 prefix: けっ total 99 words: total 2404 records
2025-05-08 20:53:46,602 prefix: けつ total 41 words: total 449 records
2025-05-08 20:53:47,728 prefix: けづ total 1 words: total 0 records
2025-05-08 20:53:48,794 prefix: けて total 0 words: total 0 records
2025-05-08 20:53:49,864 prefix: けで total 0 words: total 0 records
2025-05-08 20:53:51,331 prefix: けと total 5 words: total 98 records
2025-05-08 20:53:52,498 prefix: けど total 1 words: total 50 records
2025-05-08 20:53:53,899 prefix: けな total 4 words: total 87 records
2025-05-08 20:53:56,052 prefix: けに total 13 words: total 272 records
2025-05-08 20:53:57,126 prefix: けぬ total 0 words: total 0 records
2025-05-08 20:53:59,772 prefix: けね total 21 words: total 76 records
2025-05-08 20:54:00,893 prefix: けの total 1 words: total 5 records
2025-05-08 20:54:02,058 prefix: けは total 1 words: total 10 records
2025-05-08 20:54:03,125 prefix: けば total 0 words: total 0 records
2025-05-08 20:54:04,252 prefix: けぱ total 1 words: total 1 records
2025-05-08 20:54:05,457 prefix: けひ total 2 words: total 15 records
2025-05-08 20:54:09,150 prefix: けび total 33 words: total 426 records
2025-05-08 20:54:10,215 prefix: けぴ total 0 words: total 0 records
2025-05-08 20:54:11,495 prefix: けふ total 3 words: total 16 records
2025-05-08 20:54:12,720 prefix: けぶ total 2 words: total 26 records
2025-05-08 20:54:14,009 prefix: けぷ total 3 words: total 46 records
2025-05-08 20:54:15,079 prefix: けへ total 0 words: total 0 records
2025-05-08 20:54:16,301 prefix: けべ total 2 words: total 12 records
2025-05-08 20:54:17,375 prefix: けぺ total 0 words: total 0 records
2025-05-08 20:54:18,459 prefix: けほ total 0 words: total 0 records
2025-05-08 20:54:19,526 prefix: けぼ total 0 words: total 0 records
2025-05-08 20:54:20,608 prefix: けぽ total 0 words: total 0 records
2025-05-08 20:54:21,771 prefix: けま total 1 words: total 35 records
2025-05-08 20:54:23,548 prefix: けみ total 9 words: total 85 records
2025-05-08 20:54:25,126 prefix: けむ total 6 words: total 96 records
2025-05-08 20:54:26,340 prefix: けめ total 2 words: total 24 records
2025-05-08 20:54:28,708 prefix: けも total 17 words: total 189 records
2025-05-08 20:54:30,488 prefix: けや total 9 words: total 110 records
2025-05-08 20:54:31,561 prefix: けゆ total 0 words: total 0 records
2025-05-08 20:54:32,622 prefix: けよ total 0 words: total 0 records
2025-05-08 20:54:34,531 prefix: けら total 10 words: total 170 records
2025-05-08 20:54:38,163 prefix: けり total 32 words: total 455 records
2025-05-08 20:54:41,281 prefix: ける total 27 words: total 214 records
2025-05-08 20:54:42,419 prefix: けれ total 1 words: total 13 records
2025-05-08 20:54:44,518 prefix: けろ total 14 words: total 182 records
2025-05-08 20:54:45,742 prefix: けわ total 2 words: total 39 records
2025-05-08 20:54:55,954 prefix: けっ total 99 words: total 2404 records
2025-05-08 20:54:57,007 group: け written 21452 records to CSV
2025-05-08 20:54:57,059 prefix: げあ total 0 words: total 0 records
2025-05-08 20:55:05,785 prefix: げい total 85 words: total 1710 records
2025-05-08 20:55:06,855 prefix: げう total 0 words: total 0 records
2025-05-08 20:55:07,930 prefix: げえ total 0 words: total 0 records
2025-05-08 20:55:10,198 prefix: げお total 17 words: total 72 records
2025-05-08 20:55:11,347 prefix: げか total 1 words: total 23 records
2025-05-08 20:55:12,477 prefix: げが total 1 words: total 1 records
2025-05-08 20:55:18,828 prefix: げき total 70 words: total 625 records
2025-05-08 20:55:19,892 prefix: げぎ total 0 words: total 0 records
2025-05-08 20:55:20,952 prefix: げく total 0 words: total 0 records
2025-05-08 20:55:22,011 prefix: げぐ total 0 words: total 0 records
2025-05-08 20:55:23,074 prefix: げけ total 0 words: total 0 records
2025-05-08 20:55:24,282 prefix: げげ total 2 words: total 4 records
2025-05-08 20:55:25,827 prefix: げこ total 6 words: total 79 records
2025-05-08 20:55:26,887 prefix: げご total 0 words: total 0 records
2025-05-08 20:55:27,955 prefix: げさ total 0 words: total 0 records
2025-05-08 20:55:29,104 prefix: げざ total 1 words: total 46 records
2025-05-08 20:55:30,519 prefix: げし total 5 words: total 55 records
2025-05-08 20:55:31,755 prefix: げじ total 2 words: total 39 records
2025-05-08 20:55:33,656 prefix: げす total 11 words: total 122 records
2025-05-08 20:55:34,729 prefix: げず total 0 words: total 0 records
2025-05-08 20:55:35,801 prefix: げせ total 0 words: total 0 records
2025-05-08 20:55:36,890 prefix: げぜ total 0 words: total 0 records
2025-05-08 20:55:38,025 prefix: げそ total 1 words: total 5 records
2025-05-08 20:55:39,084 prefix: げぞ total 0 words: total 0 records
2025-05-08 20:55:40,152 prefix: げた total 0 words: total 0 records
2025-05-08 20:55:41,342 prefix: げだ total 1 words: total 28 records
2025-05-08 20:55:42,429 prefix: げち total 0 words: total 0 records
2025-05-08 20:55:43,500 prefix: げぢ total 0 words: total 0 records
2025-05-08 20:55:54,563 prefix: げっ total 108 words: total 2153 records
2025-05-08 20:55:57,471 prefix: げつ total 25 words: total 193 records
2025-05-08 20:55:58,534 prefix: げづ total 0 words: total 0 records
2025-05-08 20:55:59,813 prefix: げて total 3 words: total 5 records
2025-05-08 20:56:01,045 prefix: げで total 2 words: total 30 records
2025-05-08 20:56:02,294 prefix: げと total 2 words: total 15 records
2025-05-08 20:56:03,707 prefix: げど total 4 words: total 83 records
2025-05-08 20:56:04,941 prefix: げな total 2 words: total 39 records
2025-05-08 20:56:06,104 prefix: げに total 1 words: total 3 records
2025-05-08 20:56:07,173 prefix: げぬ total 0 words: total 0 records
2025-05-08 20:56:08,300 prefix: げね total 1 words: total 1 records
2025-05-08 20:56:09,587 prefix: げの total 3 words: total 19 records
2025-05-08 20:56:10,643 prefix: げは total 0 words: total 0 records
2025-05-08 20:56:11,773 prefix: げば total 1 words: total 1 records
2025-05-08 20:56:12,871 prefix: げぱ total 0 words: total 0 records
2025-05-08 20:56:13,936 prefix: げひ total 0 words: total 0 records
2025-05-08 20:56:15,011 prefix: げび total 0 words: total 0 records
2025-05-08 20:56:16,087 prefix: げぴ total 0 words: total 0 records
2025-05-08 20:56:17,299 prefix: げふ total 2 words: total 11 records
2025-05-08 20:56:18,369 prefix: げぶ total 0 words: total 0 records
2025-05-08 20:56:19,497 prefix: げぷ total 1 words: total 1 records
2025-05-08 20:56:20,618 prefix: げへ total 1 words: total 0 records
2025-05-08 20:56:21,695 prefix: げべ total 0 words: total 0 records
2025-05-08 20:56:22,758 prefix: げぺ total 0 words: total 0 records
2025-05-08 20:56:23,820 prefix: げほ total 0 words: total 0 records
2025-05-08 20:56:24,886 prefix: げぼ total 0 words: total 0 records
2025-05-08 20:56:25,971 prefix: げぽ total 0 words: total 0 records
2025-05-08 20:56:27,173 prefix: げま total 2 words: total 14 records
2025-05-08 20:56:28,246 prefix: げみ total 0 words: total 0 records
2025-05-08 20:56:29,381 prefix: げむ total 1 words: total 19 records
2025-05-08 20:56:30,453 prefix: げめ total 0 words: total 0 records
2025-05-08 20:56:31,519 prefix: げも total 0 words: total 0 records
2025-05-08 20:56:32,651 prefix: げや total 1 words: total 6 records
2025-05-08 20:56:33,721 prefix: げゆ total 0 words: total 0 records
2025-05-08 20:56:34,817 prefix: げよ total 0 words: total 0 records
2025-05-08 20:56:36,415 prefix: げら total 7 words: total 43 records
2025-05-08 20:56:37,924 prefix: げり total 6 words: total 55 records
2025-05-08 20:56:41,343 prefix: げる total 30 words: total 245 records
2025-05-08 20:56:42,630 prefix: げれ total 3 words: total 42 records
2025-05-08 20:56:43,909 prefix: げろ total 2 words: total 97 records
2025-05-08 20:56:44,974 prefix: げわ total 0 words: total 0 records
2025-05-08 20:56:55,179 prefix: げっ total 108 words: total 2153 records
2025-05-08 20:56:56,211 group: げ written 8037 records to CSV
2025-05-08 20:56:58,127 prefix: こあ total 22 words: total 603 records
2025-05-08 20:57:21,402 prefix: こい total 270 words: total 3209 records
2025-05-08 21:00:08,077 prefix: こう total 1524 words: total 57308 records
2025-05-08 21:00:10,906 prefix: こえ total 16 words: total 143 records
2025-05-08 21:00:17,572 prefix: こお total 31 words: total 1155 records
2025-05-08 21:00:20,466 prefix: こか total 16 words: total 419 records
2025-05-08 21:00:33,316 prefix: こが total 90 words: total 2283 records
2025-05-08 21:00:37,752 prefix: こき total 25 words: total 583 records
2025-05-08 21:00:39,476 prefix: こぎ total 5 words: total 130 records
2025-05-08 21:01:25,565 prefix: こく total 400 words: total 3996 records
2025-05-08 21:01:28,363 prefix: こぐ total 19 words: total 222 records
2025-05-08 21:01:30,966 prefix: こけ total 13 words: total 313 records
2025-05-08 21:01:32,204 prefix: こげ total 1 words: total 5 records
2025-05-08 21:01:48,910 prefix: ここ total 138 words: total 2327 records
2025-05-08 21:01:50,960 prefix: こご total 8 words: total 187 records
2025-05-08 21:01:56,939 prefix: こさ total 38 words: total 1357 records
2025-05-08 21:02:01,739 prefix: こざ total 23 words: total 714 records
2025-05-08 21:02:11,857 prefix: こし total 75 words: total 1685 records
2025-05-08 21:02:32,875 prefix: こじ total 172 words: total 4343 records
2025-05-08 21:02:40,752 prefix: こす total 87 words: total 1140 records
2025-05-08 21:02:42,692 prefix: こず total 13 words: total 109 records
2025-05-08 21:02:45,139 prefix: こせ total 17 words: total 395 records
2025-05-08 21:02:46,273 prefix: こぜ total 1 words: total 2 records
2025-05-08 21:02:48,711 prefix: こそ total 18 words: total 254 records
2025-05-08 21:02:50,453 prefix: こぞ total 8 words: total 231 records
2025-05-08 21:02:54,794 prefix: こた total 41 words: total 841 records
2025-05-08 21:03:02,957 prefix: こだ total 85 words: total 1927 records
2025-05-08 21:03:05,667 prefix: こち total 18 words: total 667 records
2025-05-08 21:03:06,734 prefix: こぢ total 0 words: total 0 records
2025-05-08 21:03:18,838 prefix: こっ total 114 words: total 4296 records
2025-05-08 21:03:21,074 prefix: こつ total 15 words: total 309 records
2025-05-08 21:03:23,216 prefix: こづ total 13 words: total 123 records
2025-05-08 21:03:27,403 prefix: こて total 39 words: total 623 records
2025-05-08 21:03:29,749 prefix: こで total 17 words: total 256 records
2025-05-08 21:03:40,374 prefix: こと total 113 words: total 2125 records
2025-05-08 21:03:46,904 prefix: こど total 74 words: total 855 records
2025-05-08 21:03:50,966 prefix: こな total 36 words: total 907 records
2025-05-08 21:03:55,687 prefix: こに total 50 words: total 499 records
2025-05-08 21:03:57,118 prefix: こぬ total 5 words: total 76 records
2025-05-08 21:03:58,969 prefix: こね total 11 words: total 152 records
2025-05-08 21:04:07,075 prefix: この total 84 words: total 1395 records
2025-05-08 21:04:10,890 prefix: こは total 30 words: total 890 records
2025-05-08 21:04:37,981 prefix: こば total 334 words: total 3899 records
2025-05-08 21:04:39,599 prefix: こぱ total 8 words: total 58 records
2025-05-08 21:04:41,826 prefix: こひ total 14 words: total 273 records
2025-05-08 21:04:43,805 prefix: こび total 11 words: total 338 records
2025-05-08 21:04:46,106 prefix: こぴ total 14 words: total 517 records
2025-05-08 21:04:48,070 prefix: こふ total 10 words: total 204 records
2025-05-08 21:04:51,452 prefix: こぶ total 29 words: total 426 records
2025-05-08 21:04:52,889 prefix: こぷ total 5 words: total 50 records
2025-05-08 21:04:53,953 prefix: こへ total 0 words: total 0 records
2025-05-08 21:04:55,498 prefix: こべ total 7 words: total 57 records
2025-05-08 21:04:57,014 prefix: こぺ total 6 words: total 84 records
2025-05-08 21:04:58,364 prefix: こほ total 3 words: total 89 records
2025-05-08 21:05:00,924 prefix: こぼ total 18 words: total 128 records
2025-05-08 21:05:02,072 prefix: こぽ total 1 words: total 2 records
2025-05-08 21:05:16,754 prefix: こま total 158 words: total 3022 records
2025-05-08 21:05:26,864 prefix: こみ total 114 words: total 1640 records
2025-05-08 21:05:32,752 prefix: こむ total 48 words: total 748 records
2025-05-08 21:05:36,899 prefix: こめ total 40 words: total 549 records
2025-05-08 21:05:43,360 prefix: こも total 66 words: total 1206 records
2025-05-08 21:05:51,608 prefix: こや total 79 words: total 2008 records
2025-05-08 21:05:53,462 prefix: こゆ total 8 words: total 235 records
2025-05-08 21:05:55,794 prefix: こよ total 12 words: total 480 records
2025-05-08 21:06:00,306 prefix: こら total 23 words: total 537 records
2025-05-08 21:06:06,733 prefix: こり total 62 words: total 1411 records
2025-05-08 21:06:13,283 prefix: こる total 59 words: total 1117 records
2025-05-08 21:06:17,969 prefix: これ total 49 words: total 371 records
2025-05-08 21:06:26,671 prefix: ころ total 92 words: total 1642 records
2025-05-08 21:06:30,710 prefix: こわ total 33 words: total 833 records
2025-05-08 21:06:42,888 prefix: こっ total 114 words: total 4296 records
2025-05-08 21:06:44,049 group: こ written 125274 records to CSV
2025-05-08 21:06:44,888 prefix: ごあ total 9 words: total 190 records
2025-05-08 21:06:46,905 prefix: ごい total 12 words: total 224 records
2025-05-08 21:07:01,203 prefix: ごう total 123 words: total 5518 records
2025-05-08 21:07:03,604 prefix: ごえ total 11 words: total 193 records
2025-05-08 21:07:05,325 prefix: ごお total 5 words: total 469 records
2025-05-08 21:07:08,560 prefix: ごか total 25 words: total 702 records
2025-05-08 21:07:10,233 prefix: ごが total 8 words: total 162 records
2025-05-08 21:07:12,658 prefix: ごき total 17 words: total 306 records
2025-05-08 21:07:14,125 prefix: ごぎ total 4 words: total 152 records
2025-05-08 21:07:19,382 prefix: ごく total 53 words: total 843 records
2025-05-08 21:07:20,446 prefix: ごぐ total 0 words: total 0 records
2025-05-08 21:07:22,069 prefix: ごけ total 6 words: total 164 records
2025-05-08 21:07:23,147 prefix: ごげ total 0 words: total 0 records
2025-05-08 21:07:24,945 prefix: ごこ total 9 words: total 238 records
2025-05-08 21:07:27,009 prefix: ごご total 8 words: total 123 records
2025-05-08 21:07:28,705 prefix: ごさ total 8 words: total 171 records
2025-05-08 21:07:30,398 prefix: ござ total 6 words: total 151 records
2025-05-08 21:07:35,672 prefix: ごし total 46 words: total 1379 records
2025-05-08 21:07:40,956 prefix: ごじ total 51 words: total 1058 records
2025-05-08 21:07:42,496 prefix: ごす total 6 words: total 126 records
2025-05-08 21:07:43,565 prefix: ごず total 0 words: total 0 records
2025-05-08 21:07:45,891 prefix: ごせ total 15 words: total 342 records
2025-05-08 21:07:47,616 prefix: ごぜ total 7 words: total 181 records
2025-05-08 21:07:49,028 prefix: ごそ total 4 words: total 129 records
2025-05-08 21:07:50,456 prefix: ごぞ total 3 words: total 105 records
2025-05-08 21:07:52,466 prefix: ごた total 8 words: total 367 records
2025-05-08 21:07:55,588 prefix: ごだ total 19 words: total 508 records
2025-05-08 21:07:58,509 prefix: ごち total 21 words: total 440 records
2025-05-08 21:07:59,576 prefix: ごぢ total 0 words: total 0 records
2025-05-08 21:08:05,652 prefix: ごっ total 40 words: total 1653 records
2025-05-08 21:08:07,054 prefix: ごつ total 3 words: total 53 records
2025-05-08 21:08:08,206 prefix: ごづ total 1 words: total 0 records
2025-05-08 21:08:10,972 prefix: ごて total 16 words: total 367 records
2025-05-08 21:08:12,252 prefix: ごで total 2 words: total 22 records
2025-05-08 21:08:29,706 prefix: ごと total 133 words: total 4672 records
2025-05-08 21:08:31,165 prefix: ごど total 4 words: total 54 records
2025-05-08 21:08:32,347 prefix: ごな total 1 words: total 53 records
2025-05-08 21:08:34,212 prefix: ごに total 6 words: total 240 records
2025-05-08 21:08:35,346 prefix: ごぬ total 0 words: total 0 records
2025-05-08 21:08:36,765 prefix: ごね total 4 words: total 77 records
2025-05-08 21:08:38,763 prefix: ごの total 10 words: total 247 records
2025-05-08 21:08:40,838 prefix: ごは total 8 words: total 270 records
2025-05-08 21:08:42,658 prefix: ごば total 3 words: total 47 records
2025-05-08 21:08:43,865 prefix: ごぱ total 1 words: total 72 records
2025-05-08 21:08:45,805 prefix: ごひ total 7 words: total 99 records
2025-05-08 21:08:47,167 prefix: ごび total 3 words: total 87 records
2025-05-08 21:08:48,271 prefix: ごぴ total 0 words: total 0 records
2025-05-08 21:08:50,109 prefix: ごふ total 8 words: total 100 records
2025-05-08 21:08:51,896 prefix: ごぶ total 9 words: total 78 records
2025-05-08 21:08:52,960 prefix: ごぷ total 0 words: total 0 records
2025-05-08 21:08:54,200 prefix: ごへ total 1 words: total 47 records
2025-05-08 21:08:55,380 prefix: ごべ total 1 words: total 2 records
2025-05-08 21:08:56,486 prefix: ごぺ total 0 words: total 0 records
2025-05-08 21:08:58,663 prefix: ごほ total 9 words: total 486 records
2025-05-08 21:09:00,425 prefix: ごぼ total 5 words: total 235 records
2025-05-08 21:09:01,548 prefix: ごぽ total 0 words: total 0 records
2025-05-08 21:09:04,059 prefix: ごま total 15 words: total 425 records
2025-05-08 21:09:08,707 prefix: ごみ total 32 words: total 839 records
2025-05-08 21:09:11,242 prefix: ごむ total 5 words: total 41 records
2025-05-08 21:09:14,446 prefix: ごめ total 19 words: total 392 records
2025-05-08 21:09:15,822 prefix: ごも total 2 words: total 125 records
2025-05-08 21:09:17,187 prefix: ごや total 2 words: total 123 records
2025-05-08 21:09:18,458 prefix: ごゆ total 2 words: total 19 records
2025-05-08 21:09:21,634 prefix: ごよ total 12 words: total 616 records
2025-05-08 21:09:25,637 prefix: ごら total 15 words: total 260 records
2025-05-08 21:09:30,363 prefix: ごり total 31 words: total 985 records
2025-05-08 21:09:35,947 prefix: ごる total 40 words: total 867 records
2025-05-08 21:09:37,238 prefix: ごれ total 2 words: total 78 records
2025-05-08 21:09:40,149 prefix: ごろ total 16 words: total 502 records
2025-05-08 21:09:41,446 prefix: ごわ total 1 words: total 80 records
2025-05-08 21:09:48,084 prefix: ごっ total 40 words: total 1653 records
2025-05-08 21:09:49,140 group: ご written 30207 records to CSV
2025-05-08 21:09:49,697 prefix: さあ total 3 words: total 183 records
2025-05-08 21:12:16,121 prefix: さい total 1152 words: total 32105 records
2025-05-08 21:12:23,106 prefix: さう total 61 words: total 1071 records
2025-05-08 21:12:28,441 prefix: さえ total 57 words: total 544 records
2025-05-08 21:12:31,084 prefix: さお total 21 words: total 248 records
2025-05-08 21:13:19,442 prefix: さか total 487 words: total 12798 records
2025-05-08 21:13:35,032 prefix: さが total 123 words: total 4108 records
2025-05-08 21:13:41,200 prefix: さき total 49 words: total 921 records
2025-05-08 21:13:44,709 prefix: さぎ total 18 words: total 696 records
2025-05-08 21:14:34,759 prefix: さく total 401 words: total 11996 records
2025-05-08 21:14:36,314 prefix: さぐ total 4 words: total 92 records
2025-05-08 21:14:39,621 prefix: さけ total 21 words: total 297 records
2025-05-08 21:14:40,697 prefix: さげ total 0 words: total 0 records
2025-05-08 21:14:43,398 prefix: さこ total 16 words: total 375 records
2025-05-08 21:14:44,810 prefix: さご total 4 words: total 35 records
2025-05-08 21:15:26,110 prefix: ささ total 281 words: total 9292 records
2025-05-08 21:15:30,516 prefix: さざ total 23 words: total 799 records
2025-05-08 21:15:35,963 prefix: さし total 29 words: total 896 records
2025-05-08 21:15:38,555 prefix: さじ total 10 words: total 356 records
2025-05-08 21:15:44,085 prefix: さす total 31 words: total 668 records
2025-05-08 21:15:45,338 prefix: さず total 1 words: total 15 records
2025-05-08 21:15:49,549 prefix: させ total 24 words: total 335 records
2025-05-08 21:15:50,657 prefix: さぜ total 0 words: total 0 records
2025-05-08 21:15:53,696 prefix: さそ total 14 words: total 368 records
2025-05-08 21:15:54,772 prefix: さぞ total 0 words: total 0 records
2025-05-08 21:16:02,761 prefix: さた total 54 words: total 987 records
2025-05-08 21:16:08,534 prefix: さだ total 35 words: total 927 records
2025-05-08 21:16:10,663 prefix: さち total 8 words: total 314 records
2025-05-08 21:16:11,760 prefix: さぢ total 0 words: total 0 records
2025-05-08 21:16:29,915 prefix: さっ total 141 words: total 4026 records
2025-05-08 21:16:40,506 prefix: さつ total 84 words: total 2106 records
2025-05-08 21:16:41,616 prefix: さづ total 0 words: total 0 records
2025-05-08 21:16:44,072 prefix: さて total 12 words: total 227 records
2025-05-08 21:16:45,620 prefix: さで total 4 words: total 61 records
2025-05-08 21:17:55,823 prefix: さと total 543 words: total 16839 records
2025-05-08 21:17:59,873 prefix: さど total 27 words: total 750 records
2025-05-08 21:18:08,166 prefix: さな total 62 words: total 1656 records
2025-05-08 21:18:11,596 prefix: さに total 19 words: total 485 records
2025-05-08 21:18:14,404 prefix: さぬ total 17 words: total 346 records
2025-05-08 21:18:16,170 prefix: さね total 8 words: total 75 records
2025-05-08 21:18:26,807 prefix: さの total 77 words: total 2158 records
2025-05-08 21:18:29,593 prefix: さは total 14 words: total 358 records
2025-05-08 21:18:34,705 prefix: さば total 35 words: total 739 records
2025-05-08 21:18:35,992 prefix: さぱ total 1 words: total 44 records
2025-05-08 21:18:37,240 prefix: さひ total 1 words: total 4 records
2025-05-08 21:18:40,123 prefix: さび total 18 words: total 375 records
2025-05-08 21:18:41,603 prefix: さぴ total 3 words: total 138 records
2025-05-08 21:18:44,381 prefix: さふ total 13 words: total 692 records
2025-05-08 21:18:50,602 prefix: さぶ total 45 words: total 1198 records
2025-05-08 21:18:52,568 prefix: さぷ total 6 words: total 286 records
2025-05-08 21:18:54,059 prefix: さへ total 3 words: total 49 records
2025-05-08 21:18:56,297 prefix: さべ total 10 words: total 128 records
2025-05-08 21:18:57,359 prefix: さぺ total 0 words: total 0 records
2025-05-08 21:18:58,583 prefix: さほ total 2 words: total 21 records
2025-05-08 21:19:00,928 prefix: さぼ total 12 words: total 257 records
2025-05-08 21:19:02,916 prefix: さぽ total 8 words: total 209 records
2025-05-08 21:19:12,003 prefix: さま total 64 words: total 2558 records
2025-05-08 21:19:16,629 prefix: さみ total 36 words: total 574 records
2025-05-08 21:19:31,795 prefix: さむ total 117 words: total 2914 records
2025-05-08 21:19:34,257 prefix: さめ total 14 words: total 197 records
2025-05-08 21:19:37,807 prefix: さも total 16 words: total 483 records
2025-05-08 21:19:43,039 prefix: さや total 32 words: total 1604 records
2025-05-08 21:19:44,814 prefix: さゆ total 5 words: total 113 records
2025-05-08 21:19:53,860 prefix: さよ total 73 words: total 857 records
2025-05-08 21:20:12,203 prefix: さら total 136 words: total 4950 records
2025-05-08 21:20:16,037 prefix: さり total 24 words: total 733 records
2025-05-08 21:20:26,371 prefix: さる total 98 words: total 2187 records
2025-05-08 21:20:28,130 prefix: され total 9 words: total 98 records
2025-05-08 21:20:31,000 prefix: さろ total 18 words: total 512 records
2025-05-08 21:20:46,399 prefix: さわ total 147 words: total 5048 records
2025-05-08 21:21:17,720 prefix: さっ total 141 words: total 4026 records
2025-05-08 21:21:18,905 group: さ written 140507 records to CSV
2025-05-08 21:21:20,529 prefix: ざあ total 2 words: total 145 records
2025-05-08 21:21:31,910 prefix: ざい total 91 words: total 2043 records
2025-05-08 21:21:34,050 prefix: ざう total 10 words: total 137 records
2025-05-08 21:21:35,263 prefix: ざえ total 2 words: total 27 records
2025-05-08 21:21:37,158 prefix: ざお total 8 words: total 374 records
2025-05-08 21:21:39,860 prefix: ざか total 16 words: total 447 records
2025-05-08 21:21:41,202 prefix: ざが total 3 words: total 131 records
2025-05-08 21:21:42,628 prefix: ざき total 4 words: total 90 records
2025-05-08 21:21:43,774 prefix: ざぎ total 1 words: total 35 records
2025-05-08 21:21:46,753 prefix: ざく total 23 words: total 501 records
2025-05-08 21:21:48,357 prefix: ざぐ total 6 words: total 156 records
2025-05-08 21:21:49,857 prefix: ざけ total 3 words: total 42 records
2025-05-08 21:21:50,979 prefix: ざげ total 1 words: total 0 records
2025-05-08 21:21:53,832 prefix: ざこ total 21 words: total 532 records
2025-05-08 21:21:55,240 prefix: ざご total 5 words: total 47 records
2025-05-08 21:21:57,032 prefix: ざさ total 8 words: total 266 records
2025-05-08 21:21:58,261 prefix: ざざ total 2 words: total 47 records
2025-05-08 21:22:01,081 prefix: ざし total 20 words: total 533 records
2025-05-08 21:22:02,925 prefix: ざじ total 4 words: total 163 records
2025-05-08 21:22:06,677 prefix: ざす total 26 words: total 675 records
2025-05-08 21:22:07,958 prefix: ざず total 1 words: total 124 records
2025-05-08 21:22:09,207 prefix: ざせ total 2 words: total 31 records
2025-05-08 21:22:10,590 prefix: ざぜ total 4 words: total 97 records
2025-05-08 21:22:11,671 prefix: ざそ total 0 words: total 0 records
2025-05-08 21:22:12,742 prefix: ざぞ total 0 words: total 0 records
2025-05-08 21:22:14,260 prefix: ざた total 4 words: total 235 records
2025-05-08 21:22:15,800 prefix: ざだ total 5 words: total 199 records
2025-05-08 21:22:17,624 prefix: ざち total 7 words: total 297 records
2025-05-08 21:22:18,695 prefix: ざぢ total 0 words: total 0 records
2025-05-08 21:22:24,148 prefix: ざっ total 42 words: total 1882 records
2025-05-08 21:22:25,856 prefix: ざつ total 6 words: total 337 records
2025-05-08 21:22:26,916 prefix: ざづ total 0 words: total 0 records
2025-05-08 21:22:28,427 prefix: ざて total 6 words: total 72 records
2025-05-08 21:22:29,651 prefix: ざで total 2 words: total 25 records
2025-05-08 21:22:31,880 prefix: ざと total 13 words: total 363 records
2025-05-08 21:22:33,322 prefix: ざど total 5 words: total 63 records
2025-05-08 21:22:34,830 prefix: ざな total 5 words: total 102 records
2025-05-08 21:22:36,182 prefix: ざに total 3 words: total 116 records
2025-05-08 21:22:37,243 prefix: ざぬ total 0 words: total 0 records
2025-05-08 21:22:38,461 prefix: ざね total 2 words: total 16 records
2025-05-08 21:22:39,772 prefix: ざの total 3 words: total 70 records
2025-05-08 21:22:41,736 prefix: ざは total 9 words: total 388 records
2025-05-08 21:22:43,168 prefix: ざば total 4 words: total 159 records
2025-05-08 21:22:44,636 prefix: ざぱ total 5 words: total 90 records
2025-05-08 21:22:46,302 prefix: ざひ total 6 words: total 240 records
2025-05-08 21:22:48,067 prefix: ざび total 8 words: total 239 records
2025-05-08 21:22:49,522 prefix: ざぴ total 3 words: total 290 records
2025-05-08 21:22:51,890 prefix: ざふ total 16 words: total 351 records
2025-05-08 21:22:54,514 prefix: ざぶ total 18 words: total 443 records
2025-05-08 21:22:56,337 prefix: ざぷ total 7 words: total 365 records
2025-05-08 21:22:57,467 prefix: ざへ total 1 words: total 4 records
2025-05-08 21:22:58,822 prefix: ざべ total 4 words: total 36 records
2025-05-08 21:23:00,004 prefix: ざぺ total 2 words: total 4 records
2025-05-08 21:23:01,683 prefix: ざほ total 7 words: total 190 records
2025-05-08 21:23:03,175 prefix: ざぼ total 5 words: total 93 records
2025-05-08 21:23:04,469 prefix: ざぽ total 2 words: total 32 records
2025-05-08 21:23:07,058 prefix: ざま total 16 words: total 585 records
2025-05-08 21:23:08,462 prefix: ざみ total 3 words: total 132 records
2025-05-08 21:23:09,727 prefix: ざむ total 3 words: total 22 records
2025-05-08 21:23:11,132 prefix: ざめ total 3 words: total 29 records
2025-05-08 21:23:12,526 prefix: ざも total 4 words: total 96 records
2025-05-08 21:23:13,734 prefix: ざや total 2 words: total 20 records
2025-05-08 21:23:14,923 prefix: ざゆ total 1 words: total 43 records
2025-05-08 21:23:16,163 prefix: ざよ total 1 words: total 0 records
2025-05-08 21:23:18,672 prefix: ざら total 13 words: total 452 records
2025-05-08 21:23:20,933 prefix: ざり total 8 words: total 319 records
2025-05-08 21:23:23,128 prefix: ざる total 10 words: total 230 records
2025-05-08 21:23:24,738 prefix: ざれ total 6 words: total 53 records
2025-05-08 21:23:26,499 prefix: ざろ total 6 words: total 163 records
2025-05-08 21:23:28,656 prefix: ざわ total 10 words: total 291 records
2025-05-08 21:23:35,373 prefix: ざっ total 42 words: total 1882 records
2025-05-08 21:23:36,427 group: ざ written 17661 records to CSV
2025-05-08 21:23:43,788 prefix: しあ total 65 words: total 763 records
2025-05-08 21:23:54,307 prefix: しい total 58 words: total 1822 records
2025-05-08 21:23:56,291 prefix: しう total 8 words: total 122 records
2025-05-08 21:23:58,597 prefix: しえ total 14 words: total 85 records
2025-05-08 21:24:23,550 prefix: しお total 180 words: total 2877 records
2025-05-08 21:24:35,230 prefix: しか total 75 words: total 1700 records
2025-05-08 21:24:43,613 prefix: しが total 67 words: total 1512 records
2025-05-08 21:24:52,832 prefix: しき total 68 words: total 1075 records
2025-05-08 21:24:57,129 prefix: しぎ total 10 words: total 252 records
2025-05-08 21:25:01,113 prefix: しく total 27 words: total 266 records
2025-05-08 21:25:03,942 prefix: しぐ total 16 words: total 159 records
2025-05-08 21:25:07,650 prefix: しけ total 24 words: total 283 records
2025-05-08 21:25:13,491 prefix: しげ total 49 words: total 294 records
2025-05-08 21:25:23,082 prefix: しこ total 62 words: total 1492 records
2025-05-08 21:25:58,132 prefix: しご total 36 words: total 498 records
2025-05-08 21:26:00,070 prefix: しさ total 7 words: total 141 records
2025-05-08 21:26:01,882 prefix: しざ total 4 words: total 122 records
2025-05-08 21:26:12,070 prefix: しし total 76 words: total 1517 records
2025-05-08 21:26:19,988 prefix: しじ total 62 words: total 1328 records
2025-05-08 21:26:25,336 prefix: しす total 35 words: total 589 records
2025-05-08 21:26:31,405 prefix: しず total 55 words: total 567 records
2025-05-08 21:26:34,602 prefix: しせ total 23 words: total 485 records
2025-05-08 21:26:40,001 prefix: しぜ total 43 words: total 717 records
2025-05-08 21:26:42,290 prefix: しそ total 10 words: total 371 records
2025-05-08 21:26:43,434 prefix: しぞ total 1 words: total 19 records
2025-05-08 21:26:48,905 prefix: した total 41 words: total 817 records
2025-05-08 21:26:53,144 prefix: しだ total 27 words: total 569 records
2025-05-08 21:27:03,421 prefix: しち total 104 words: total 1909 records
2025-05-08 21:27:04,488 prefix: しぢ total 0 words: total 0 records
2025-05-08 21:27:12,354 prefix: しっ total 75 words: total 2218 records
2025-05-08 21:27:16,767 prefix: しつ total 41 words: total 623 records
2025-05-08 21:27:18,347 prefix: しづ total 4 words: total 60 records
2025-05-08 21:27:23,633 prefix: して total 52 words: total 856 records
2025-05-08 21:27:25,279 prefix: しで total 8 words: total 73 records
2025-05-08 21:27:28,633 prefix: しと total 24 words: total 966 records
2025-05-08 21:27:32,500 prefix: しど total 33 words: total 620 records
2025-05-08 21:27:40,543 prefix: しな total 83 words: total 1623 records
2025-05-08 21:27:44,138 prefix: しに total 33 words: total 311 records
2025-05-08 21:27:45,815 prefix: しぬ total 7 words: total 43 records
2025-05-08 21:27:48,332 prefix: しね total 19 words: total 192 records
2025-05-08 21:28:00,729 prefix: しの total 136 words: total 1953 records
2025-05-08 21:28:03,173 prefix: しは total 16 words: total 345 records
2025-05-08 21:28:17,198 prefix: しば total 140 words: total 2926 records
2025-05-08 21:28:18,264 prefix: しぱ total 0 words: total 0 records
2025-05-08 21:28:19,393 prefix: しひ total 1 words: total 7 records
2025-05-08 21:28:21,589 prefix: しび total 15 words: total 159 records
2025-05-08 21:28:22,657 prefix: しぴ total 0 words: total 0 records
2025-05-08 21:28:24,811 prefix: しふ total 13 words: total 307 records
2025-05-08 21:28:35,186 prefix: しぶ total 109 words: total 1697 records
2025-05-08 21:28:36,447 prefix: しぷ total 3 words: total 16 records
2025-05-08 21:28:37,657 prefix: しへ total 2 words: total 10 records
2025-05-08 21:28:40,041 prefix: しべ total 18 words: total 117 records
2025-05-08 21:28:41,175 prefix: しぺ total 1 words: total 7 records
2025-05-08 21:28:45,419 prefix: しほ total 32 words: total 1185 records
2025-05-08 21:28:50,427 prefix: しぼ total 45 words: total 1006 records
2025-05-08 21:28:51,496 prefix: しぽ total 0 words: total 0 records
2025-05-08 21:29:21,887 prefix: しま total 344 words: total 6164 records
2025-05-08 21:29:36,421 prefix: しみ total 169 words: total 1795 records
2025-05-08 21:29:40,941 prefix: しむ total 42 words: total 896 records
2025-05-08 21:29:44,419 prefix: しめ total 32 words: total 302 records
2025-05-08 21:30:09,488 prefix: しも total 270 words: total 3486 records
2025-05-08 21:30:11,018 prefix: しや total 6 words: total 58 records
2025-05-08 21:30:12,822 prefix: しゆ total 6 words: total 171 records
2025-05-08 21:30:15,006 prefix: しよ total 9 words: total 305 records
2025-05-08 21:30:40,743 prefix: しら total 259 words: total 3819 records
2025-05-08 21:30:50,372 prefix: しり total 88 words: total 1259 records
2025-05-08 21:30:59,977 prefix: しる total 94 words: total 1486 records
2025-05-08 21:31:01,952 prefix: しれ total 11 words: total 173 records
2025-05-08 21:31:18,096 prefix: しろ total 180 words: total 2416 records
2025-05-08 21:31:19,638 prefix: しわ total 6 words: total 86 records
2025-05-08 21:31:29,389 prefix: しっ total 75 words: total 2218 records
2025-05-08 21:31:30,493 group: し written 64305 records to CSV
2025-05-08 21:31:32,342 prefix: じあ total 14 words: total 236 records
2025-05-08 21:31:34,463 prefix: じい total 8 words: total 402 records
2025-05-08 21:31:35,927 prefix: じう total 4 words: total 78 records
2025-05-08 21:31:41,100 prefix: じえ total 34 words: total 403 records
2025-05-08 21:31:44,290 prefix: じお total 19 words: total 406 records
2025-05-08 21:31:50,548 prefix: じか total 41 words: total 944 records
2025-05-08 21:31:52,424 prefix: じが total 7 words: total 152 records
2025-05-08 21:31:55,051 prefix: じき total 15 words: total 307 records
2025-05-08 21:31:57,951 prefix: じぎ total 15 words: total 576 records
2025-05-08 21:32:00,480 prefix: じく total 13 words: total 80 records
2025-05-08 21:32:02,531 prefix: じぐ total 8 words: total 52 records
2025-05-08 21:32:05,447 prefix: じけ total 13 words: total 205 records
2025-05-08 21:32:07,380 prefix: じげ total 8 words: total 85 records
2025-05-08 21:32:16,500 prefix: じこ total 66 words: total 1340 records
2025-05-08 21:32:22,746 prefix: じご total 45 words: total 538 records
2025-05-08 21:32:26,169 prefix: じさ total 23 words: total 263 records
2025-05-08 21:32:27,330 prefix: じざ total 1 words: total 1 records
2025-05-08 21:32:39,516 prefix: じし total 94 words: total 2050 records
2025-05-08 21:32:43,228 prefix: じじ total 23 words: total 388 records
2025-05-08 21:32:45,028 prefix: じす total 6 words: total 155 records
2025-05-08 21:32:46,140 prefix: じず total 0 words: total 0 records
2025-05-08 21:32:47,819 prefix: じせ total 5 words: total 132 records
2025-05-08 21:32:49,765 prefix: じぜ total 9 words: total 90 records
2025-05-08 21:32:51,628 prefix: じそ total 7 words: total 204 records
2025-05-08 21:32:53,741 prefix: じぞ total 9 words: total 209 records
2025-05-08 21:32:56,350 prefix: じた total 9 words: total 151 records
2025-05-08 21:32:59,781 prefix: じだ total 22 words: total 421 records
2025-05-08 21:33:02,138 prefix: じち total 11 words: total 243 records
2025-05-08 21:33:03,197 prefix: じぢ total 0 words: total 0 records
2025-05-08 21:33:11,429 prefix: じっ total 80 words: total 1923 records
2025-05-08 21:33:15,814 prefix: じつ total 42 words: total 411 records
2025-05-08 21:33:16,891 prefix: じづ total 0 words: total 0 records
2025-05-08 21:33:19,328 prefix: じて total 18 words: total 221 records
2025-05-08 21:33:20,412 prefix: じで total 0 words: total 0 records
2025-05-08 21:33:21,550 prefix: じと total 1 words: total 3 records
2025-05-08 21:33:29,086 prefix: じど total 76 words: total 1684 records
2025-05-08 21:33:30,436 prefix: じな total 3 words: total 119 records
2025-05-08 21:33:31,944 prefix: じに total 5 words: total 135 records
2025-05-08 21:33:33,165 prefix: じぬ total 2 words: total 9 records
2025-05-08 21:33:34,386 prefix: じね total 2 words: total 9 records
2025-05-08 21:33:35,514 prefix: じの total 1 words: total 1 records
2025-05-08 21:33:37,139 prefix: じは total 6 words: total 192 records
2025-05-08 21:33:39,302 prefix: じば total 12 words: total 425 records
2025-05-08 21:33:40,628 prefix: じぱ total 4 words: total 19 records
2025-05-08 21:33:42,159 prefix: じひ total 6 words: total 108 records
2025-05-08 21:33:43,646 prefix: じび total 5 words: total 116 records
2025-05-08 21:33:44,848 prefix: じぴ total 2 words: total 9 records
2025-05-08 21:33:46,183 prefix: じふ total 4 words: total 19 records
2025-05-08 21:33:51,576 prefix: じぶ total 54 words: total 964 records
2025-05-08 21:33:53,038 prefix: じぷ total 5 words: total 69 records
2025-05-08 21:33:54,240 prefix: じへ total 1 words: total 64 records
2025-05-08 21:33:55,509 prefix: じべ total 3 words: total 15 records
2025-05-08 21:33:56,577 prefix: じぺ total 0 words: total 0 records
2025-05-08 21:33:57,712 prefix: じほ total 1 words: total 2 records
2025-05-08 21:33:58,925 prefix: じぼ total 1 words: total 35 records
2025-05-08 21:34:00,047 prefix: じぽ total 0 words: total 0 records
2025-05-08 21:34:01,502 prefix: じま total 4 words: total 145 records
2025-05-08 21:34:07,123 prefix: じみ total 53 words: total 958 records
2025-05-08 21:34:13,228 prefix: じむ total 57 words: total 1124 records
2025-05-08 21:34:14,837 prefix: じめ total 7 words: total 76 records
2025-05-08 21:34:16,645 prefix: じも total 9 words: total 136 records
2025-05-08 21:34:17,763 prefix: じや total 0 words: total 0 records
2025-05-08 21:34:24,367 prefix: じゆ total 62 words: total 1318 records
2025-05-08 21:34:25,580 prefix: じよ total 1 words: total 102 records
2025-05-08 21:34:26,875 prefix: じら total 3 words: total 53 records
2025-05-08 21:34:29,207 prefix: じり total 17 words: total 215 records
2025-05-08 21:34:32,524 prefix: じる total 28 words: total 332 records
2025-05-08 21:34:34,116 prefix: じれ total 7 words: total 81 records
2025-05-08 21:34:36,226 prefix: じろ total 11 words: total 206 records
2025-05-08 21:34:37,357 prefix: じわ total 1 words: total 3 records
2025-05-08 21:34:46,560 prefix: じっ total 80 words: total 1923 records
2025-05-08 21:34:47,617 group: じ written 23335 records to CSV
2025-05-08 21:34:47,676 prefix: すあ total 0 words: total 0 records
2025-05-08 21:35:14,359 prefix: すい total 309 words: total 4166 records
2025-05-08 21:35:23,178 prefix: すう total 94 words: total 1508 records
2025-05-08 21:35:27,911 prefix: すえ total 48 words: total 362 records
2025-05-08 21:35:29,722 prefix: すお total 10 words: total 136 records
2025-05-08 21:35:42,007 prefix: すか total 138 words: total 2393 records
2025-05-08 21:35:51,041 prefix: すが total 98 words: total 1186 records
2025-05-08 21:36:02,519 prefix: すき total 125 words: total 2204 records
2025-05-08 21:36:20,173 prefix: すぎ total 205 words: total 2286 records
2025-05-08 21:36:29,990 prefix: すく total 112 words: total 1217 records
2025-05-08 21:36:32,201 prefix: すぐ total 16 words: total 171 records
2025-05-08 21:36:37,453 prefix: すけ total 56 words: total 562 records
2025-05-08 21:36:38,767 prefix: すげ total 3 words: total 63 records
2025-05-08 21:36:46,561 prefix: すこ total 92 words: total 691 records
2025-05-08 21:36:49,241 prefix: すご total 22 words: total 207 records
2025-05-08 21:36:51,366 prefix: すさ total 12 words: total 311 records
2025-05-08 21:36:54,214 prefix: すざ total 17 words: total 268 records
2025-05-08 21:36:57,642 prefix: すし total 23 words: total 382 records
2025-05-08 21:36:59,697 prefix: すじ total 9 words: total 160 records
2025-05-08 21:37:01,908 prefix: すす total 12 words: total 159 records
2025-05-08 21:37:41,517 prefix: すず total 397 words: total 3818 records
2025-05-08 21:37:42,923 prefix: すせ total 3 words: total 13 records
2025-05-08 21:37:44,037 prefix: すぜ total 0 words: total 0 records
2025-05-08 21:37:45,403 prefix: すそ total 4 words: total 7 records
2025-05-08 21:37:46,473 prefix: すぞ total 0 words: total 0 records
2025-05-08 21:38:18,383 prefix: すた total 300 words: total 4741 records
2025-05-08 21:38:21,265 prefix: すだ total 18 words: total 387 records
2025-05-08 21:38:25,660 prefix: すち total 36 words: total 298 records
2025-05-08 21:38:26,756 prefix: すぢ total 0 words: total 0 records
2025-05-08 21:38:29,975 prefix: すっ total 21 words: total 562 records
2025-05-08 21:38:31,046 prefix: すつ total 0 words: total 0 records
2025-05-08 21:38:32,238 prefix: すづ total 1 words: total 2 records
2025-05-08 21:39:09,245 prefix: すて total 350 words: total 3516 records
2025-05-08 21:39:10,789 prefix: すで total 5 words: total 56 records
2025-05-08 21:39:36,813 prefix: すと total 244 words: total 2728 records
2025-05-08 21:39:39,295 prefix: すど total 14 words: total 196 records
2025-05-08 21:39:49,201 prefix: すな total 77 words: total 1302 records
2025-05-08 21:39:51,528 prefix: すに total 10 words: total 312 records
2025-05-08 21:39:53,839 prefix: すぬ total 10 words: total 131 records
2025-05-08 21:39:56,495 prefix: すね total 17 words: total 90 records
2025-05-08 21:40:03,928 prefix: すの total 57 words: total 1057 records
2025-05-08 21:40:05,242 prefix: すは total 3 words: total 23 records
2025-05-08 21:40:08,217 prefix: すば total 19 words: total 115 records
2025-05-08 21:40:20,336 prefix: すぱ total 107 words: total 1578 records
2025-05-08 21:40:21,414 prefix: すひ total 0 words: total 0 records
2025-05-08 21:40:22,757 prefix: すび total 2 words: total 69 records
2025-05-08 21:40:33,083 prefix: すぴ total 81 words: total 1333 records
2025-05-08 21:40:34,941 prefix: すふ total 8 words: total 103 records
2025-05-08 21:40:36,026 prefix: すぶ total 0 words: total 0 records
2025-05-08 21:40:43,938 prefix: すぷ total 62 words: total 714 records
2025-05-08 21:40:45,185 prefix: すへ total 2 words: total 1 records
2025-05-08 21:40:48,570 prefix: すべ total 21 words: total 110 records
2025-05-08 21:41:03,873 prefix: すぺ total 135 words: total 1018 records
2025-05-08 21:41:05,266 prefix: すほ total 3 words: total 74 records
2025-05-08 21:41:06,462 prefix: すぼ total 1 words: total 18 records
2025-05-08 21:41:16,791 prefix: すぽ total 86 words: total 993 records
2025-05-08 21:41:25,792 prefix: すま total 87 words: total 1233 records
2025-05-08 21:41:41,938 prefix: すみ total 150 words: total 1570 records
2025-05-08 21:41:43,773 prefix: すむ total 8 words: total 110 records
2025-05-08 21:41:46,153 prefix: すめ total 9 words: total 79 records
2025-05-08 21:41:52,981 prefix: すも total 44 words: total 499 records
2025-05-08 21:41:54,609 prefix: すや total 5 words: total 92 records
2025-05-08 21:41:55,769 prefix: すゆ total 1 words: total 1 records
2025-05-08 21:41:56,851 prefix: すよ total 0 words: total 0 records
2025-05-08 21:42:04,366 prefix: すら total 60 words: total 940 records
2025-05-08 21:42:14,926 prefix: すり total 89 words: total 1621 records
2025-05-08 21:42:19,965 prefix: する total 33 words: total 499 records
2025-05-08 21:42:23,628 prefix: すれ total 18 words: total 328 records
2025-05-08 21:42:28,530 prefix: すろ total 42 words: total 791 records
2025-05-08 21:42:34,076 prefix: すわ total 54 words: total 907 records
2025-05-08 21:42:36,942 prefix: すっ total 21 words: total 562 records
2025-05-08 21:42:38,032 group: す written 53029 records to CSV
2025-05-08 21:42:38,388 prefix: ずあ total 4 words: total 46 records
2025-05-08 21:42:41,304 prefix: ずい total 22 words: total 457 records
2025-05-08 21:42:42,572 prefix: ずう total 2 words: total 63 records
2025-05-08 21:42:43,646 prefix: ずえ total 0 words: total 0 records
2025-05-08 21:42:45,031 prefix: ずお total 4 words: total 93 records
2025-05-08 21:42:46,153 prefix: ずか total 1 words: total 0 records
2025-05-08 21:42:47,621 prefix: ずが total 5 words: total 122 records
2025-05-08 21:42:49,001 prefix: ずき total 3 words: total 51 records
2025-05-08 21:42:50,068 prefix: ずぎ total 0 words: total 0 records
2025-05-08 21:42:51,139 prefix: ずく total 0 words: total 0 records
2025-05-08 21:42:52,338 prefix: ずぐ total 2 words: total 9 records
2025-05-08 21:42:53,539 prefix: ずけ total 2 words: total 13 records
2025-05-08 21:42:54,613 prefix: ずげ total 0 words: total 0 records
2025-05-08 21:42:55,690 prefix: ずこ total 0 words: total 0 records
2025-05-08 21:42:56,763 prefix: ずご total 0 words: total 0 records
2025-05-08 21:42:57,828 prefix: ずさ total 0 words: total 0 records
2025-05-08 21:42:59,080 prefix: ずざ total 3 words: total 7 records
2025-05-08 21:43:00,642 prefix: ずし total 4 words: total 64 records
2025-05-08 21:43:01,725 prefix: ずじ total 0 words: total 0 records
2025-05-08 21:43:02,800 prefix: ずす total 0 words: total 0 records
2025-05-08 21:43:04,016 prefix: ずず total 1 words: total 113 records
2025-05-08 21:43:05,085 prefix: ずせ total 0 words: total 0 records
2025-05-08 21:43:06,164 prefix: ずぜ total 0 words: total 0 records
2025-05-08 21:43:07,235 prefix: ずそ total 0 words: total 0 records
2025-05-08 21:43:08,308 prefix: ずぞ total 0 words: total 0 records
2025-05-08 21:43:09,384 prefix: ずた total 0 words: total 0 records
2025-05-08 21:43:10,703 prefix: ずだ total 3 words: total 89 records
2025-05-08 21:43:11,787 prefix: ずち total 0 words: total 0 records
2025-05-08 21:43:12,869 prefix: ずぢ total 0 words: total 0 records
2025-05-08 21:43:15,224 prefix: ずっ total 18 words: total 168 records
2025-05-08 21:43:16,372 prefix: ずつ total 1 words: total 36 records
2025-05-08 21:43:17,442 prefix: ずづ total 0 words: total 0 records
2025-05-08 21:43:18,515 prefix: ずて total 0 words: total 0 records
2025-05-08 21:43:20,176 prefix: ずで total 8 words: total 8 records
2025-05-08 21:43:21,265 prefix: ずと total 0 words: total 0 records
2025-05-08 21:43:22,333 prefix: ずど total 0 words: total 0 records
2025-05-08 21:43:23,480 prefix: ずな total 1 words: total 9 records
2025-05-08 21:43:24,558 prefix: ずに total 0 words: total 0 records
2025-05-08 21:43:25,632 prefix: ずぬ total 0 words: total 0 records
2025-05-08 21:43:26,699 prefix: ずね total 0 words: total 0 records
2025-05-08 21:43:28,140 prefix: ずの total 4 words: total 116 records
2025-05-08 21:43:29,212 prefix: ずは total 0 words: total 0 records
2025-05-08 21:43:30,352 prefix: ずば total 1 words: total 18 records
2025-05-08 21:43:31,494 prefix: ずぱ total 1 words: total 18 records
2025-05-08 21:43:32,566 prefix: ずひ total 0 words: total 0 records
2025-05-08 21:43:33,690 prefix: ずび total 1 words: total 1 records
2025-05-08 21:43:34,761 prefix: ずぴ total 0 words: total 0 records
2025-05-08 21:43:35,849 prefix: ずふ total 0 words: total 0 records
2025-05-08 21:43:36,999 prefix: ずぶ total 1 words: total 21 records
2025-05-08 21:43:38,082 prefix: ずぷ total 0 words: total 0 records
2025-05-08 21:43:39,156 prefix: ずへ total 0 words: total 0 records
2025-05-08 21:43:40,229 prefix: ずべ total 0 words: total 0 records
2025-05-08 21:43:41,294 prefix: ずぺ total 0 words: total 0 records
2025-05-08 21:43:42,385 prefix: ずほ total 0 words: total 0 records
2025-05-08 21:43:43,767 prefix: ずぼ total 2 words: total 51 records
2025-05-08 21:43:44,839 prefix: ずぽ total 0 words: total 0 records
2025-05-08 21:43:45,906 prefix: ずま total 0 words: total 0 records
2025-05-08 21:43:47,055 prefix: ずみ total 1 words: total 19 records
2025-05-08 21:43:48,182 prefix: ずむ total 1 words: total 3 records
2025-05-08 21:43:49,335 prefix: ずめ total 1 words: total 31 records
2025-05-08 21:43:50,471 prefix: ずも total 1 words: total 1 records
2025-05-08 21:43:51,539 prefix: ずや total 0 words: total 0 records
2025-05-08 21:43:52,602 prefix: ずゆ total 0 words: total 0 records
2025-05-08 21:43:53,677 prefix: ずよ total 0 words: total 0 records
2025-05-08 21:43:55,044 prefix: ずら total 5 words: total 14 records
2025-05-08 21:43:56,229 prefix: ずり total 1 words: total 48 records
2025-05-08 21:43:57,769 prefix: ずる total 6 words: total 126 records
2025-05-08 21:43:58,903 prefix: ずれ total 1 words: total 10 records
2025-05-08 21:44:00,013 prefix: ずろ total 0 words: total 0 records
2025-05-08 21:44:01,477 prefix: ずわ total 4 words: total 173 records
2025-05-08 21:44:03,870 prefix: ずっ total 18 words: total 168 records
2025-05-08 21:44:04,895 group: ず written 2166 records to CSV
2025-05-08 21:44:05,150 prefix: せあ total 3 words: total 21 records
2025-05-08 21:45:47,741 prefix: せい total 987 words: total 21284 records
2025-05-08 21:45:49,206 prefix: せう total 3 words: total 15 records
2025-05-08 21:45:50,342 prefix: せえ total 0 words: total 0 records
2025-05-08 21:45:53,870 prefix: せお total 20 words: total 264 records
2025-05-08 21:46:13,314 prefix: せか total 197 words: total 1979 records
2025-05-08 21:46:16,647 prefix: せが total 22 words: total 222 records
2025-05-08 21:46:32,248 prefix: せき total 190 words: total 1971 records
2025-05-08 21:46:33,396 prefix: せぎ total 1 words: total 11 records
2025-05-08 21:46:37,517 prefix: せく total 38 words: total 593 records
2025-05-08 21:46:39,413 prefix: せぐ total 12 words: total 81 records
2025-05-08 21:46:40,825 prefix: せけ total 5 words: total 30 records
2025-05-08 21:46:42,056 prefix: せげ total 2 words: total 13 records
2025-05-08 21:46:44,503 prefix: せこ total 18 words: total 255 records
2025-05-08 21:46:45,654 prefix: せご total 1 words: total 14 records
2025-05-08 21:46:47,168 prefix: せさ total 4 words: total 24 records
2025-05-08 21:46:48,422 prefix: せざ total 2 words: total 22 records
2025-05-08 21:46:51,292 prefix: せし total 21 words: total 106 records
2025-05-08 21:46:52,709 prefix: せじ total 3 words: total 34 records
2025-05-08 21:46:54,784 prefix: せす total 13 words: total 115 records
2025-05-08 21:46:55,878 prefix: せず total 0 words: total 0 records
2025-05-08 21:46:57,304 prefix: せせ total 4 words: total 92 records
2025-05-08 21:46:58,395 prefix: せぜ total 0 words: total 0 records
2025-05-08 21:46:59,653 prefix: せそ total 1 words: total 12 records
2025-05-08 21:47:00,899 prefix: せぞ total 1 words: total 10 records
2025-05-08 21:47:03,752 prefix: せた total 17 words: total 146 records
2025-05-08 21:47:05,171 prefix: せだ total 4 words: total 21 records
2025-05-08 21:47:06,685 prefix: せち total 4 words: total 36 records
2025-05-08 21:47:07,756 prefix: せぢ total 0 words: total 0 records
2025-05-08 21:47:20,173 prefix: せっ total 111 words: total 2442 records
2025-05-08 21:47:25,880 prefix: せつ total 52 words: total 605 records
2025-05-08 21:47:26,947 prefix: せづ total 0 words: total 0 records
2025-05-08 21:47:28,222 prefix: せて total 2 words: total 25 records
2025-05-08 21:47:29,368 prefix: せで total 1 words: total 5 records
2025-05-08 21:47:35,828 prefix: せと total 54 words: total 788 records
2025-05-08 21:47:37,726 prefix: せど total 6 words: total 61 records
2025-05-08 21:47:40,169 prefix: せな total 15 words: total 159 records
2025-05-08 21:47:41,476 prefix: せに total 2 words: total 25 records
2025-05-08 21:47:42,555 prefix: せぬ total 0 words: total 0 records
2025-05-08 21:47:44,139 prefix: せね total 5 words: total 10 records
2025-05-08 21:47:46,449 prefix: せの total 10 words: total 214 records
2025-05-08 21:47:47,543 prefix: せは total 0 words: total 0 records
2025-05-08 21:47:51,346 prefix: せば total 25 words: total 199 records
2025-05-08 21:47:53,011 prefix: せぱ total 4 words: total 40 records
2025-05-08 21:47:54,082 prefix: せひ total 0 words: total 0 records
2025-05-08 21:47:55,341 prefix: せび total 3 words: total 13 records
2025-05-08 21:47:56,493 prefix: せぴ total 1 words: total 27 records
2025-05-08 21:47:58,019 prefix: せふ total 6 words: total 68 records
2025-05-08 21:48:02,846 prefix: せぶ total 47 words: total 627 records
2025-05-08 21:48:04,247 prefix: せぷ total 4 words: total 62 records
2025-05-08 21:48:05,371 prefix: せへ total 1 words: total 3 records
2025-05-08 21:48:06,552 prefix: せべ total 2 words: total 0 records
2025-05-08 21:48:07,624 prefix: せぺ total 0 words: total 0 records
2025-05-08 21:48:08,697 prefix: せほ total 0 words: total 0 records
2025-05-08 21:48:09,854 prefix: せぼ total 1 words: total 5 records
2025-05-08 21:48:10,922 prefix: せぽ total 0 words: total 0 records
2025-05-08 21:48:12,568 prefix: せま total 7 words: total 147 records
2025-05-08 21:48:16,085 prefix: せみ total 29 words: total 402 records
2025-05-08 21:48:17,260 prefix: せむ total 1 words: total 13 records
2025-05-08 21:48:18,863 prefix: せめ total 6 words: total 44 records
2025-05-08 21:48:20,036 prefix: せも total 1 words: total 14 records
2025-05-08 21:48:21,533 prefix: せや total 5 words: total 50 records
2025-05-08 21:48:22,633 prefix: せゆ total 0 words: total 0 records
2025-05-08 21:48:23,701 prefix: せよ total 0 words: total 0 records
2025-05-08 21:48:27,649 prefix: せら total 29 words: total 399 records
2025-05-08 21:48:32,230 prefix: せり total 34 words: total 337 records
2025-05-08 21:48:43,618 prefix: せる total 107 words: total 853 records
2025-05-08 21:48:47,708 prefix: せれ total 32 words: total 120 records
2025-05-08 21:48:49,377 prefix: せろ total 7 words: total 68 records
2025-05-08 21:48:50,560 prefix: せわ total 1 words: total 0 records
2025-05-08 21:49:04,832 prefix: せっ total 111 words: total 2442 records
2025-05-08 21:49:05,902 group: せ written 37638 records to CSV
2025-05-08 21:49:06,255 prefix: ぜあ total 3 words: total 7 records
2025-05-08 21:49:10,171 prefix: ぜい total 26 words: total 527 records
2025-05-08 21:49:11,376 prefix: ぜう total 2 words: total 7 records
2025-05-08 21:49:12,448 prefix: ぜえ total 0 words: total 0 records
2025-05-08 21:49:13,588 prefix: ぜお total 1 words: total 20 records
2025-05-08 21:49:14,993 prefix: ぜか total 2 words: total 30 records
2025-05-08 21:49:16,145 prefix: ぜが total 1 words: total 12 records
2025-05-08 21:49:17,217 prefix: ぜき total 0 words: total 0 records
2025-05-08 21:49:18,307 prefix: ぜぎ total 0 words: total 0 records
2025-05-08 21:49:19,770 prefix: ぜく total 3 words: total 69 records
2025-05-08 21:49:20,881 prefix: ぜぐ total 0 words: total 0 records
2025-05-08 21:49:21,955 prefix: ぜけ total 0 words: total 0 records
2025-05-08 21:49:23,197 prefix: ぜげ total 1 words: total 15 records
2025-05-08 21:49:24,352 prefix: ぜこ total 0 words: total 0 records
2025-05-08 21:49:25,487 prefix: ぜご total 0 words: total 0 records
2025-05-08 21:49:26,562 prefix: ぜさ total 0 words: total 0 records
2025-05-08 21:49:27,633 prefix: ぜざ total 0 words: total 0 records
2025-05-08 21:49:28,705 prefix: ぜし total 0 words: total 0 records
2025-05-08 21:49:29,809 prefix: ぜじ total 0 words: total 0 records
2025-05-08 21:49:30,901 prefix: ぜす total 0 words: total 0 records
2025-05-08 21:49:31,984 prefix: ぜず total 0 words: total 0 records
2025-05-08 21:49:33,225 prefix: ぜせ total 1 words: total 9 records
2025-05-08 21:49:34,452 prefix: ぜぜ total 1 words: total 3 records
2025-05-08 21:49:35,541 prefix: ぜそ total 0 words: total 0 records
2025-05-08 21:49:36,671 prefix: ぜぞ total 0 words: total 0 records
2025-05-08 21:49:37,917 prefix: ぜた total 2 words: total 28 records
2025-05-08 21:49:39,118 prefix: ぜだ total 1 words: total 15 records
2025-05-08 21:49:40,203 prefix: ぜち total 0 words: total 0 records
2025-05-08 21:49:41,272 prefix: ぜぢ total 0 words: total 0 records
2025-05-08 21:49:49,357 prefix: ぜっ total 63 words: total 1329 records
2025-05-08 21:49:52,388 prefix: ぜつ total 19 words: total 188 records
2025-05-08 21:49:53,457 prefix: ぜづ total 0 words: total 0 records
2025-05-08 21:49:54,535 prefix: ぜて total 0 words: total 0 records
2025-05-08 21:49:55,619 prefix: ぜで total 0 words: total 0 records
2025-05-08 21:49:56,736 prefix: ぜと total 0 words: total 0 records
2025-05-08 21:49:57,809 prefix: ぜど total 0 words: total 0 records
2025-05-08 21:49:58,979 prefix: ぜな total 1 words: total 16 records
2025-05-08 21:50:01,558 prefix: ぜに total 15 words: total 82 records
2025-05-08 21:50:02,660 prefix: ぜぬ total 0 words: total 0 records
2025-05-08 21:50:04,425 prefix: ぜね total 5 words: total 36 records
2025-05-08 21:50:06,150 prefix: ぜの total 7 words: total 39 records
2025-05-08 21:50:07,221 prefix: ぜは total 0 words: total 0 records
2025-05-08 21:50:08,393 prefix: ぜば total 1 words: total 1 records
2025-05-08 21:50:09,457 prefix: ぜぱ total 0 words: total 0 records
2025-05-08 21:50:10,888 prefix: ぜひ total 2 words: total 20 records
2025-05-08 21:50:11,986 prefix: ぜび total 0 words: total 0 records
2025-05-08 21:50:13,060 prefix: ぜぴ total 0 words: total 0 records
2025-05-08 21:50:14,400 prefix: ぜふ total 3 words: total 31 records
2025-05-08 21:50:15,929 prefix: ぜぶ total 5 words: total 101 records
2025-05-08 21:50:17,005 prefix: ぜぷ total 0 words: total 0 records
2025-05-08 21:50:18,077 prefix: ぜへ total 0 words: total 0 records
2025-05-08 21:50:19,140 prefix: ぜべ total 0 words: total 0 records
2025-05-08 21:50:20,207 prefix: ぜぺ total 0 words: total 0 records
2025-05-08 21:50:21,282 prefix: ぜほ total 0 words: total 0 records
2025-05-08 21:50:22,349 prefix: ぜぼ total 0 words: total 0 records
2025-05-08 21:50:23,418 prefix: ぜぽ total 0 words: total 0 records
2025-05-08 21:50:24,623 prefix: ぜま total 1 words: total 57 records
2025-05-08 21:50:25,864 prefix: ぜみ total 2 words: total 58 records
2025-05-08 21:50:27,005 prefix: ぜむ total 1 words: total 0 records
2025-05-08 21:50:28,145 prefix: ぜめ total 1 words: total 5 records
2025-05-08 21:50:29,222 prefix: ぜも total 0 words: total 0 records
2025-05-08 21:50:30,303 prefix: ぜや total 0 words: total 0 records
2025-05-08 21:50:31,373 prefix: ぜゆ total 0 words: total 0 records
2025-05-08 21:50:32,445 prefix: ぜよ total 0 words: total 0 records
2025-05-08 21:50:33,758 prefix: ぜら total 3 words: total 58 records
2025-05-08 21:50:35,141 prefix: ぜり total 4 words: total 76 records
2025-05-08 21:50:36,790 prefix: ぜる total 8 words: total 68 records
2025-05-08 21:50:38,101 prefix: ぜれ total 3 words: total 21 records
2025-05-08 21:50:42,707 prefix: ぜろ total 43 words: total 523 records
2025-05-08 21:50:43,782 prefix: ぜわ total 0 words: total 0 records
2025-05-08 21:50:50,195 prefix: ぜっ total 63 words: total 1329 records
2025-05-08 21:50:51,222 group: ぜ written 4780 records to CSV
2025-05-08 21:50:51,493 prefix: そあ total 2 words: total 109 records
2025-05-08 21:50:53,576 prefix: そい total 12 words: total 260 records
2025-05-08 21:51:51,317 prefix: そう total 508 words: total 20334 records
2025-05-08 21:51:53,449 prefix: そえ total 14 words: total 155 records
2025-05-08 21:51:54,732 prefix: そお total 3 words: total 18 records
2025-05-08 21:51:55,984 prefix: そか total 2 words: total 69 records
2025-05-08 21:51:59,608 prefix: そが total 29 words: total 595 records
2025-05-08 21:52:00,674 prefix: そき total 0 words: total 0 records
2025-05-08 21:52:02,359 prefix: そぎ total 4 words: total 173 records
2025-05-08 21:52:07,110 prefix: そく total 43 words: total 781 records
2025-05-08 21:52:08,329 prefix: そぐ total 2 words: total 20 records
2025-05-08 21:52:09,540 prefix: そけ total 2 words: total 12 records
2025-05-08 21:52:10,863 prefix: そげ total 3 words: total 37 records
2025-05-08 21:52:13,950 prefix: そこ total 24 words: total 542 records
2025-05-08 21:52:16,278 prefix: そご total 15 words: total 327 records
2025-05-08 21:52:17,418 prefix: そさ total 1 words: total 9 records
2025-05-08 21:52:18,582 prefix: そざ total 1 words: total 25 records
2025-05-08 21:52:21,842 prefix: そし total 20 words: total 387 records
2025-05-08 21:52:23,051 prefix: そじ total 2 words: total 16 records
2025-05-08 21:52:24,470 prefix: そす total 4 words: total 85 records
2025-05-08 21:52:25,536 prefix: そず total 0 words: total 0 records
2025-05-08 21:52:26,951 prefix: そせ total 4 words: total 77 records
2025-05-08 21:52:28,175 prefix: そぜ total 2 words: total 30 records
2025-05-08 21:52:29,459 prefix: そそ total 2 words: total 95 records
2025-05-08 21:52:30,601 prefix: そぞ total 1 words: total 13 records
2025-05-08 21:52:31,944 prefix: そた total 3 words: total 75 records
2025-05-08 21:52:34,812 prefix: そだ total 15 words: total 528 records
2025-05-08 21:52:36,628 prefix: そち total 7 words: total 180 records
2025-05-08 21:52:37,743 prefix: そぢ total 0 words: total 0 records
2025-05-08 21:52:42,681 prefix: そっ total 30 words: total 1281 records
2025-05-08 21:52:46,501 prefix: そつ total 27 words: total 408 records
2025-05-08 21:52:47,606 prefix: そづ total 0 words: total 0 records
2025-05-08 21:52:49,038 prefix: そて total 5 words: total 38 records
2025-05-08 21:52:51,212 prefix: そで total 11 words: total 81 records
2025-05-08 21:52:54,731 prefix: そと total 24 words: total 524 records
2025-05-08 21:52:56,212 prefix: そど total 3 words: total 194 records
2025-05-08 21:52:58,241 prefix: そな total 11 words: total 133 records
2025-05-08 21:53:05,005 prefix: そに total 53 words: total 977 records
2025-05-08 21:53:06,083 prefix: そぬ total 0 words: total 0 records
2025-05-08 21:53:09,231 prefix: そね total 18 words: total 201 records
2025-05-08 21:53:19,304 prefix: その total 90 words: total 1631 records
2025-05-08 21:53:21,078 prefix: そは total 3 words: total 28 records
2025-05-08 21:53:23,379 prefix: そば total 10 words: total 261 records
2025-05-08 21:53:24,508 prefix: そぱ total 1 words: total 7 records
2025-05-08 21:53:25,690 prefix: そひ total 1 words: total 59 records
2025-05-08 21:53:27,122 prefix: そび total 5 words: total 9 records
2025-05-08 21:53:28,274 prefix: そぴ total 1 words: total 18 records
2025-05-08 21:53:35,120 prefix: そふ total 71 words: total 1076 records
2025-05-08 21:53:36,696 prefix: そぶ total 6 words: total 103 records
2025-05-08 21:53:37,771 prefix: そぷ total 0 words: total 0 records
2025-05-08 21:53:38,908 prefix: そへ total 1 words: total 0 records
2025-05-08 21:53:40,083 prefix: そべ total 1 words: total 12 records
2025-05-08 21:53:41,227 prefix: そぺ total 0 words: total 0 records
2025-05-08 21:53:42,408 prefix: そほ total 1 words: total 4 records
2025-05-08 21:53:43,794 prefix: そぼ total 3 words: total 43 records
2025-05-08 21:53:45,082 prefix: そぽ total 1 words: total 16 records
2025-05-08 21:53:46,695 prefix: そま total 5 words: total 82 records
2025-05-08 21:53:48,006 prefix: そみ total 2 words: total 90 records
2025-05-08 21:53:49,369 prefix: そむ total 2 words: total 4 records
2025-05-08 21:53:51,770 prefix: そめ total 13 words: total 90 records
2025-05-08 21:53:52,841 prefix: そも total 0 words: total 0 records
2025-05-08 21:53:54,224 prefix: そや total 2 words: total 124 records
2025-05-08 21:53:55,387 prefix: そゆ total 1 words: total 2 records
2025-05-08 21:53:57,274 prefix: そよ total 6 words: total 345 records
2025-05-08 21:54:05,589 prefix: そら total 67 words: total 1275 records
2025-05-08 21:54:09,791 prefix: そり total 31 words: total 476 records
2025-05-08 21:54:13,930 prefix: そる total 25 words: total 591 records
2025-05-08 21:54:18,353 prefix: それ total 31 words: total 221 records
2025-05-08 21:54:23,642 prefix: そろ total 34 words: total 930 records
2025-05-08 21:54:24,966 prefix: そわ total 3 words: total 88 records
2025-05-08 21:54:29,162 prefix: そっ total 30 words: total 1281 records
2025-05-08 21:54:30,241 group: そ written 37655 records to CSV
2025-05-08 21:54:30,432 prefix: ぞあ total 1 words: total 63 records
2025-05-08 21:54:32,617 prefix: ぞい total 10 words: total 49 records
2025-05-08 21:54:42,765 prefix: ぞう total 70 words: total 3100 records
2025-05-08 21:54:43,839 prefix: ぞえ total 0 words: total 0 records
2025-05-08 21:54:44,897 prefix: ぞお total 0 words: total 0 records
2025-05-08 21:54:46,014 prefix: ぞか total 0 words: total 0 records
2025-05-08 21:54:47,083 prefix: ぞが total 0 words: total 0 records
2025-05-08 21:54:48,206 prefix: ぞき total 0 words: total 0 records
2025-05-08 21:54:49,276 prefix: ぞぎ total 0 words: total 0 records
2025-05-08 21:54:52,382 prefix: ぞく total 24 words: total 248 records
2025-05-08 21:54:53,457 prefix: ぞぐ total 0 words: total 0 records
2025-05-08 21:54:54,548 prefix: ぞけ total 0 words: total 0 records
2025-05-08 21:54:55,628 prefix: ぞげ total 0 words: total 0 records
2025-05-08 21:54:56,691 prefix: ぞこ total 0 words: total 0 records
2025-05-08 21:54:57,762 prefix: ぞご total 0 words: total 0 records
2025-05-08 21:54:58,882 prefix: ぞさ total 0 words: total 0 records
2025-05-08 21:54:59,999 prefix: ぞざ total 0 words: total 0 records
2025-05-08 21:55:01,318 prefix: ぞし total 2 words: total 85 records
2025-05-08 21:55:02,401 prefix: ぞじ total 0 words: total 0 records
2025-05-08 21:55:03,477 prefix: ぞす total 0 words: total 0 records
2025-05-08 21:55:04,549 prefix: ぞず total 0 words: total 0 records
2025-05-08 21:55:05,624 prefix: ぞせ total 0 words: total 0 records
2025-05-08 21:55:06,708 prefix: ぞぜ total 0 words: total 0 records
2025-05-08 21:55:07,807 prefix: ぞそ total 0 words: total 0 records
2025-05-08 21:55:09,177 prefix: ぞぞ total 3 words: total 43 records
2025-05-08 21:55:10,282 prefix: ぞた total 0 words: total 0 records
2025-05-08 21:55:11,451 prefix: ぞだ total 0 words: total 0 records
2025-05-08 21:55:12,527 prefix: ぞち total 0 words: total 0 records
2025-05-08 21:55:13,605 prefix: ぞぢ total 0 words: total 0 records
2025-05-08 21:55:14,736 prefix: ぞっ total 1 words: total 1 records
2025-05-08 21:55:15,821 prefix: ぞつ total 0 words: total 0 records
2025-05-08 21:55:16,900 prefix: ぞづ total 0 words: total 0 records
2025-05-08 21:55:17,994 prefix: ぞて total 0 words: total 0 records
2025-05-08 21:55:19,359 prefix: ぞで total 3 words: total 55 records
2025-05-08 21:55:20,425 prefix: ぞと total 0 words: total 0 records
2025-05-08 21:55:21,536 prefix: ぞど total 0 words: total 0 records
2025-05-08 21:55:22,655 prefix: ぞな total 0 words: total 0 records
2025-05-08 21:55:23,755 prefix: ぞに total 0 words: total 0 records
2025-05-08 21:55:24,829 prefix: ぞぬ total 0 words: total 0 records
2025-05-08 21:55:25,918 prefix: ぞね total 0 words: total 0 records
2025-05-08 21:55:27,076 prefix: ぞの total 1 words: total 0 records
2025-05-08 21:55:28,144 prefix: ぞは total 0 words: total 0 records
2025-05-08 21:55:29,209 prefix: ぞば total 0 words: total 0 records
2025-05-08 21:55:30,340 prefix: ぞぱ total 0 words: total 0 records
2025-05-08 21:55:31,494 prefix: ぞひ total 0 words: total 0 records
2025-05-08 21:55:32,655 prefix: ぞび total 0 words: total 0 records
2025-05-08 21:55:33,822 prefix: ぞぴ total 1 words: total 39 records
2025-05-08 21:55:35,401 prefix: ぞふ total 4 words: total 94 records
2025-05-08 21:55:36,660 prefix: ぞぶ total 0 words: total 0 records
2025-05-08 21:55:37,735 prefix: ぞぷ total 0 words: total 0 records
2025-05-08 21:55:38,822 prefix: ぞへ total 0 words: total 0 records
2025-05-08 21:55:39,902 prefix: ぞべ total 0 words: total 0 records
2025-05-08 21:55:40,979 prefix: ぞぺ total 0 words: total 0 records
2025-05-08 21:55:42,062 prefix: ぞほ total 0 words: total 0 records
2025-05-08 21:55:43,221 prefix: ぞぼ total 0 words: total 0 records
2025-05-08 21:55:44,293 prefix: ぞぽ total 0 words: total 0 records
2025-05-08 21:55:45,583 prefix: ぞま total 1 words: total 0 records
2025-05-08 21:55:46,646 prefix: ぞみ total 0 words: total 0 records
2025-05-08 21:55:47,789 prefix: ぞむ total 1 words: total 7 records
2025-05-08 21:55:48,907 prefix: ぞめ total 0 words: total 0 records
2025-05-08 21:55:49,993 prefix: ぞも total 0 words: total 0 records
2025-05-08 21:55:51,058 prefix: ぞや total 0 words: total 0 records
2025-05-08 21:55:52,134 prefix: ぞゆ total 0 words: total 0 records
2025-05-08 21:55:53,248 prefix: ぞよ total 0 words: total 0 records
2025-05-08 21:55:54,796 prefix: ぞら total 4 words: total 107 records
2025-05-08 21:55:55,864 prefix: ぞり total 0 words: total 0 records
2025-05-08 21:55:58,033 prefix: ぞる total 10 words: total 134 records
2025-05-08 21:55:59,108 prefix: ぞれ total 0 words: total 0 records
2025-05-08 21:56:00,703 prefix: ぞろ total 4 words: total 175 records
2025-05-08 21:56:01,784 prefix: ぞわ total 0 words: total 0 records
2025-05-08 21:56:02,932 prefix: ぞっ total 1 words: total 1 records
2025-05-08 21:56:03,961 group: ぞ written 4201 records to CSV
2025-05-08 21:56:04,468 prefix: たあ total 4 words: total 169 records
2025-05-08 21:57:40,462 prefix: たい total 957 words: total 25489 records
2025-05-08 21:57:45,408 prefix: たう total 29 words: total 931 records
2025-05-08 21:57:46,724 prefix: たえ total 2 words: total 9 records
2025-05-08 21:57:49,451 prefix: たお total 18 words: total 324 records
2025-05-08 21:58:52,961 prefix: たか total 600 words: total 17172 records
2025-05-08 21:58:58,380 prefix: たが total 35 words: total 1361 records
2025-05-08 21:59:11,738 prefix: たき total 124 words: total 2876 records
2025-05-08 21:59:13,063 prefix: たぎ total 2 words: total 39 records
2025-05-08 21:59:21,335 prefix: たく total 67 words: total 1571 records
2025-05-08 21:59:25,087 prefix: たぐ total 29 words: total 850 records
2025-05-08 22:00:01,778 prefix: たけ total 441 words: total 3733 records
2025-05-08 22:00:03,424 prefix: たげ total 5 words: total 67 records
2025-05-08 22:00:07,368 prefix: たこ total 29 words: total 583 records
2025-05-08 22:00:09,329 prefix: たご total 10 words: total 238 records
2025-05-08 22:00:11,788 prefix: たさ total 11 words: total 532 records
2025-05-08 22:00:15,185 prefix: たざ total 11 words: total 521 records
2025-05-08 22:00:22,100 prefix: たし total 44 words: total 1300 records
2025-05-08 22:00:30,494 prefix: たじ total 52 words: total 1873 records
2025-05-08 22:00:34,205 prefix: たす total 21 words: total 451 records
2025-05-08 22:00:35,410 prefix: たず total 1 words: total 21 records
2025-05-08 22:00:36,653 prefix: たせ total 1 words: total 30 records
2025-05-08 22:00:37,884 prefix: たぜ total 1 words: total 6 records
2025-05-08 22:00:39,991 prefix: たそ total 9 words: total 155 records
2025-05-08 22:00:41,268 prefix: たぞ total 2 words: total 19 records
2025-05-08 22:00:45,915 prefix: たた total 28 words: total 1455 records
2025-05-08 22:00:55,535 prefix: ただ total 67 words: total 2697 records
2025-05-08 22:01:10,678 prefix: たち total 145 words: total 3608 records
2025-05-08 22:01:11,747 prefix: たぢ total 0 words: total 0 records
2025-05-08 22:01:19,457 prefix: たっ total 63 words: total 2429 records
2025-05-08 22:01:26,710 prefix: たつ total 73 words: total 1672 records
2025-05-08 22:01:28,385 prefix: たづ total 4 words: total 148 records
2025-05-08 22:01:37,108 prefix: たて total 88 words: total 1031 records
2025-05-08 22:01:38,345 prefix: たで total 2 words: total 3 records
2025-05-08 22:01:39,666 prefix: たと total 4 words: total 36 records
2025-05-08 22:01:41,296 prefix: たど total 7 words: total 138 records
2025-05-08 22:02:22,069 prefix: たな total 331 words: total 12809 records
2025-05-08 22:02:38,182 prefix: たに total 168 words: total 3829 records
2025-05-08 22:02:40,695 prefix: たぬ total 14 words: total 324 records
2025-05-08 22:02:44,626 prefix: たね total 36 words: total 595 records
2025-05-08 22:02:48,571 prefix: たの total 37 words: total 456 records
2025-05-08 22:02:51,401 prefix: たは total 17 words: total 724 records
2025-05-08 22:02:55,054 prefix: たば total 30 words: total 755 records
2025-05-08 22:02:56,218 prefix: たぱ total 1 words: total 30 records
2025-05-08 22:02:57,713 prefix: たひ total 4 words: total 218 records
2025-05-08 22:03:02,572 prefix: たび total 42 words: total 1136 records
2025-05-08 22:03:03,823 prefix: たぴ total 2 words: total 89 records
2025-05-08 22:03:05,345 prefix: たふ total 5 words: total 173 records
2025-05-08 22:03:09,085 prefix: たぶ total 26 words: total 1036 records
2025-05-08 22:03:10,482 prefix: たぷ total 1 words: total 113 records
2025-05-08 22:03:11,594 prefix: たへ total 0 words: total 0 records
2025-05-08 22:03:14,425 prefix: たべ total 17 words: total 251 records
2025-05-08 22:03:15,680 prefix: たぺ total 2 words: total 34 records
2025-05-08 22:03:17,141 prefix: たほ total 3 words: total 165 records
2025-05-08 22:03:18,414 prefix: たぼ total 1 words: total 17 records
2025-05-08 22:03:19,491 prefix: たぽ total 0 words: total 0 records
2025-05-08 22:03:48,182 prefix: たま total 219 words: total 6168 records
2025-05-08 22:03:50,847 prefix: たみ total 13 words: total 316 records
2025-05-08 22:03:59,490 prefix: たむ total 74 words: total 2128 records
2025-05-08 22:04:01,735 prefix: ため total 16 words: total 149 records
2025-05-08 22:04:03,988 prefix: たも total 15 words: total 227 records
2025-05-08 22:04:06,202 prefix: たや total 12 words: total 453 records
2025-05-08 22:04:07,638 prefix: たゆ total 5 words: total 67 records
2025-05-08 22:04:08,986 prefix: たよ total 3 words: total 138 records
2025-05-08 22:04:15,080 prefix: たら total 36 words: total 1690 records
2025-05-08 22:04:17,965 prefix: たり total 16 words: total 464 records
2025-05-08 22:04:25,375 prefix: たる total 39 words: total 953 records
2025-05-08 22:04:29,194 prefix: たれ total 22 words: total 232 records
2025-05-08 22:04:31,637 prefix: たろ total 14 words: total 338 records
2025-05-08 22:04:37,415 prefix: たわ total 38 words: total 1131 records
2025-05-08 22:04:44,580 prefix: たっ total 63 words: total 2429 records
2025-05-08 22:04:45,733 group: た written 113174 records to CSV
2025-05-08 22:04:45,865 prefix: だあ total 1 words: total 1 records
2025-05-08 22:06:47,442 prefix: だい total 1058 words: total 28776 records
2025-05-08 22:06:53,626 prefix: だう total 42 words: total 1562 records
2025-05-08 22:06:55,324 prefix: だえ total 5 words: total 115 records
2025-05-08 22:06:56,642 prefix: だお total 2 words: total 75 records
2025-05-08 22:06:58,634 prefix: だか total 6 words: total 407 records
2025-05-08 22:07:00,511 prefix: だが total 4 words: total 377 records
2025-05-08 22:07:03,166 prefix: だき total 11 words: total 328 records
2025-05-08 22:07:04,234 prefix: だぎ total 0 words: total 0 records
2025-05-08 22:07:05,838 prefix: だく total 5 words: total 61 records
2025-05-08 22:07:10,460 prefix: だぐ total 31 words: total 694 records
2025-05-08 22:07:11,911 prefix: だけ total 4 words: total 53 records
2025-05-08 22:07:13,431 prefix: だげ total 5 words: total 21 records
2025-05-08 22:07:15,508 prefix: だこ total 12 words: total 270 records
2025-05-08 22:07:16,672 prefix: だご total 0 words: total 0 records
2025-05-08 22:07:19,390 prefix: ださ total 11 words: total 459 records
2025-05-08 22:07:21,428 prefix: だざ total 10 words: total 181 records
2025-05-08 22:07:23,382 prefix: だし total 8 words: total 330 records
2025-05-08 22:07:25,048 prefix: だじ total 5 words: total 312 records
2025-05-08 22:07:27,109 prefix: だす total 13 words: total 201 records
2025-05-08 22:07:28,254 prefix: だず total 1 words: total 4 records
2025-05-08 22:07:29,479 prefix: だせ total 2 words: total 13 records
2025-05-08 22:07:30,547 prefix: だぜ total 0 words: total 0 records
2025-05-08 22:07:31,750 prefix: だそ total 1 words: total 44 records
2025-05-08 22:07:32,814 prefix: だぞ total 0 words: total 0 records
2025-05-08 22:07:34,050 prefix: だた total 1 words: total 132 records
2025-05-08 22:07:35,539 prefix: だだ total 4 words: total 175 records
2025-05-08 22:07:36,969 prefix: だち total 4 words: total 138 records
2025-05-08 22:07:38,052 prefix: だぢ total 0 words: total 0 records
2025-05-08 22:07:48,306 prefix: だっ total 75 words: total 3170 records
2025-05-08 22:07:53,040 prefix: だつ total 27 words: total 806 records
2025-05-08 22:07:54,129 prefix: だづ total 0 words: total 0 records
2025-05-08 22:08:01,523 prefix: だて total 55 words: total 617 records
2025-05-08 22:08:03,003 prefix: だで total 3 words: total 132 records
2025-05-08 22:08:04,494 prefix: だと total 4 words: total 125 records
2025-05-08 22:08:05,556 prefix: だど total 0 words: total 0 records
2025-05-08 22:08:08,217 prefix: だな total 12 words: total 426 records
2025-05-08 22:08:22,972 prefix: だに total 139 words: total 1903 records
2025-05-08 22:08:24,140 prefix: だぬ total 1 words: total 1 records
2025-05-08 22:08:25,480 prefix: だね total 2 words: total 57 records
2025-05-08 22:08:28,892 prefix: だの total 20 words: total 613 records
2025-05-08 22:08:30,188 prefix: だは total 2 words: total 17 records
2025-05-08 22:08:31,263 prefix: だば total 0 words: total 0 records
2025-05-08 22:08:32,525 prefix: だぱ total 1 words: total 66 records
2025-05-08 22:08:33,623 prefix: だひ total 0 words: total 0 records
2025-05-08 22:08:37,142 prefix: だび total 22 words: total 386 records
2025-05-08 22:08:38,231 prefix: だぴ total 0 words: total 0 records
2025-05-08 22:08:40,371 prefix: だふ total 8 words: total 227 records
2025-05-08 22:08:49,630 prefix: だぶ total 75 words: total 1327 records
2025-05-08 22:08:50,801 prefix: だぷ total 1 words: total 12 records
2025-05-08 22:08:51,867 prefix: だへ total 0 words: total 0 records
2025-05-08 22:08:53,063 prefix: だべ total 1 words: total 35 records
2025-05-08 22:08:54,130 prefix: だぺ total 0 words: total 0 records
2025-05-08 22:08:55,337 prefix: だほ total 2 words: total 2 records
2025-05-08 22:08:56,475 prefix: だぼ total 1 words: total 9 records
2025-05-08 22:08:57,548 prefix: だぽ total 0 words: total 0 records
2025-05-08 22:09:00,569 prefix: だま total 19 words: total 754 records
2025-05-08 22:09:03,153 prefix: だみ total 16 words: total 411 records
2025-05-08 22:09:05,591 prefix: だむ total 14 words: total 607 records
2025-05-08 22:09:07,336 prefix: だめ total 8 words: total 90 records
2025-05-08 22:09:08,674 prefix: だも total 3 words: total 37 records
2025-05-08 22:09:09,805 prefix: だや total 1 words: total 0 records
2025-05-08 22:09:10,868 prefix: だゆ total 0 words: total 0 records
2025-05-08 22:09:11,936 prefix: だよ total 0 words: total 0 records
2025-05-08 22:09:14,877 prefix: だら total 20 words: total 749 records
2025-05-08 22:09:18,793 prefix: だり total 35 words: total 573 records
2025-05-08 22:09:24,214 prefix: だる total 44 words: total 1749 records
2025-05-08 22:09:29,470 prefix: だれ total 52 words: total 436 records
2025-05-08 22:09:30,932 prefix: だろ total 4 words: total 166 records
2025-05-08 22:09:32,008 prefix: だわ total 0 words: total 0 records
2025-05-08 22:09:40,696 prefix: だっ total 75 words: total 3170 records
2025-05-08 22:09:41,789 group: だ written 53402 records to CSV
2025-05-08 22:09:45,006 prefix: ちあ total 38 words: total 753 records
2025-05-08 22:09:53,264 prefix: ちい total 77 words: total 1614 records
2025-05-08 22:09:54,403 prefix: ちう total 1 words: total 21 records
2025-05-08 22:09:56,184 prefix: ちえ total 9 words: total 56 records
2025-05-08 22:09:58,117 prefix: ちお total 9 words: total 166 records
2025-05-08 22:10:05,223 prefix: ちか total 64 words: total 1124 records
2025-05-08 22:10:07,118 prefix: ちが total 9 words: total 213 records
2025-05-08 22:10:16,908 prefix: ちき total 98 words: total 1593 records
2025-05-08 22:10:18,763 prefix: ちぎ total 10 words: total 111 records
2025-05-08 22:10:24,643 prefix: ちく total 59 words: total 1042 records
2025-05-08 22:10:25,799 prefix: ちぐ total 1 words: total 6 records
2025-05-08 22:10:27,634 prefix: ちけ total 11 words: total 69 records
2025-05-08 22:10:28,762 prefix: ちげ total 1 words: total 3 records
2025-05-08 22:10:30,683 prefix: ちこ total 10 words: total 201 records
2025-05-08 22:10:32,006 prefix: ちご total 3 words: total 57 records
2025-05-08 22:10:33,324 prefix: ちさ total 2 words: total 131 records
2025-05-08 22:10:34,476 prefix: ちざ total 1 words: total 18 records
2025-05-08 22:10:37,501 prefix: ちし total 20 words: total 307 records
2025-05-08 22:10:40,358 prefix: ちじ total 15 words: total 479 records
2025-05-08 22:10:41,745 prefix: ちす total 2 words: total 41 records
2025-05-08 22:10:43,290 prefix: ちず total 4 words: total 132 records
2025-05-08 22:10:44,555 prefix: ちせ total 2 words: total 21 records
2025-05-08 22:10:45,623 prefix: ちぜ total 0 words: total 0 records
2025-05-08 22:10:46,893 prefix: ちそ total 2 words: total 83 records
2025-05-08 22:10:48,082 prefix: ちぞ total 1 words: total 49 records
2025-05-08 22:10:49,924 prefix: ちた total 8 words: total 237 records
2025-05-08 22:10:51,580 prefix: ちだ total 7 words: total 129 records
2025-05-08 22:10:56,198 prefix: ちち total 47 words: total 556 records
2025-05-08 22:10:57,548 prefix: ちぢ total 4 words: total 50 records
2025-05-08 22:11:02,762 prefix: ちっ total 41 words: total 863 records
2025-05-08 22:11:04,509 prefix: ちつ total 7 words: total 98 records
2025-05-08 22:11:05,616 prefix: ちづ total 0 words: total 0 records
2025-05-08 22:11:07,385 prefix: ちて total 9 words: total 79 records
2025-05-08 22:11:08,621 prefix: ちで total 2 words: total 27 records
2025-05-08 22:11:10,737 prefix: ちと total 14 words: total 174 records
2025-05-08 22:11:13,427 prefix: ちど total 17 words: total 297 records
2025-05-08 22:11:14,736 prefix: ちな total 3 words: total 73 records
2025-05-08 22:11:15,925 prefix: ちに total 2 words: total 4 records
2025-05-08 22:11:17,199 prefix: ちぬ total 2 words: total 16 records
2025-05-08 22:11:19,305 prefix: ちね total 13 words: total 223 records
2025-05-08 22:11:22,036 prefix: ちの total 19 words: total 569 records
2025-05-08 22:11:25,139 prefix: ちは total 23 words: total 626 records
2025-05-08 22:11:37,885 prefix: ちば total 137 words: total 2896 records
2025-05-08 22:11:38,943 prefix: ちぱ total 0 words: total 0 records
2025-05-08 22:11:40,423 prefix: ちひ total 5 words: total 95 records
2025-05-08 22:11:42,833 prefix: ちび total 18 words: total 225 records
2025-05-08 22:11:43,959 prefix: ちぴ total 1 words: total 4 records
2025-05-08 22:11:45,327 prefix: ちふ total 4 words: total 18 records
2025-05-08 22:11:46,781 prefix: ちぶ total 4 words: total 115 records
2025-05-08 22:11:48,009 prefix: ちぷ total 2 words: total 23 records
2025-05-08 22:11:49,259 prefix: ちへ total 2 words: total 68 records
2025-05-08 22:11:51,647 prefix: ちべ total 18 words: total 152 records
2025-05-08 22:11:52,714 prefix: ちぺ total 0 words: total 0 records
2025-05-08 22:11:57,345 prefix: ちほ total 39 words: total 1018 records
2025-05-08 22:11:58,728 prefix: ちぼ total 4 words: total 53 records
2025-05-08 22:11:59,797 prefix: ちぽ total 0 words: total 0 records
2025-05-08 22:12:01,548 prefix: ちま total 8 words: total 128 records
2025-05-08 22:12:03,290 prefix: ちみ total 5 words: total 171 records
2025-05-08 22:12:04,649 prefix: ちむ total 3 words: total 119 records
2025-05-08 22:12:06,210 prefix: ちめ total 6 words: total 114 records
2025-05-08 22:12:07,349 prefix: ちも total 1 words: total 0 records
2025-05-08 22:12:08,504 prefix: ちや total 1 words: total 25 records
2025-05-08 22:12:09,676 prefix: ちゆ total 1 words: total 19 records
2025-05-08 22:12:12,766 prefix: ちよ total 25 words: total 291 records
2025-05-08 22:12:14,793 prefix: ちら total 10 words: total 299 records
2025-05-08 22:12:18,759 prefix: ちり total 32 words: total 495 records
2025-05-08 22:12:21,033 prefix: ちる total 10 words: total 113 records
2025-05-08 22:12:22,169 prefix: ちれ total 0 words: total 0 records
2025-05-08 22:12:23,886 prefix: ちろ total 6 words: total 101 records
2025-05-08 22:12:25,438 prefix: ちわ total 4 words: total 94 records
2025-05-08 22:12:31,461 prefix: ちっ total 41 words: total 863 records
2025-05-08 22:12:32,515 group: ち written 19810 records to CSV
2025-05-08 22:12:32,603 prefix: ぢあ total 0 words: total 0 records
2025-05-08 22:12:33,724 prefix: ぢい total 0 words: total 0 records
2025-05-08 22:12:34,795 prefix: ぢう total 0 words: total 0 records
2025-05-08 22:12:35,947 prefix: ぢえ total 0 words: total 0 records
2025-05-08 22:12:37,079 prefix: ぢお total 0 words: total 0 records
2025-05-08 22:12:38,194 prefix: ぢか total 0 words: total 0 records
2025-05-08 22:12:39,268 prefix: ぢが total 0 words: total 0 records
2025-05-08 22:12:40,361 prefix: ぢき total 0 words: total 0 records
2025-05-08 22:12:41,446 prefix: ぢぎ total 0 words: total 0 records
2025-05-08 22:12:42,552 prefix: ぢく total 0 words: total 0 records
2025-05-08 22:12:43,630 prefix: ぢぐ total 0 words: total 0 records
2025-05-08 22:12:44,701 prefix: ぢけ total 0 words: total 0 records
2025-05-08 22:12:45,823 prefix: ぢげ total 0 words: total 0 records
2025-05-08 22:12:46,893 prefix: ぢこ total 0 words: total 0 records
2025-05-08 22:12:47,953 prefix: ぢご total 0 words: total 0 records
2025-05-08 22:12:49,023 prefix: ぢさ total 0 words: total 0 records
2025-05-08 22:12:50,089 prefix: ぢざ total 0 words: total 0 records
2025-05-08 22:12:51,156 prefix: ぢし total 0 words: total 0 records
2025-05-08 22:12:52,227 prefix: ぢじ total 0 words: total 0 records
2025-05-08 22:12:53,289 prefix: ぢす total 0 words: total 0 records
2025-05-08 22:12:54,364 prefix: ぢず total 0 words: total 0 records
2025-05-08 22:12:55,430 prefix: ぢせ total 0 words: total 0 records
2025-05-08 22:12:56,495 prefix: ぢぜ total 0 words: total 0 records
2025-05-08 22:12:57,573 prefix: ぢそ total 0 words: total 0 records
2025-05-08 22:12:58,661 prefix: ぢぞ total 0 words: total 0 records
2025-05-08 22:12:59,732 prefix: ぢた total 0 words: total 0 records
2025-05-08 22:13:00,869 prefix: ぢだ total 1 words: total 8 records
2025-05-08 22:13:01,950 prefix: ぢち total 0 words: total 0 records
2025-05-08 22:13:03,022 prefix: ぢぢ total 0 words: total 0 records
2025-05-08 22:13:04,099 prefix: ぢっ total 0 words: total 0 records
2025-05-08 22:13:05,173 prefix: ぢつ total 0 words: total 0 records
2025-05-08 22:13:06,244 prefix: ぢづ total 0 words: total 0 records
2025-05-08 22:13:07,329 prefix: ぢて total 0 words: total 0 records
2025-05-08 22:13:08,396 prefix: ぢで total 0 words: total 0 records
2025-05-08 22:13:09,506 prefix: ぢと total 0 words: total 0 records
2025-05-08 22:13:10,612 prefix: ぢど total 0 words: total 0 records
2025-05-08 22:13:11,692 prefix: ぢな total 0 words: total 0 records
2025-05-08 22:13:12,769 prefix: ぢに total 0 words: total 0 records
2025-05-08 22:13:13,847 prefix: ぢぬ total 0 words: total 0 records
2025-05-08 22:13:14,919 prefix: ぢね total 0 words: total 0 records
2025-05-08 22:13:15,989 prefix: ぢの total 0 words: total 0 records
2025-05-08 22:13:17,094 prefix: ぢは total 0 words: total 0 records
2025-05-08 22:13:18,199 prefix: ぢば total 0 words: total 0 records
2025-05-08 22:13:19,271 prefix: ぢぱ total 0 words: total 0 records
2025-05-08 22:13:20,396 prefix: ぢひ total 0 words: total 0 records
2025-05-08 22:13:21,463 prefix: ぢび total 0 words: total 0 records
2025-05-08 22:13:22,528 prefix: ぢぴ total 0 words: total 0 records
2025-05-08 22:13:23,623 prefix: ぢふ total 0 words: total 0 records
2025-05-08 22:13:24,728 prefix: ぢぶ total 0 words: total 0 records
2025-05-08 22:13:25,811 prefix: ぢぷ total 0 words: total 0 records
2025-05-08 22:13:26,902 prefix: ぢへ total 0 words: total 0 records
2025-05-08 22:13:28,017 prefix: ぢべ total 0 words: total 0 records
2025-05-08 22:13:29,098 prefix: ぢぺ total 0 words: total 0 records
2025-05-08 22:13:30,170 prefix: ぢほ total 0 words: total 0 records
2025-05-08 22:13:31,248 prefix: ぢぼ total 0 words: total 0 records
2025-05-08 22:13:32,319 prefix: ぢぽ total 0 words: total 0 records
2025-05-08 22:13:33,388 prefix: ぢま total 0 words: total 0 records
2025-05-08 22:13:34,469 prefix: ぢみ total 0 words: total 0 records
2025-05-08 22:13:35,538 prefix: ぢむ total 0 words: total 0 records
2025-05-08 22:13:36,631 prefix: ぢめ total 0 words: total 0 records
2025-05-08 22:13:37,701 prefix: ぢも total 0 words: total 0 records
2025-05-08 22:13:38,773 prefix: ぢや total 0 words: total 0 records
2025-05-08 22:13:39,838 prefix: ぢゆ total 0 words: total 0 records
2025-05-08 22:13:40,912 prefix: ぢよ total 0 words: total 0 records
2025-05-08 22:13:42,040 prefix: ぢら total 0 words: total 0 records
2025-05-08 22:13:43,147 prefix: ぢり total 0 words: total 0 records
2025-05-08 22:13:44,305 prefix: ぢる total 1 words: total 2 records
2025-05-08 22:13:45,375 prefix: ぢれ total 0 words: total 0 records
2025-05-08 22:13:46,461 prefix: ぢろ total 0 words: total 0 records
2025-05-08 22:13:47,631 prefix: ぢわ total 0 words: total 0 records
2025-05-08 22:13:48,705 prefix: ぢっ total 0 words: total 0 records
2025-05-08 22:13:49,722 group: ぢ written 10 records to CSV
2025-05-08 22:13:49,791 prefix: っあ total 0 words: total 0 records
2025-05-08 22:13:50,859 prefix: っい total 0 words: total 0 records
2025-05-08 22:13:51,926 prefix: っう total 0 words: total 0 records
2025-05-08 22:13:53,033 prefix: っえ total 0 words: total 0 records
2025-05-08 22:13:54,105 prefix: っお total 0 words: total 0 records
2025-05-08 22:13:55,178 prefix: っか total 0 words: total 0 records
2025-05-08 22:13:56,249 prefix: っが total 0 words: total 0 records
2025-05-08 22:13:57,367 prefix: っき total 0 words: total 0 records
2025-05-08 22:13:58,445 prefix: っぎ total 0 words: total 0 records
2025-05-08 22:13:59,515 prefix: っく total 0 words: total 0 records
2025-05-08 22:14:00,593 prefix: っぐ total 0 words: total 0 records
2025-05-08 22:14:01,677 prefix: っけ total 0 words: total 0 records
2025-05-08 22:14:02,753 prefix: っげ total 0 words: total 0 records
2025-05-08 22:14:03,823 prefix: っこ total 0 words: total 0 records
2025-05-08 22:14:04,887 prefix: っご total 0 words: total 0 records
2025-05-08 22:14:05,954 prefix: っさ total 0 words: total 0 records
2025-05-08 22:14:07,022 prefix: っざ total 0 words: total 0 records
2025-05-08 22:14:08,108 prefix: っし total 0 words: total 0 records
2025-05-08 22:14:09,189 prefix: っじ total 0 words: total 0 records
2025-05-08 22:14:10,349 prefix: っす total 1 words: total 0 records
2025-05-08 22:14:11,420 prefix: っず total 0 words: total 0 records
2025-05-08 22:14:12,498 prefix: っせ total 0 words: total 0 records
2025-05-08 22:14:13,573 prefix: っぜ total 0 words: total 0 records
2025-05-08 22:14:14,632 prefix: っそ total 0 words: total 0 records
2025-05-08 22:14:15,700 prefix: っぞ total 0 words: total 0 records
2025-05-08 22:14:16,824 prefix: った total 0 words: total 0 records
2025-05-08 22:14:17,899 prefix: っだ total 0 words: total 0 records
2025-05-08 22:14:18,978 prefix: っち total 0 words: total 0 records
2025-05-08 22:14:20,061 prefix: っぢ total 0 words: total 0 records
2025-05-08 22:14:21,139 prefix: っっ total 0 words: total 0 records
2025-05-08 22:14:22,222 prefix: っつ total 0 words: total 0 records
2025-05-08 22:14:23,298 prefix: っづ total 0 words: total 0 records
2025-05-08 22:14:24,491 prefix: って total 2 words: total 0 records
2025-05-08 22:14:25,557 prefix: っで total 0 words: total 0 records
2025-05-08 22:14:26,625 prefix: っと total 0 words: total 0 records
2025-05-08 22:14:27,688 prefix: っど total 0 words: total 0 records
2025-05-08 22:14:28,759 prefix: っな total 0 words: total 0 records
2025-05-08 22:14:29,825 prefix: っに total 0 words: total 0 records
2025-05-08 22:14:30,897 prefix: っぬ total 0 words: total 0 records
2025-05-08 22:14:31,975 prefix: っね total 0 words: total 0 records
2025-05-08 22:14:33,049 prefix: っの total 0 words: total 0 records
2025-05-08 22:14:34,121 prefix: っは total 0 words: total 0 records
2025-05-08 22:14:35,193 prefix: っば total 0 words: total 0 records
2025-05-08 22:14:36,258 prefix: っぱ total 0 words: total 0 records
2025-05-08 22:14:37,339 prefix: っひ total 0 words: total 0 records
2025-05-08 22:14:38,409 prefix: っび total 0 words: total 0 records
2025-05-08 22:14:39,481 prefix: っぴ total 0 words: total 0 records
2025-05-08 22:14:40,544 prefix: っふ total 0 words: total 0 records
2025-05-08 22:14:41,615 prefix: っぶ total 0 words: total 0 records
2025-05-08 22:14:42,680 prefix: っぷ total 0 words: total 0 records
2025-05-08 22:14:43,751 prefix: っへ total 0 words: total 0 records
2025-05-08 22:14:44,824 prefix: っべ total 0 words: total 0 records
2025-05-08 22:14:45,915 prefix: っぺ total 0 words: total 0 records
2025-05-08 22:14:46,983 prefix: っほ total 0 words: total 0 records
2025-05-08 22:14:48,061 prefix: っぼ total 0 words: total 0 records
2025-05-08 22:14:49,127 prefix: っぽ total 0 words: total 0 records
2025-05-08 22:14:50,194 prefix: っま total 0 words: total 0 records
2025-05-08 22:14:51,274 prefix: っみ total 0 words: total 0 records
2025-05-08 22:14:52,412 prefix: っむ total 0 words: total 0 records
2025-05-08 22:14:53,499 prefix: っめ total 0 words: total 0 records
2025-05-08 22:14:54,572 prefix: っも total 0 words: total 0 records
2025-05-08 22:14:55,641 prefix: っや total 0 words: total 0 records
2025-05-08 22:14:56,709 prefix: っゆ total 0 words: total 0 records
2025-05-08 22:14:57,780 prefix: っよ total 0 words: total 0 records
2025-05-08 22:14:58,849 prefix: っら total 0 words: total 0 records
2025-05-08 22:14:59,922 prefix: っり total 0 words: total 0 records
2025-05-08 22:15:01,000 prefix: っる total 0 words: total 0 records
2025-05-08 22:15:02,076 prefix: っれ total 0 words: total 0 records
2025-05-08 22:15:03,185 prefix: っろ total 0 words: total 0 records
2025-05-08 22:15:04,269 prefix: っわ total 0 words: total 0 records
2025-05-08 22:15:05,341 prefix: っっ total 0 words: total 0 records
2025-05-08 22:15:07,583 prefix: つあ total 7 words: total 147 records
2025-05-08 22:15:19,545 prefix: つい total 92 words: total 1533 records
2025-05-08 22:15:31,175 prefix: つう total 83 words: total 2561 records
2025-05-08 22:15:32,438 prefix: つえ total 2 words: total 31 records
2025-05-08 22:15:33,631 prefix: つお total 1 words: total 32 records
2025-05-08 22:15:45,508 prefix: つか total 104 words: total 1188 records
2025-05-08 22:15:49,865 prefix: つが total 34 words: total 389 records
2025-05-08 22:16:10,433 prefix: つき total 164 words: total 1785 records
2025-05-08 22:16:13,320 prefix: つぎ total 22 words: total 250 records
2025-05-08 22:16:23,705 prefix: つく total 84 words: total 1009 records
2025-05-08 22:16:25,217 prefix: つぐ total 3 words: total 7 records
2025-05-08 22:16:26,963 prefix: つけ total 6 words: total 71 records
2025-05-08 22:16:28,623 prefix: つげ total 4 words: total 24 records
2025-05-08 22:16:29,709 prefix: つこ total 0 words: total 0 records
2025-05-08 22:16:30,883 prefix: つご total 1 words: total 12 records
2025-05-08 22:16:32,003 prefix: つさ total 0 words: total 0 records
2025-05-08 22:16:33,232 prefix: つざ total 1 words: total 2 records
2025-05-08 22:16:36,968 prefix: つし total 26 words: total 408 records
2025-05-08 22:16:45,078 prefix: つじ total 66 words: total 1070 records
2025-05-08 22:16:46,181 prefix: つす total 0 words: total 0 records
2025-05-08 22:16:47,282 prefix: つず total 0 words: total 0 records
2025-05-08 22:16:48,513 prefix: つせ total 0 words: total 0 records
2025-05-08 22:16:49,597 prefix: つぜ total 0 words: total 0 records
2025-05-08 22:16:50,714 prefix: つそ total 0 words: total 0 records
2025-05-08 22:16:51,843 prefix: つぞ total 0 words: total 0 records
2025-05-08 22:16:54,507 prefix: つた total 17 words: total 231 records
2025-05-08 22:16:58,889 prefix: つだ total 26 words: total 585 records
2025-05-08 22:17:15,270 prefix: つち total 128 words: total 1895 records
2025-05-08 22:17:16,367 prefix: つぢ total 0 words: total 0 records
2025-05-08 22:17:17,650 prefix: つっ total 2 words: total 0 records
2025-05-08 22:17:24,884 prefix: つつ total 56 words: total 589 records
2025-05-08 22:17:27,396 prefix: つづ total 17 words: total 223 records
2025-05-08 22:17:28,488 prefix: つて total 0 words: total 0 records
2025-05-08 22:17:29,555 prefix: つで total 0 words: total 0 records
2025-05-08 22:17:30,701 prefix: つと total 1 words: total 7 records
2025-05-08 22:17:31,838 prefix: つど total 1 words: total 12 records
2025-05-08 22:17:36,219 prefix: つな total 40 words: total 581 records
2025-05-08 22:17:37,291 prefix: つに total 0 words: total 0 records
2025-05-08 22:17:38,437 prefix: つぬ total 1 words: total 10 records
2025-05-08 22:17:41,576 prefix: つね total 27 words: total 212 records
2025-05-08 22:17:45,270 prefix: つの total 34 words: total 370 records
2025-05-08 22:17:46,423 prefix: つは total 1 words: total 22 records
2025-05-08 22:17:52,204 prefix: つば total 58 words: total 624 records
2025-05-08 22:17:53,373 prefix: つぱ total 1 words: total 32 records
2025-05-08 22:17:54,542 prefix: つひ total 1 words: total 16 records
2025-05-08 22:17:55,613 prefix: つび total 0 words: total 0 records
2025-05-08 22:17:56,681 prefix: つぴ total 0 words: total 0 records
2025-05-08 22:17:57,829 prefix: つふ total 1 words: total 14 records
2025-05-08 22:18:00,216 prefix: つぶ total 17 words: total 104 records
2025-05-08 22:18:01,303 prefix: つぷ total 0 words: total 0 records
2025-05-08 22:18:02,445 prefix: つへ total 1 words: total 2 records
2025-05-08 22:18:03,691 prefix: つべ total 2 words: total 6 records
2025-05-08 22:18:04,760 prefix: つぺ total 0 words: total 0 records
2025-05-08 22:18:05,830 prefix: つほ total 0 words: total 0 records
2025-05-08 22:18:11,237 prefix: つぼ total 55 words: total 522 records
2025-05-08 22:18:12,316 prefix: つぽ total 0 words: total 0 records
2025-05-08 22:18:16,266 prefix: つま total 36 words: total 427 records
2025-05-08 22:18:18,548 prefix: つみ total 15 words: total 192 records
2025-05-08 22:18:21,236 prefix: つむ total 18 words: total 297 records
2025-05-08 22:18:24,232 prefix: つめ total 25 words: total 236 records
2025-05-08 22:18:25,934 prefix: つも total 8 words: total 96 records
2025-05-08 22:18:28,165 prefix: つや total 13 words: total 313 records
2025-05-08 22:18:30,120 prefix: つゆ total 11 words: total 117 records
2025-05-08 22:18:31,717 prefix: つよ total 7 words: total 62 records
2025-05-08 22:18:33,790 prefix: つら total 9 words: total 160 records
2025-05-08 22:18:37,419 prefix: つり total 31 words: total 452 records
2025-05-08 22:18:46,815 prefix: つる total 105 words: total 1179 records
2025-05-08 22:18:47,962 prefix: つれ total 1 words: total 1 records
2025-05-08 22:18:49,040 prefix: つろ total 0 words: total 0 records
2025-05-08 22:18:50,574 prefix: つわ total 6 words: total 106 records
2025-05-08 22:18:51,821 prefix: つっ total 2 words: total 0 records
2025-05-08 22:18:52,869 group: つ written 20214 records to CSV
2025-05-08 22:18:52,932 prefix: づあ total 0 words: total 0 records
2025-05-08 22:18:54,002 prefix: づい total 0 words: total 0 records
2025-05-08 22:18:55,072 prefix: づう total 0 words: total 0 records
2025-05-08 22:18:56,145 prefix: づえ total 0 words: total 0 records
2025-05-08 22:18:57,215 prefix: づお total 0 words: total 0 records
2025-05-08 22:18:58,277 prefix: づか total 0 words: total 0 records
2025-05-08 22:18:59,343 prefix: づが total 0 words: total 0 records
2025-05-08 22:19:00,425 prefix: づき total 0 words: total 0 records
2025-05-08 22:19:01,482 prefix: づぎ total 0 words: total 0 records
2025-05-08 22:19:02,557 prefix: づく total 0 words: total 0 records
2025-05-08 22:19:03,634 prefix: づぐ total 0 words: total 0 records
2025-05-08 22:19:04,712 prefix: づけ total 0 words: total 0 records
2025-05-08 22:19:05,777 prefix: づげ total 0 words: total 0 records
2025-05-08 22:19:06,852 prefix: づこ total 0 words: total 0 records
2025-05-08 22:19:07,989 prefix: づご total 0 words: total 0 records
2025-05-08 22:19:09,059 prefix: づさ total 0 words: total 0 records
2025-05-08 22:19:10,138 prefix: づざ total 0 words: total 0 records
2025-05-08 22:19:11,211 prefix: づし total 0 words: total 0 records
2025-05-08 22:19:12,298 prefix: づじ total 0 words: total 0 records
2025-05-08 22:19:13,381 prefix: づす total 0 words: total 0 records
2025-05-08 22:19:14,470 prefix: づず total 0 words: total 0 records
2025-05-08 22:19:15,542 prefix: づせ total 0 words: total 0 records
2025-05-08 22:19:16,629 prefix: づぜ total 0 words: total 0 records
2025-05-08 22:19:17,722 prefix: づそ total 0 words: total 0 records
2025-05-08 22:19:18,792 prefix: づぞ total 0 words: total 0 records
2025-05-08 22:19:19,859 prefix: づた total 0 words: total 0 records
2025-05-08 22:19:20,931 prefix: づだ total 0 words: total 0 records
2025-05-08 22:19:22,007 prefix: づち total 0 words: total 0 records
2025-05-08 22:19:23,079 prefix: づぢ total 0 words: total 0 records
2025-05-08 22:19:24,196 prefix: づっ total 0 words: total 0 records
2025-05-08 22:19:25,272 prefix: づつ total 0 words: total 0 records
2025-05-08 22:19:26,348 prefix: づづ total 0 words: total 0 records
2025-05-08 22:19:27,422 prefix: づて total 0 words: total 0 records
2025-05-08 22:19:28,535 prefix: づで total 0 words: total 0 records
2025-05-08 22:19:29,657 prefix: づと total 0 words: total 0 records
2025-05-08 22:19:30,746 prefix: づど total 0 words: total 0 records
2025-05-08 22:19:31,882 prefix: づな total 0 words: total 0 records
2025-05-08 22:19:32,988 prefix: づに total 0 words: total 0 records
2025-05-08 22:19:34,070 prefix: づぬ total 0 words: total 0 records
2025-05-08 22:19:35,258 prefix: づね total 0 words: total 0 records
2025-05-08 22:19:36,391 prefix: づの total 0 words: total 0 records
2025-05-08 22:19:37,569 prefix: づは total 0 words: total 0 records
2025-05-08 22:19:38,644 prefix: づば total 0 words: total 0 records
2025-05-08 22:19:39,729 prefix: づぱ total 0 words: total 0 records
2025-05-08 22:19:40,853 prefix: づひ total 0 words: total 0 records
2025-05-08 22:19:41,988 prefix: づび total 0 words: total 0 records
2025-05-08 22:19:43,108 prefix: づぴ total 0 words: total 0 records
2025-05-08 22:19:44,210 prefix: づふ total 0 words: total 0 records
2025-05-08 22:19:45,313 prefix: づぶ total 0 words: total 0 records
2025-05-08 22:19:46,384 prefix: づぷ total 0 words: total 0 records
2025-05-08 22:19:47,471 prefix: づへ total 0 words: total 0 records
2025-05-08 22:19:48,551 prefix: づべ total 0 words: total 0 records
2025-05-08 22:19:49,643 prefix: づぺ total 0 words: total 0 records
2025-05-08 22:19:50,707 prefix: づほ total 0 words: total 0 records
2025-05-08 22:19:51,801 prefix: づぼ total 0 words: total 0 records
2025-05-08 22:19:52,935 prefix: づぽ total 0 words: total 0 records
2025-05-08 22:19:54,086 prefix: づま total 0 words: total 0 records
2025-05-08 22:19:55,180 prefix: づみ total 0 words: total 0 records
2025-05-08 22:19:56,265 prefix: づむ total 0 words: total 0 records
2025-05-08 22:19:57,399 prefix: づめ total 0 words: total 0 records
2025-05-08 22:19:58,535 prefix: づも total 0 words: total 0 records
2025-05-08 22:19:59,636 prefix: づや total 0 words: total 0 records
2025-05-08 22:20:00,775 prefix: づゆ total 0 words: total 0 records
2025-05-08 22:20:01,911 prefix: づよ total 0 words: total 0 records
2025-05-08 22:20:03,068 prefix: づら total 1 words: total 0 records
2025-05-08 22:20:04,153 prefix: づり total 0 words: total 0 records
2025-05-08 22:20:05,236 prefix: づる total 0 words: total 0 records
2025-05-08 22:20:06,374 prefix: づれ total 0 words: total 0 records
2025-05-08 22:20:07,459 prefix: づろ total 0 words: total 0 records
2025-05-08 22:20:08,538 prefix: づわ total 0 words: total 0 records
2025-05-08 22:20:09,640 prefix: づっ total 0 words: total 0 records
2025-05-08 22:20:12,071 prefix: てあ total 11 words: total 96 records
2025-05-08 22:20:46,512 prefix: てい total 274 words: total 5333 records
2025-05-08 22:20:48,003 prefix: てう total 3 words: total 66 records
2025-05-08 22:20:49,158 prefix: てえ total 0 words: total 0 records
2025-05-08 22:20:53,134 prefix: てお total 28 words: total 227 records
2025-05-08 22:20:54,810 prefix: てか total 5 words: total 40 records
2025-05-08 22:20:57,544 prefix: てが total 15 words: total 191 records
2025-05-08 22:21:03,892 prefix: てき total 46 words: total 437 records
2025-05-08 22:21:05,052 prefix: てぎ total 1 words: total 20 records
2025-05-08 22:21:08,943 prefix: てく total 37 words: total 388 records
2025-05-08 22:21:10,261 prefix: てぐ total 3 words: total 31 records
2025-05-08 22:21:11,335 prefix: てけ total 0 words: total 0 records
2025-05-08 22:21:12,416 prefix: てげ total 0 words: total 0 records
2025-05-08 22:21:13,832 prefix: てこ total 4 words: total 89 records
2025-05-08 22:21:15,387 prefix: てご total 5 words: total 35 records
2025-05-08 22:21:16,517 prefix: てさ total 1 words: total 5 records
2025-05-08 22:21:17,811 prefix: てざ total 3 words: total 55 records
2025-05-08 22:21:21,044 prefix: てし total 28 words: total 209 records
2025-05-08 22:21:22,654 prefix: てじ total 7 words: total 145 records
2025-05-08 22:21:26,291 prefix: てす total 34 words: total 298 records
2025-05-08 22:21:27,362 prefix: てず total 0 words: total 0 records
2025-05-08 22:21:28,505 prefix: てせ total 1 words: total 2 records
2025-05-08 22:21:29,725 prefix: てぜ total 1 words: total 2 records
2025-05-08 22:21:30,905 prefix: てそ total 1 words: total 42 records
2025-05-08 22:21:31,976 prefix: てぞ total 0 words: total 0 records
2025-05-08 22:21:33,132 prefix: てた total 1 words: total 16 records
2025-05-08 22:21:34,482 prefix: てだ total 3 words: total 25 records
2025-05-08 22:21:35,786 prefix: てち total 2 words: total 46 records
2025-05-08 22:21:37,023 prefix: てぢ total 0 words: total 0 records
2025-05-08 22:21:45,624 prefix: てっ total 68 words: total 1652 records
2025-05-08 22:21:56,599 prefix: てつ total 91 words: total 1081 records
2025-05-08 22:22:01,331 prefix: てづ total 34 words: total 289 records
2025-05-08 22:22:02,778 prefix: てて total 4 words: total 20 records
2025-05-08 22:22:04,217 prefix: てで total 3 words: total 44 records
2025-05-08 22:22:08,230 prefix: てと total 25 words: total 378 records
2025-05-08 22:22:09,688 prefix: てど total 4 words: total 63 records
2025-05-08 22:22:11,758 prefix: てな total 10 words: total 73 records
2025-05-08 22:22:14,565 prefix: てに total 20 words: total 191 records
2025-05-08 22:22:15,768 prefix: てぬ total 1 words: total 20 records
2025-05-08 22:22:17,793 prefix: てね total 10 words: total 44 records
2025-05-08 22:22:19,880 prefix: ての total 10 words: total 119 records
2025-05-08 22:22:21,340 prefix: ては total 2 words: total 28 records
2025-05-08 22:22:22,679 prefix: てば total 3 words: total 27 records
2025-05-08 22:22:23,747 prefix: てぱ total 0 words: total 0 records
2025-05-08 22:22:24,942 prefix: てひ total 1 words: total 40 records
2025-05-08 22:22:26,215 prefix: てび total 2 words: total 41 records
2025-05-08 22:22:27,292 prefix: てぴ total 0 words: total 0 records
2025-05-08 22:22:28,445 prefix: てふ total 1 words: total 11 records
2025-05-08 22:22:29,819 prefix: てぶ total 4 words: total 29 records
2025-05-08 22:22:30,963 prefix: てぷ total 1 words: total 9 records
2025-05-08 22:22:32,097 prefix: てへ total 1 words: total 3 records
2025-05-08 22:22:33,308 prefix: てべ total 2 words: total 12 records
2025-05-08 22:22:34,451 prefix: てぺ total 1 words: total 29 records
2025-05-08 22:22:35,767 prefix: てほ total 3 words: total 69 records
2025-05-08 22:22:36,863 prefix: てぼ total 0 words: total 0 records
2025-05-08 22:22:38,011 prefix: てぽ total 1 words: total 21 records
2025-05-08 22:22:39,304 prefix: てま total 3 words: total 34 records
2025-05-08 22:22:40,672 prefix: てみ total 4 words: total 23 records
2025-05-08 22:22:41,895 prefix: てむ total 2 words: total 17 records
2025-05-08 22:22:43,116 prefix: てめ total 2 words: total 18 records
2025-05-08 22:22:44,338 prefix: ても total 2 words: total 2 records
2025-05-08 22:22:45,402 prefix: てや total 0 words: total 0 records
2025-05-08 22:22:46,487 prefix: てゆ total 0 words: total 0 records
2025-05-08 22:22:47,586 prefix: てよ total 0 words: total 0 records
2025-05-08 22:23:03,971 prefix: てら total 184 words: total 1884 records
2025-05-08 22:23:09,575 prefix: てり total 44 words: total 615 records
2025-05-08 22:23:14,576 prefix: てる total 36 words: total 265 records
2025-05-08 22:23:33,077 prefix: てれ total 169 words: total 993 records
2025-05-08 22:23:35,966 prefix: てろ total 14 words: total 179 records
2025-05-08 22:23:37,317 prefix: てわ total 2 words: total 22 records
2025-05-08 22:23:46,086 prefix: てっ total 68 words: total 1652 records
2025-05-08 22:23:47,142 group: て written 17795 records to CSV
2025-05-08 22:23:49,142 prefix: であ total 21 words: total 261 records
2025-05-08 22:24:07,158 prefix: でい total 165 words: total 2522 records
2025-05-08 22:24:08,424 prefix: でう total 2 words: total 19 records
2025-05-08 22:24:09,540 prefix: でえ total 0 words: total 0 records
2025-05-08 22:24:11,133 prefix: でお total 5 words: total 20 records
2025-05-08 22:24:16,022 prefix: でか total 37 words: total 717 records
2025-05-08 22:24:17,948 prefix: でが total 7 words: total 72 records
2025-05-08 22:24:20,261 prefix: でき total 12 words: total 136 records
2025-05-08 22:24:21,339 prefix: でぎ total 0 words: total 0 records
2025-05-08 22:24:23,684 prefix: でく total 11 words: total 185 records
2025-05-08 22:24:27,626 prefix: でぐ total 20 words: total 130 records
2025-05-08 22:24:28,946 prefix: でけ total 2 words: total 25 records
2025-05-08 22:24:30,013 prefix: でげ total 0 words: total 0 records
2025-05-08 22:24:32,696 prefix: でこ total 13 words: total 253 records
2025-05-08 22:24:33,769 prefix: でご total 0 words: total 0 records
2025-05-08 22:24:35,018 prefix: でさ total 2 words: total 15 records
2025-05-08 22:24:39,048 prefix: でざ total 30 words: total 427 records
2025-05-08 22:24:40,880 prefix: でし total 7 words: total 92 records
2025-05-08 22:24:48,415 prefix: でじ total 66 words: total 383 records
2025-05-08 22:24:58,041 prefix: です total 83 words: total 1113 records
2025-05-08 22:24:59,754 prefix: でず total 5 words: total 44 records
2025-05-08 22:25:00,910 prefix: でせ total 1 words: total 10 records
2025-05-08 22:25:02,334 prefix: でぜ total 2 words: total 10 records
2025-05-08 22:25:03,678 prefix: でそ total 2 words: total 32 records
2025-05-08 22:25:04,858 prefix: でぞ total 1 words: total 3 records
2025-05-08 22:25:06,151 prefix: でた total 2 words: total 3 records
2025-05-08 22:25:07,862 prefix: でだ total 2 words: total 14 records
2025-05-08 22:25:09,075 prefix: でち total 1 words: total 33 records
2025-05-08 22:25:10,205 prefix: でぢ total 0 words: total 0 records
2025-05-08 22:25:17,650 prefix: でっ total 53 words: total 1594 records
2025-05-08 22:25:18,808 prefix: でつ total 1 words: total 0 records
2025-05-08 22:25:19,904 prefix: でづ total 0 words: total 0 records
2025-05-08 22:25:21,161 prefix: でて total 1 words: total 64 records
2025-05-08 22:25:22,444 prefix: でで total 2 words: total 36 records
2025-05-08 22:25:24,964 prefix: でと total 13 words: total 202 records
2025-05-08 22:25:26,249 prefix: でど total 1 words: total 11 records
2025-05-08 22:25:27,607 prefix: でな total 3 words: total 39 records
2025-05-08 22:25:34,412 prefix: でに total 59 words: total 543 records
2025-05-08 22:25:35,508 prefix: でぬ total 0 words: total 0 records
2025-05-08 22:25:36,699 prefix: でね total 1 words: total 1 records
2025-05-08 22:25:37,841 prefix: での total 1 words: total 10 records
2025-05-08 22:25:38,977 prefix: では total 1 words: total 1 records
2025-05-08 22:25:40,655 prefix: でば total 7 words: total 110 records
2025-05-08 22:25:41,907 prefix: でぱ total 1 words: total 29 records
2025-05-08 22:25:42,986 prefix: でひ total 0 words: total 0 records
2025-05-08 22:25:54,780 prefix: でび total 104 words: total 1020 records
2025-05-08 22:25:55,869 prefix: でぴ total 0 words: total 0 records
2025-05-08 22:25:58,890 prefix: でふ total 16 words: total 253 records
2025-05-08 22:26:01,453 prefix: でぶ total 16 words: total 171 records
2025-05-08 22:26:02,690 prefix: でぷ total 2 words: total 34 records
2025-05-08 22:26:03,764 prefix: でへ total 0 words: total 0 records
2025-05-08 22:26:04,945 prefix: でべ total 1 words: total 19 records
2025-05-08 22:26:06,183 prefix: でぺ total 2 words: total 26 records
2025-05-08 22:26:07,254 prefix: でほ total 0 words: total 0 records
2025-05-08 22:26:08,827 prefix: でぼ total 6 words: total 139 records
2025-05-08 22:26:09,971 prefix: でぽ total 1 words: total 17 records
2025-05-08 22:26:11,883 prefix: でま total 10 words: total 218 records
2025-05-08 22:26:13,860 prefix: でみ total 11 words: total 190 records
2025-05-08 22:26:15,170 prefix: でむ total 3 words: total 26 records
2025-05-08 22:26:16,506 prefix: でめ total 4 words: total 18 records
2025-05-08 22:26:18,795 prefix: でも total 15 words: total 215 records
2025-05-08 22:26:20,357 prefix: でや total 7 words: total 41 records
2025-05-08 22:26:21,438 prefix: でゆ total 0 words: total 0 records
2025-05-08 22:26:22,509 prefix: でよ total 0 words: total 0 records
2025-05-08 22:26:24,253 prefix: でら total 9 words: total 122 records
2025-05-08 22:26:28,404 prefix: でり total 40 words: total 523 records
2025-05-08 22:26:33,176 prefix: でる total 40 words: total 371 records
2025-05-08 22:26:35,288 prefix: でれ total 13 words: total 57 records
2025-05-08 22:26:36,986 prefix: でろ total 6 words: total 220 records
2025-05-08 22:26:39,083 prefix: でわ total 14 words: total 137 records
2025-05-08 22:26:45,034 prefix: でっ total 53 words: total 1594 records
2025-05-08 22:26:46,073 group: で written 14570 records to CSV
2025-05-08 22:26:46,701 prefix: とあ total 6 words: total 143 records
2025-05-08 22:26:52,815 prefix: とい total 54 words: total 1108 records
2025-05-08 22:29:07,814 prefix: とう total 1170 words: total 38582 records
2025-05-08 22:29:09,749 prefix: とえ total 7 words: total 114 records
2025-05-08 22:29:18,681 prefix: とお total 71 words: total 2874 records
2025-05-08 22:29:22,881 prefix: とか total 36 words: total 698 records
2025-05-08 22:29:27,782 prefix: とが total 48 words: total 776 records
2025-05-08 22:29:39,697 prefix: とき total 124 words: total 2183 records
2025-05-08 22:29:41,324 prefix: とぎ total 6 words: total 188 records
2025-05-08 22:30:17,987 prefix: とく total 406 words: total 3417 records
2025-05-08 22:30:20,209 prefix: とぐ total 10 words: total 213 records
2025-05-08 22:30:23,085 prefix: とけ total 17 words: total 492 records
2025-05-08 22:30:24,407 prefix: とげ total 2 words: total 62 records
2025-05-08 22:30:30,983 prefix: とこ total 43 words: total 820 records
2025-05-08 22:30:33,028 prefix: とご total 8 words: total 132 records
2025-05-08 22:30:38,181 prefix: とさ total 32 words: total 620 records
2025-05-08 22:30:41,068 prefix: とざ total 14 words: total 443 records
2025-05-08 22:30:51,328 prefix: とし total 77 words: total 1136 records
2025-05-08 22:30:53,740 prefix: とじ total 11 words: total 331 records
2025-05-08 22:30:55,196 prefix: とす total 3 words: total 50 records
2025-05-08 22:30:56,269 prefix: とず total 0 words: total 0 records
2025-05-08 22:30:57,538 prefix: とせ total 1 words: total 2 records
2025-05-08 22:30:58,611 prefix: とぜ total 0 words: total 0 records
2025-05-08 22:30:59,953 prefix: とそ total 2 words: total 83 records
2025-05-08 22:31:01,091 prefix: とぞ total 0 words: total 0 records
2025-05-08 22:31:02,843 prefix: とた total 5 words: total 145 records
2025-05-08 22:31:09,177 prefix: とだ total 44 words: total 999 records
2025-05-08 22:31:15,248 prefix: とち total 45 words: total 695 records
2025-05-08 22:31:16,370 prefix: とぢ total 0 words: total 0 records
2025-05-08 22:31:34,167 prefix: とっ total 134 words: total 4316 records
2025-05-08 22:31:40,364 prefix: とつ total 44 words: total 708 records
2025-05-08 22:31:41,819 prefix: とづ total 4 words: total 79 records
2025-05-08 22:31:42,969 prefix: とて total 1 words: total 5 records
2025-05-08 22:31:44,142 prefix: とで total 1 words: total 20 records
2025-05-08 22:31:45,929 prefix: とと total 6 words: total 171 records
2025-05-08 22:31:49,999 prefix: とど total 28 words: total 335 records
2025-05-08 22:31:54,457 prefix: とな total 29 words: total 572 records
2025-05-08 22:32:04,916 prefix: とに total 73 words: total 2107 records
2025-05-08 22:32:06,035 prefix: とぬ total 0 words: total 0 records
2025-05-08 22:32:08,915 prefix: とね total 17 words: total 142 records
2025-05-08 22:32:13,033 prefix: との total 28 words: total 591 records
2025-05-08 22:32:14,220 prefix: とは total 1 words: total 12 records
2025-05-08 22:32:16,997 prefix: とば total 15 words: total 419 records
2025-05-08 22:32:18,138 prefix: とぱ total 1 words: total 0 records
2025-05-08 22:32:19,404 prefix: とひ total 1 words: total 28 records
2025-05-08 22:32:26,158 prefix: とび total 52 words: total 839 records
2025-05-08 22:32:27,379 prefix: とぴ total 2 words: total 26 records
2025-05-08 22:32:28,749 prefix: とふ total 3 words: total 36 records
2025-05-08 22:32:30,204 prefix: とぶ total 4 words: total 66 records
2025-05-08 22:32:31,281 prefix: とぷ total 0 words: total 0 records
2025-05-08 22:32:32,349 prefix: とへ total 0 words: total 0 records
2025-05-08 22:32:34,674 prefix: とべ total 12 words: total 146 records
2025-05-08 22:32:35,879 prefix: とぺ total 1 words: total 2 records
2025-05-08 22:32:37,630 prefix: とほ total 6 words: total 179 records
2025-05-08 22:32:39,164 prefix: とぼ total 3 words: total 86 records
2025-05-08 22:32:40,393 prefix: とぽ total 1 words: total 1 records
2025-05-08 22:32:51,870 prefix: とま total 89 words: total 1614 records
2025-05-08 22:33:13,963 prefix: とみ total 196 words: total 4016 records
2025-05-08 22:33:26,569 prefix: とむ total 110 words: total 2546 records
2025-05-08 22:33:27,779 prefix: とめ total 2 words: total 1 records
2025-05-08 22:33:37,856 prefix: とも total 109 words: total 1838 records
2025-05-08 22:33:43,647 prefix: とや total 58 words: total 1054 records
2025-05-08 22:33:44,714 prefix: とゆ total 0 words: total 0 records
2025-05-08 22:33:58,132 prefix: とよ total 150 words: total 2423 records
2025-05-08 22:34:19,972 prefix: とら total 232 words: total 4865 records
2025-05-08 22:34:46,612 prefix: とり total 237 words: total 3346 records
2025-05-08 22:34:53,628 prefix: とる total 61 words: total 746 records
2025-05-08 22:35:03,748 prefix: とれ total 108 words: total 1543 records
2025-05-08 22:35:10,649 prefix: とろ total 64 words: total 1582 records
2025-05-08 22:35:13,007 prefix: とわ total 17 words: total 249 records
2025-05-08 22:35:26,652 prefix: とっ total 134 words: total 4316 records
2025-05-08 22:35:27,785 group: と written 97331 records to CSV
2025-05-08 22:35:29,076 prefix: どあ total 14 words: total 427 records
2025-05-08 22:35:45,725 prefix: どい total 134 words: total 2295 records
2025-05-08 22:36:27,386 prefix: どう total 345 words: total 10533 records
2025-05-08 22:36:28,731 prefix: どえ total 2 words: total 28 records
2025-05-08 22:36:30,175 prefix: どお total 2 words: total 62 records
2025-05-08 22:36:31,755 prefix: どか total 5 words: total 67 records
2025-05-08 22:36:32,823 prefix: どが total 0 words: total 0 records
2025-05-08 22:36:35,865 prefix: どき total 25 words: total 395 records
2025-05-08 22:36:37,128 prefix: どぎ total 2 words: total 94 records
2025-05-08 22:36:50,890 prefix: どく total 116 words: total 2178 records
2025-05-08 22:36:52,420 prefix: どぐ total 4 words: total 83 records
2025-05-08 22:36:53,862 prefix: どけ total 4 words: total 51 records
2025-05-08 22:36:55,034 prefix: どげ total 1 words: total 4 records
2025-05-08 22:36:59,352 prefix: どこ total 25 words: total 394 records
2025-05-08 22:37:00,847 prefix: どご total 3 words: total 102 records
2025-05-08 22:37:02,705 prefix: どさ total 5 words: total 67 records
2025-05-08 22:37:03,829 prefix: どざ total 0 words: total 0 records
2025-05-08 22:37:05,453 prefix: どし total 5 words: total 117 records
2025-05-08 22:37:07,895 prefix: どじ total 12 words: total 282 records
2025-05-08 22:37:10,150 prefix: どす total 9 words: total 207 records
2025-05-08 22:37:11,429 prefix: どず total 1 words: total 19 records
2025-05-08 22:37:13,147 prefix: どせ total 6 words: total 123 records
2025-05-08 22:37:14,224 prefix: どぜ total 0 words: total 0 records
2025-05-08 22:37:15,386 prefix: どそ total 1 words: total 19 records
2025-05-08 22:37:16,471 prefix: どぞ total 0 words: total 0 records
2025-05-08 22:37:17,874 prefix: どた total 2 words: total 24 records
2025-05-08 22:37:19,305 prefix: どだ total 3 words: total 42 records
2025-05-08 22:37:20,572 prefix: どち total 2 words: total 14 records
2025-05-08 22:37:21,677 prefix: どぢ total 0 words: total 0 records
2025-05-08 22:37:28,648 prefix: どっ total 51 words: total 2008 records
2025-05-08 22:37:29,855 prefix: どつ total 2 words: total 10 records
2025-05-08 22:37:30,927 prefix: どづ total 0 words: total 0 records
2025-05-08 22:37:32,316 prefix: どて total 4 words: total 52 records
2025-05-08 22:37:33,697 prefix: どで total 4 words: total 27 records
2025-05-08 22:37:35,079 prefix: どと total 4 words: total 49 records
2025-05-08 22:37:36,483 prefix: どど total 4 words: total 111 records
2025-05-08 22:37:40,526 prefix: どな total 39 words: total 483 records
2025-05-08 22:37:42,796 prefix: どに total 14 words: total 193 records
2025-05-08 22:37:43,870 prefix: どぬ total 0 words: total 0 records
2025-05-08 22:37:45,103 prefix: どね total 2 words: total 6 records
2025-05-08 22:37:46,849 prefix: どの total 9 words: total 128 records
2025-05-08 22:37:48,125 prefix: どは total 2 words: total 64 records
2025-05-08 22:37:50,645 prefix: どば total 19 words: total 226 records
2025-05-08 22:37:51,709 prefix: どぱ total 0 words: total 0 records
2025-05-08 22:37:53,413 prefix: どひ total 7 words: total 226 records
2025-05-08 22:37:54,510 prefix: どび total 0 words: total 0 records
2025-05-08 22:37:55,578 prefix: どぴ total 0 words: total 0 records
2025-05-08 22:37:56,833 prefix: どふ total 2 words: total 58 records
2025-05-08 22:37:59,271 prefix: どぶ total 16 words: total 292 records
2025-05-08 22:38:00,370 prefix: どぷ total 0 words: total 0 records
2025-05-08 22:38:01,707 prefix: どへ total 2 words: total 128 records
2025-05-08 22:38:02,783 prefix: どべ total 0 words: total 0 records
2025-05-08 22:38:03,850 prefix: どぺ total 0 words: total 0 records
2025-05-08 22:38:04,920 prefix: どほ total 0 words: total 0 records
2025-05-08 22:38:06,709 prefix: どぼ total 9 words: total 75 records
2025-05-08 22:38:07,782 prefix: どぽ total 0 words: total 0 records
2025-05-08 22:38:09,065 prefix: どま total 3 words: total 30 records
2025-05-08 22:38:13,814 prefix: どみ total 47 words: total 493 records
2025-05-08 22:38:15,526 prefix: どむ total 8 words: total 102 records
2025-05-08 22:38:17,472 prefix: どめ total 11 words: total 94 records
2025-05-08 22:38:19,675 prefix: ども total 12 words: total 447 records
2025-05-08 22:38:20,824 prefix: どや total 1 words: total 2 records
2025-05-08 22:38:21,897 prefix: どゆ total 0 words: total 0 records
2025-05-08 22:38:25,017 prefix: どよ total 23 words: total 667 records
2025-05-08 22:38:45,539 prefix: どら total 235 words: total 3736 records
2025-05-08 22:38:55,809 prefix: どり total 115 words: total 1831 records
2025-05-08 22:38:59,573 prefix: どる total 34 words: total 488 records
2025-05-08 22:39:04,909 prefix: どれ total 51 words: total 851 records
2025-05-08 22:39:13,572 prefix: どろ total 69 words: total 1312 records
2025-05-08 22:39:15,563 prefix: どわ total 8 words: total 38 records
2025-05-08 22:39:23,256 prefix: どっ total 51 words: total 2008 records
2025-05-08 22:39:24,325 group: ど written 33862 records to CSV
2025-05-08 22:39:24,494 prefix: なあ total 1 words: total 27 records
2025-05-08 22:39:59,220 prefix: ない total 336 words: total 9410 records
2025-05-08 22:40:01,238 prefix: なう total 9 words: total 275 records
2025-05-08 22:40:02,868 prefix: なえ total 5 words: total 136 records
2025-05-08 22:40:06,936 prefix: なお total 31 words: total 188 records
2025-05-08 22:42:38,906 prefix: なか total 1518 words: total 32853 records
2025-05-08 22:43:32,234 prefix: なが total 535 words: total 13912 records
2025-05-08 22:43:36,052 prefix: なき total 26 words: total 981 records
2025-05-08 22:43:39,217 prefix: なぎ total 21 words: total 547 records
2025-05-08 22:43:41,647 prefix: なく total 13 words: total 342 records
2025-05-08 22:43:45,458 prefix: なぐ total 30 words: total 930 records
2025-05-08 22:43:46,637 prefix: なけ total 1 words: total 0 records
2025-05-08 22:43:48,559 prefix: なげ total 10 words: total 138 records
2025-05-08 22:43:50,531 prefix: なこ total 11 words: total 97 records
2025-05-08 22:44:01,863 prefix: なご total 110 words: total 1716 records
2025-05-08 22:44:04,415 prefix: なさ total 11 words: total 169 records
2025-05-08 22:44:05,874 prefix: なざ total 4 words: total 50 records
2025-05-08 22:44:10,243 prefix: なし total 32 words: total 422 records
2025-05-08 22:44:12,178 prefix: なじ total 8 words: total 188 records
2025-05-08 22:44:17,805 prefix: なす total 44 words: total 1156 records
2025-05-08 22:44:19,029 prefix: なず total 1 words: total 77 records
2025-05-08 22:44:20,629 prefix: なせ total 5 words: total 68 records
2025-05-08 22:44:22,852 prefix: なぜ total 10 words: total 93 records
2025-05-08 22:44:23,966 prefix: なそ total 0 words: total 0 records
2025-05-08 22:44:27,447 prefix: なぞ total 23 words: total 310 records
2025-05-08 22:44:33,759 prefix: なた total 41 words: total 1343 records
2025-05-08 22:44:37,134 prefix: なだ total 17 words: total 728 records
2025-05-08 22:44:40,627 prefix: なち total 19 words: total 590 records
2025-05-08 22:44:41,719 prefix: なぢ total 0 words: total 0 records
2025-05-08 22:44:48,245 prefix: なっ total 39 words: total 1395 records
2025-05-08 22:45:07,416 prefix: なつ total 155 words: total 3351 records
2025-05-08 22:45:08,904 prefix: なづ total 4 words: total 106 records
2025-05-08 22:45:10,007 prefix: なて total 0 words: total 0 records
2025-05-08 22:45:13,294 prefix: なで total 16 words: total 64 records
2025-05-08 22:45:15,251 prefix: なと total 8 words: total 143 records
2025-05-08 22:45:16,554 prefix: など total 2 words: total 3 records
2025-05-08 22:45:35,885 prefix: なな total 135 words: total 3967 records
2025-05-08 22:45:43,735 prefix: なに total 52 words: total 1145 records
2025-05-08 22:45:45,245 prefix: なぬ total 3 words: total 46 records
2025-05-08 22:45:46,332 prefix: なね total 0 words: total 0 records
2025-05-08 22:45:49,570 prefix: なの total 19 words: total 277 records
2025-05-08 22:45:52,753 prefix: なは total 17 words: total 759 records
2025-05-08 22:45:55,046 prefix: なば total 9 words: total 377 records
2025-05-08 22:45:56,581 prefix: なぱ total 2 words: total 82 records
2025-05-08 22:45:58,182 prefix: なひ total 4 words: total 141 records
2025-05-08 22:46:00,655 prefix: なび total 11 words: total 450 records
2025-05-08 22:46:01,792 prefix: なぴ total 0 words: total 0 records
2025-05-08 22:46:03,359 prefix: なふ total 4 words: total 189 records
2025-05-08 22:46:04,554 prefix: なぶ total 1 words: total 2 records
2025-05-08 22:46:05,720 prefix: なぷ total 1 words: total 13 records
2025-05-08 22:46:07,058 prefix: なへ total 2 words: total 16 records
2025-05-08 22:46:11,283 prefix: なべ total 27 words: total 336 records
2025-05-08 22:46:12,451 prefix: なぺ total 0 words: total 0 records
2025-05-08 22:46:13,538 prefix: なほ total 0 words: total 0 records
2025-05-08 22:46:14,752 prefix: なぼ total 1 words: total 36 records
2025-05-08 22:46:16,820 prefix: なぽ total 12 words: total 136 records
2025-05-08 22:46:27,629 prefix: なま total 75 words: total 2382 records
2025-05-08 22:46:36,280 prefix: なみ total 88 words: total 1756 records
2025-05-08 22:46:40,043 prefix: なむ total 26 words: total 553 records
2025-05-08 22:46:43,538 prefix: なめ total 27 words: total 327 records
2025-05-08 22:46:44,978 prefix: なも total 3 words: total 81 records
2025-05-08 22:46:47,442 prefix: なや total 9 words: total 452 records
2025-05-08 22:46:48,829 prefix: なゆ total 3 words: total 93 records
2025-05-08 22:46:50,653 prefix: なよ total 6 words: total 84 records
2025-05-08 22:47:05,102 prefix: なら total 101 words: total 3754 records
2025-05-08 22:47:16,374 prefix: なり total 85 words: total 2435 records
2025-05-08 22:47:24,648 prefix: なる total 76 words: total 1260 records
2025-05-08 22:47:26,684 prefix: なれ total 13 words: total 167 records
2025-05-08 22:47:28,160 prefix: なろ total 4 words: total 206 records
2025-05-08 22:47:30,477 prefix: なわ total 15 words: total 333 records
2025-05-08 22:47:35,766 prefix: なっ total 39 words: total 1395 records
2025-05-08 22:47:36,900 group: な written 95058 records to CSV
2025-05-08 22:47:37,475 prefix: にあ total 7 words: total 85 records
2025-05-08 22:47:53,023 prefix: にい total 147 words: total 3321 records
2025-05-08 22:47:54,406 prefix: にう total 4 words: total 75 records
2025-05-08 22:47:55,853 prefix: にえ total 5 words: total 53 records
2025-05-08 22:47:58,025 prefix: にお total 11 words: total 188 records
2025-05-08 22:48:02,983 prefix: にか total 47 words: total 712 records
2025-05-08 22:48:05,859 prefix: にが total 19 words: total 497 records
2025-05-08 22:48:08,978 prefix: にき total 23 words: total 297 records
2025-05-08 22:48:10,574 prefix: にぎ total 6 words: total 24 records
2025-05-08 22:48:14,995 prefix: にく total 38 words: total 395 records
2025-05-08 22:48:16,245 prefix: にぐ total 2 words: total 33 records
2025-05-08 22:48:17,469 prefix: にけ total 2 words: total 6 records
2025-05-08 22:48:19,445 prefix: にげ total 11 words: total 158 records
2025-05-08 22:48:31,301 prefix: にこ total 137 words: total 1771 records
2025-05-08 22:48:32,804 prefix: にご total 5 words: total 127 records
2025-05-08 22:48:34,768 prefix: にさ total 9 words: total 333 records
2025-05-08 22:48:36,000 prefix: にざ total 2 words: total 13 records
2025-05-08 22:49:35,050 prefix: にし total 639 words: total 6374 records
2025-05-08 22:49:52,580 prefix: にじ total 140 words: total 2598 records
2025-05-08 22:49:53,821 prefix: にす total 1 words: total 1 records
2025-05-08 22:49:54,973 prefix: にず total 0 words: total 0 records
2025-05-08 22:49:59,972 prefix: にせ total 38 words: total 245 records
2025-05-08 22:50:01,117 prefix: にぜ total 0 words: total 0 records
2025-05-08 22:50:02,987 prefix: にそ total 7 words: total 71 records
2025-05-08 22:50:04,082 prefix: にぞ total 0 words: total 0 records
2025-05-08 22:50:06,123 prefix: にた total 9 words: total 104 records
2025-05-08 22:50:07,850 prefix: にだ total 6 words: total 139 records
2025-05-08 22:50:19,755 prefix: にち total 100 words: total 1244 records
2025-05-08 22:50:20,866 prefix: にぢ total 0 words: total 0 records
2025-05-08 22:51:21,512 prefix: にっ total 555 words: total 11863 records
2025-05-08 22:51:22,750 prefix: につ total 2 words: total 26 records
2025-05-08 22:51:23,857 prefix: にづ total 0 words: total 0 records
2025-05-08 22:51:25,472 prefix: にて total 4 words: total 26 records
2025-05-08 22:51:26,653 prefix: にで total 1 words: total 0 records
2025-05-08 22:51:30,867 prefix: にと total 31 words: total 561 records
2025-05-08 22:51:32,095 prefix: にど total 2 words: total 24 records
2025-05-08 22:51:34,760 prefix: にな total 12 words: total 275 records
2025-05-08 22:51:36,576 prefix: にに total 7 words: total 189 records
2025-05-08 22:51:37,734 prefix: にぬ total 1 words: total 9 records
2025-05-08 22:51:39,211 prefix: にね total 4 words: total 15 records
2025-05-08 22:51:45,592 prefix: にの total 43 words: total 576 records
2025-05-08 22:51:46,874 prefix: には total 2 words: total 42 records
2025-05-08 22:51:48,098 prefix: にば total 1 words: total 40 records
2025-05-08 22:51:49,291 prefix: にぱ total 1 words: total 59 records
2025-05-08 22:51:51,348 prefix: にひ total 8 words: total 133 records
2025-05-08 22:51:52,465 prefix: にび total 0 words: total 0 records
2025-05-08 22:51:53,579 prefix: にぴ total 0 words: total 0 records
2025-05-08 22:51:55,294 prefix: にふ total 6 words: total 103 records
2025-05-08 22:51:57,604 prefix: にぶ total 10 words: total 203 records
2025-05-08 22:51:58,982 prefix: にぷ total 1 words: total 9 records
2025-05-08 22:52:00,959 prefix: にへ total 7 words: total 78 records
2025-05-08 22:52:02,279 prefix: にべ total 2 words: total 12 records
2025-05-08 22:52:03,467 prefix: にぺ total 1 words: total 4 records
2025-05-08 22:53:15,387 prefix: にほ total 717 words: total 9618 records
2025-05-08 22:53:16,896 prefix: にぼ total 4 words: total 182 records
2025-05-08 22:53:17,963 prefix: にぽ total 0 words: total 0 records
2025-05-08 22:53:19,392 prefix: にま total 4 words: total 122 records
2025-05-08 22:53:20,574 prefix: にみ total 1 words: total 1 records
2025-05-08 22:53:22,838 prefix: にむ total 8 words: total 225 records
2025-05-08 22:53:24,024 prefix: にめ total 1 words: total 14 records
2025-05-08 22:53:25,381 prefix: にも total 2 words: total 55 records
2025-05-08 22:53:26,677 prefix: にや total 2 words: total 78 records
2025-05-08 22:53:27,871 prefix: にゆ total 1 words: total 12 records
2025-05-08 22:53:29,202 prefix: によ total 3 words: total 29 records
2025-05-08 22:53:31,534 prefix: にら total 14 words: total 446 records
2025-05-08 22:53:33,736 prefix: にり total 13 words: total 333 records
2025-05-08 22:53:35,283 prefix: にる total 6 words: total 98 records
2025-05-08 22:53:36,881 prefix: にれ total 6 words: total 163 records
2025-05-08 22:53:38,333 prefix: にろ total 2 words: total 69 records
2025-05-08 22:53:43,630 prefix: にわ total 40 words: total 830 records
2025-05-08 22:55:10,130 prefix: にっ total 555 words: total 11863 records
2025-05-08 22:55:11,233 group: に written 57249 records to CSV
2025-05-08 22:55:11,381 prefix: ぬあ total 1 words: total 25 records
2025-05-08 22:55:12,776 prefix: ぬい total 4 words: total 26 records
2025-05-08 22:55:13,856 prefix: ぬう total 0 words: total 0 records
2025-05-08 22:55:15,057 prefix: ぬえ total 1 words: total 11 records
2025-05-08 22:55:16,231 prefix: ぬお total 1 words: total 21 records
2025-05-08 22:55:19,053 prefix: ぬか total 16 words: total 237 records
2025-05-08 22:55:20,159 prefix: ぬが total 0 words: total 0 records
2025-05-08 22:55:22,321 prefix: ぬき total 7 words: total 95 records
2025-05-08 22:55:23,393 prefix: ぬぎ total 0 words: total 0 records
2025-05-08 22:55:25,520 prefix: ぬく total 9 words: total 71 records
2025-05-08 22:55:26,629 prefix: ぬぐ total 0 words: total 0 records
2025-05-08 22:55:28,041 prefix: ぬけ total 3 words: total 34 records
2025-05-08 22:55:29,105 prefix: ぬげ total 0 words: total 0 records
2025-05-08 22:55:30,407 prefix: ぬこ total 2 words: total 50 records
2025-05-08 22:55:31,555 prefix: ぬご total 0 words: total 0 records
2025-05-08 22:55:33,052 prefix: ぬさ total 3 words: total 28 records
2025-05-08 22:55:34,218 prefix: ぬざ total 0 words: total 0 records
2025-05-08 22:55:35,302 prefix: ぬし total 0 words: total 0 records
2025-05-08 22:55:36,374 prefix: ぬじ total 0 words: total 0 records
2025-05-08 22:55:37,967 prefix: ぬす total 5 words: total 33 records
2025-05-08 22:55:39,042 prefix: ぬず total 0 words: total 0 records
2025-05-08 22:55:40,180 prefix: ぬせ total 1 words: total 11 records
2025-05-08 22:55:41,275 prefix: ぬぜ total 0 words: total 0 records
2025-05-08 22:55:42,363 prefix: ぬそ total 0 words: total 0 records
2025-05-08 22:55:43,428 prefix: ぬぞ total 0 words: total 0 records
2025-05-08 22:55:44,812 prefix: ぬた total 3 words: total 116 records
2025-05-08 22:55:45,887 prefix: ぬだ total 0 words: total 0 records
2025-05-08 22:55:46,954 prefix: ぬち total 0 words: total 0 records
2025-05-08 22:55:48,040 prefix: ぬぢ total 0 words: total 0 records
2025-05-08 22:55:49,441 prefix: ぬっ total 4 words: total 78 records
2025-05-08 22:55:50,569 prefix: ぬつ total 0 words: total 0 records
2025-05-08 22:55:51,640 prefix: ぬづ total 0 words: total 0 records
2025-05-08 22:55:52,705 prefix: ぬて total 0 words: total 0 records
2025-05-08 22:55:53,777 prefix: ぬで total 0 words: total 0 records
2025-05-08 22:55:54,850 prefix: ぬと total 0 words: total 0 records
2025-05-08 22:55:55,955 prefix: ぬど total 0 words: total 0 records
2025-05-08 22:55:57,121 prefix: ぬな total 1 words: total 17 records
2025-05-08 22:55:58,195 prefix: ぬに total 0 words: total 0 records
2025-05-08 22:55:59,412 prefix: ぬぬ total 1 words: total 93 records
2025-05-08 22:56:00,497 prefix: ぬね total 0 words: total 0 records
2025-05-08 22:56:02,457 prefix: ぬの total 11 words: total 121 records
2025-05-08 22:56:03,532 prefix: ぬは total 0 words: total 0 records
2025-05-08 22:56:04,615 prefix: ぬば total 0 words: total 0 records
2025-05-08 22:56:05,681 prefix: ぬぱ total 0 words: total 0 records
2025-05-08 22:56:06,748 prefix: ぬひ total 0 words: total 0 records
2025-05-08 22:56:07,952 prefix: ぬび total 2 words: total 5 records
2025-05-08 22:56:09,030 prefix: ぬぴ total 0 words: total 0 records
2025-05-08 22:56:10,100 prefix: ぬふ total 0 words: total 0 records
2025-05-08 22:56:11,172 prefix: ぬぶ total 0 words: total 0 records
2025-05-08 22:56:12,268 prefix: ぬぷ total 0 words: total 0 records
2025-05-08 22:56:13,340 prefix: ぬへ total 0 words: total 0 records
2025-05-08 22:56:14,416 prefix: ぬべ total 0 words: total 0 records
2025-05-08 22:56:15,486 prefix: ぬぺ total 0 words: total 0 records
2025-05-08 22:56:16,558 prefix: ぬほ total 0 words: total 0 records
2025-05-08 22:56:17,625 prefix: ぬぼ total 0 words: total 0 records
2025-05-08 22:56:18,702 prefix: ぬぽ total 0 words: total 0 records
2025-05-08 22:56:23,692 prefix: ぬま total 49 words: total 848 records
2025-05-08 22:56:24,850 prefix: ぬみ total 1 words: total 24 records
2025-05-08 22:56:25,944 prefix: ぬむ total 0 words: total 0 records
2025-05-08 22:56:27,097 prefix: ぬめ total 1 words: total 4 records
2025-05-08 22:56:28,164 prefix: ぬも total 0 words: total 0 records
2025-05-08 22:56:29,238 prefix: ぬや total 0 words: total 0 records
2025-05-08 22:56:30,315 prefix: ぬゆ total 0 words: total 0 records
2025-05-08 22:56:31,388 prefix: ぬよ total 0 words: total 0 records
2025-05-08 22:56:32,684 prefix: ぬら total 2 words: total 63 records
2025-05-08 22:56:34,152 prefix: ぬり total 5 words: total 86 records
2025-05-08 22:56:35,720 prefix: ぬる total 7 words: total 51 records
2025-05-08 22:56:37,133 prefix: ぬれ total 5 words: total 42 records
2025-05-08 22:56:38,210 prefix: ぬろ total 0 words: total 0 records
2025-05-08 22:56:39,483 prefix: ぬわ total 2 words: total 32 records
2025-05-08 22:56:40,884 prefix: ぬっ total 4 words: total 78 records
2025-05-08 22:56:41,907 group: ぬ written 2300 records to CSV
2025-05-08 22:56:42,267 prefix: ねあ total 4 words: total 25 records
2025-05-08 22:56:47,269 prefix: ねい total 46 words: total 1055 records
2025-05-08 22:56:48,393 prefix: ねう total 1 words: total 2 records
2025-05-08 22:56:49,595 prefix: ねえ total 1 words: total 8 records
2025-05-08 22:56:54,816 prefix: ねお total 52 words: total 871 records
2025-05-08 22:56:56,014 prefix: ねか total 2 words: total 8 records
2025-05-08 22:56:58,144 prefix: ねが total 14 words: total 200 records
2025-05-08 22:56:59,363 prefix: ねき total 2 words: total 22 records
2025-05-08 22:57:01,892 prefix: ねぎ total 19 words: total 191 records
2025-05-08 22:57:05,365 prefix: ねく total 30 words: total 284 records
2025-05-08 22:57:06,963 prefix: ねぐ total 6 words: total 81 records
2025-05-08 22:57:08,055 prefix: ねけ total 0 words: total 0 records
2025-05-08 22:57:09,195 prefix: ねげ total 1 words: total 1 records
2025-05-08 22:57:17,148 prefix: ねこ total 85 words: total 1280 records
2025-05-08 22:57:18,650 prefix: ねご total 6 words: total 59 records
2025-05-08 22:57:19,821 prefix: ねさ total 1 words: total 7 records
2025-05-08 22:57:21,024 prefix: ねざ total 2 words: total 11 records
2025-05-08 22:57:22,221 prefix: ねし total 1 words: total 28 records
2025-05-08 22:57:24,494 prefix: ねじ total 15 words: total 88 records
2025-05-08 22:57:26,296 prefix: ねす total 10 words: total 70 records
2025-05-08 22:57:29,701 prefix: ねず total 29 words: total 351 records
2025-05-08 22:57:30,766 prefix: ねせ total 0 words: total 0 records
2025-05-08 22:57:31,829 prefix: ねぜ total 0 words: total 0 records
2025-05-08 22:57:33,020 prefix: ねそ total 2 words: total 4 records
2025-05-08 22:57:34,156 prefix: ねぞ total 1 words: total 3 records
2025-05-08 22:57:37,961 prefix: ねた total 34 words: total 540 records
2025-05-08 22:57:39,088 prefix: ねだ total 1 words: total 2 records
2025-05-08 22:57:40,430 prefix: ねち total 3 words: total 64 records
2025-05-08 22:57:41,503 prefix: ねぢ total 0 words: total 0 records
2025-05-08 22:57:52,557 prefix: ねっ total 115 words: total 2683 records
2025-05-08 22:57:55,665 prefix: ねつ total 25 words: total 363 records
2025-05-08 22:57:57,242 prefix: ねづ total 7 words: total 49 records
2025-05-08 22:57:58,553 prefix: ねて total 3 words: total 25 records
2025-05-08 22:57:59,622 prefix: ねで total 0 words: total 0 records
2025-05-08 22:58:01,100 prefix: ねと total 6 words: total 42 records
2025-05-08 22:58:02,178 prefix: ねど total 0 words: total 0 records
2025-05-08 22:58:03,546 prefix: ねな total 4 words: total 23 records
2025-05-08 22:58:04,628 prefix: ねに total 0 words: total 0 records
2025-05-08 22:58:05,696 prefix: ねぬ total 0 words: total 0 records
2025-05-08 22:58:06,828 prefix: ねね total 1 words: total 1 records
2025-05-08 22:58:08,040 prefix: ねの total 2 words: total 14 records
2025-05-08 22:58:09,358 prefix: ねは total 3 words: total 42 records
2025-05-08 22:58:11,167 prefix: ねば total 10 words: total 97 records
2025-05-08 22:58:13,277 prefix: ねぱ total 13 words: total 134 records
2025-05-08 22:58:14,350 prefix: ねひ total 0 words: total 0 records
2025-05-08 22:58:15,589 prefix: ねび total 2 words: total 36 records
2025-05-08 22:58:16,810 prefix: ねぴ total 1 words: total 89 records
2025-05-08 22:58:18,736 prefix: ねふ total 11 words: total 77 records
2025-05-08 22:58:20,415 prefix: ねぶ total 9 words: total 40 records
2025-05-08 22:58:22,168 prefix: ねぷ total 9 words: total 119 records
2025-05-08 22:58:23,237 prefix: ねへ total 0 words: total 0 records
2025-05-08 22:58:24,312 prefix: ねべ total 0 words: total 0 records
2025-05-08 22:58:25,390 prefix: ねぺ total 0 words: total 0 records
2025-05-08 22:58:26,524 prefix: ねほ total 1 words: total 2 records
2025-05-08 22:58:27,875 prefix: ねぼ total 3 words: total 64 records
2025-05-08 22:58:29,020 prefix: ねぽ total 1 words: total 3 records
2025-05-08 22:58:30,527 prefix: ねま total 6 words: total 13 records
2025-05-08 22:58:31,718 prefix: ねみ total 2 words: total 3 records
2025-05-08 22:58:35,064 prefix: ねむ total 30 words: total 318 records
2025-05-08 22:58:36,294 prefix: ねめ total 2 words: total 3 records
2025-05-08 22:58:39,425 prefix: ねも total 26 words: total 376 records
2025-05-08 22:58:40,771 prefix: ねや total 4 words: total 33 records
2025-05-08 22:58:41,846 prefix: ねゆ total 0 words: total 0 records
2025-05-08 22:58:43,004 prefix: ねよ total 1 words: total 26 records
2025-05-08 22:58:44,701 prefix: ねら total 7 words: total 122 records
2025-05-08 22:58:46,634 prefix: ねり total 12 words: total 63 records
2025-05-08 22:58:49,533 prefix: ねる total 22 words: total 264 records
2025-05-08 22:58:50,752 prefix: ねれ total 2 words: total 17 records
2025-05-08 22:58:51,972 prefix: ねろ total 2 words: total 19 records
2025-05-08 22:58:53,039 prefix: ねわ total 0 words: total 0 records
2025-05-08 22:59:04,261 prefix: ねっ total 115 words: total 2683 records
2025-05-08 22:59:05,304 group: ね written 13098 records to CSV
2025-05-08 22:59:06,652 prefix: のあ total 16 words: total 295 records
2025-05-08 22:59:10,732 prefix: のい total 26 words: total 473 records
2025-05-08 22:59:25,932 prefix: のう total 136 words: total 5104 records
2025-05-08 22:59:27,474 prefix: のえ total 6 words: total 14 records
2025-05-08 22:59:29,121 prefix: のお total 5 words: total 219 records
2025-05-08 22:59:30,714 prefix: のか total 5 words: total 274 records
2025-05-08 22:59:33,817 prefix: のが total 18 words: total 520 records
2025-05-08 22:59:35,168 prefix: のき total 3 words: total 61 records
2025-05-08 22:59:39,296 prefix: のぎ total 28 words: total 608 records
2025-05-08 22:59:41,005 prefix: のく total 5 words: total 28 records
2025-05-08 22:59:45,385 prefix: のぐ total 34 words: total 309 records
2025-05-08 22:59:46,489 prefix: のけ total 0 words: total 0 records
2025-05-08 22:59:47,774 prefix: のげ total 2 words: total 4 records
2025-05-08 22:59:50,461 prefix: のこ total 19 words: total 287 records
2025-05-08 22:59:51,540 prefix: のご total 0 words: total 0 records
2025-05-08 22:59:53,148 prefix: のさ total 6 words: total 180 records
2025-05-08 22:59:58,016 prefix: のざ total 34 words: total 1018 records
2025-05-08 22:59:59,993 prefix: のし total 7 words: total 95 records
2025-05-08 23:00:03,442 prefix: のじ total 15 words: total 366 records
2025-05-08 23:00:05,453 prefix: のす total 7 words: total 107 records
2025-05-08 23:00:06,587 prefix: のず total 0 words: total 0 records
2025-05-08 23:00:08,270 prefix: のせ total 5 words: total 58 records
2025-05-08 23:00:09,418 prefix: のぜ total 0 words: total 0 records
2025-05-08 23:00:10,522 prefix: のそ total 0 words: total 0 records
2025-05-08 23:00:13,539 prefix: のぞ total 16 words: total 300 records
2025-05-08 23:00:15,157 prefix: のた total 3 words: total 93 records
2025-05-08 23:00:20,879 prefix: のだ total 38 words: total 1434 records
2025-05-08 23:00:22,362 prefix: のち total 4 words: total 88 records
2025-05-08 23:00:23,436 prefix: のぢ total 0 words: total 0 records
2025-05-08 23:00:28,590 prefix: のっ total 36 words: total 1240 records
2025-05-08 23:00:29,967 prefix: のつ total 3 words: total 58 records
2025-05-08 23:00:31,342 prefix: のづ total 4 words: total 67 records
2025-05-08 23:00:32,529 prefix: のて total 1 words: total 8 records
2025-05-08 23:00:33,722 prefix: ので total 1 words: total 21 records
2025-05-08 23:00:37,353 prefix: のと total 25 words: total 729 records
2025-05-08 23:00:40,163 prefix: のど total 18 words: total 496 records
2025-05-08 23:00:43,641 prefix: のな total 23 words: total 623 records
2025-05-08 23:00:44,792 prefix: のに total 1 words: total 2 records
2025-05-08 23:00:45,883 prefix: のぬ total 0 words: total 0 records
2025-05-08 23:00:46,953 prefix: のね total 0 words: total 0 records
2025-05-08 23:00:50,483 prefix: のの total 21 words: total 437 records
2025-05-08 23:00:53,058 prefix: のは total 10 words: total 337 records
2025-05-08 23:00:55,061 prefix: のば total 6 words: total 148 records
2025-05-08 23:00:56,143 prefix: のぱ total 0 words: total 0 records
2025-05-08 23:00:57,512 prefix: のひ total 2 words: total 128 records
2025-05-08 23:00:59,881 prefix: のび total 12 words: total 195 records
2025-05-08 23:01:00,972 prefix: のぴ total 0 words: total 0 records
2025-05-08 23:01:02,076 prefix: のふ total 0 words: total 0 records
2025-05-08 23:01:06,837 prefix: のぶ total 36 words: total 346 records
2025-05-08 23:01:07,930 prefix: のぷ total 0 words: total 0 records
2025-05-08 23:01:09,194 prefix: のへ total 1 words: total 13 records
2025-05-08 23:01:11,387 prefix: のべ total 11 words: total 90 records
2025-05-08 23:01:12,483 prefix: のぺ total 0 words: total 0 records
2025-05-08 23:01:13,668 prefix: のほ total 1 words: total 53 records
2025-05-08 23:01:16,216 prefix: のぼ total 16 words: total 284 records
2025-05-08 23:01:17,305 prefix: のぽ total 0 words: total 0 records
2025-05-08 23:01:19,457 prefix: のま total 10 words: total 162 records
2025-05-08 23:01:22,206 prefix: のみ total 14 words: total 487 records
2025-05-08 23:01:29,585 prefix: のむ total 68 words: total 1019 records
2025-05-08 23:01:30,789 prefix: のめ total 2 words: total 2 records
2025-05-08 23:01:32,521 prefix: のも total 8 words: total 119 records
2025-05-08 23:01:33,742 prefix: のや total 1 words: total 62 records
2025-05-08 23:01:34,879 prefix: のゆ total 0 words: total 0 records
2025-05-08 23:01:36,096 prefix: のよ total 1 words: total 21 records
2025-05-08 23:01:38,700 prefix: のら total 15 words: total 366 records
2025-05-08 23:01:44,153 prefix: のり total 46 words: total 581 records
2025-05-08 23:01:50,798 prefix: のる total 52 words: total 582 records
2025-05-08 23:01:51,931 prefix: のれ total 1 words: total 6 records
2025-05-08 23:01:54,900 prefix: のろ total 23 words: total 493 records
2025-05-08 23:01:56,000 prefix: のわ total 0 words: total 0 records
2025-05-08 23:02:00,478 prefix: のっ total 36 words: total 1240 records
2025-05-08 23:02:01,532 group: の written 22350 records to CSV
2025-05-08 23:02:02,073 prefix: はあ total 4 words: total 150 records
2025-05-08 23:02:42,345 prefix: はい total 410 words: total 10964 records
2025-05-08 23:02:46,047 prefix: はう total 31 words: total 729 records
2025-05-08 23:02:47,733 prefix: はえ total 8 words: total 53 records
2025-05-08 23:02:49,373 prefix: はお total 6 words: total 251 records
2025-05-08 23:02:59,078 prefix: はか total 85 words: total 3128 records
2025-05-08 23:03:03,275 prefix: はが total 32 words: total 1142 records
2025-05-08 23:03:05,305 prefix: はき total 13 words: total 186 records
2025-05-08 23:03:11,120 prefix: はぎ total 54 words: total 857 records
2025-05-08 23:03:27,703 prefix: はく total 158 words: total 5302 records
2025-05-08 23:03:30,460 prefix: はぐ total 21 words: total 307 records
2025-05-08 23:03:32,903 prefix: はけ total 10 words: total 161 records
2025-05-08 23:03:36,055 prefix: はげ total 19 words: total 448 records
2025-05-08 23:03:42,354 prefix: はこ total 64 words: total 579 records
2025-05-08 23:03:44,235 prefix: はご total 8 words: total 25 records
2025-05-08 23:03:49,154 prefix: はさ total 29 words: total 1637 records
2025-05-08 23:03:51,755 prefix: はざ total 11 words: total 476 records
2025-05-08 23:04:11,402 prefix: はし total 180 words: total 3136 records
2025-05-08 23:04:16,726 prefix: はじ total 43 words: total 808 records
2025-05-08 23:04:20,158 prefix: はす total 23 words: total 550 records
2025-05-08 23:04:23,453 prefix: はず total 18 words: total 301 records
2025-05-08 23:04:35,264 prefix: はせ total 102 words: total 1046 records
2025-05-08 23:04:36,533 prefix: はぜ total 2 words: total 19 records
2025-05-08 23:04:37,701 prefix: はそ total 1 words: total 34 records
2025-05-08 23:04:38,787 prefix: はぞ total 0 words: total 0 records
2025-05-08 23:04:53,103 prefix: はた total 124 words: total 4370 records
2025-05-08 23:04:58,927 prefix: はだ total 53 words: total 1531 records
2025-05-08 23:05:15,674 prefix: はち total 166 words: total 4798 records
2025-05-08 23:05:16,884 prefix: はぢ total 1 words: total 99 records
2025-05-08 23:05:52,140 prefix: はっ total 274 words: total 10093 records
2025-05-08 23:06:07,020 prefix: はつ total 120 words: total 3327 records
2025-05-08 23:06:09,830 prefix: はづ total 14 words: total 337 records
2025-05-08 23:06:12,944 prefix: はて total 19 words: total 181 records
2025-05-08 23:06:14,238 prefix: はで total 2 words: total 94 records
2025-05-08 23:06:18,846 prefix: はと total 36 words: total 498 records
2025-05-08 23:06:21,819 prefix: はど total 19 words: total 518 records
2025-05-08 23:06:54,050 prefix: はな total 313 words: total 10062 records
2025-05-08 23:07:00,463 prefix: はに total 56 words: total 2049 records
2025-05-08 23:07:01,692 prefix: はぬ total 2 words: total 14 records
2025-05-08 23:07:06,217 prefix: はね total 39 words: total 568 records
2025-05-08 23:07:08,180 prefix: はの total 9 words: total 365 records
2025-05-08 23:07:10,277 prefix: はは total 11 words: total 171 records
2025-05-08 23:07:13,095 prefix: はば total 21 words: total 368 records
2025-05-08 23:07:14,162 prefix: はぱ total 0 words: total 0 records
2025-05-08 23:07:15,235 prefix: はひ total 0 words: total 0 records
2025-05-08 23:07:17,344 prefix: はび total 13 words: total 233 records
2025-05-08 23:07:18,802 prefix: はぴ total 5 words: total 47 records
2025-05-08 23:07:20,470 prefix: はふ total 6 words: total 252 records
2025-05-08 23:07:22,987 prefix: はぶ total 15 words: total 557 records
2025-05-08 23:07:24,896 prefix: はぷ total 10 words: total 244 records
2025-05-08 23:07:25,966 prefix: はへ total 0 words: total 0 records
2025-05-08 23:07:27,037 prefix: はべ total 0 words: total 0 records
2025-05-08 23:07:28,101 prefix: はぺ total 0 words: total 0 records
2025-05-08 23:07:29,168 prefix: はほ total 0 words: total 0 records
2025-05-08 23:07:30,699 prefix: はぼ total 6 words: total 99 records
2025-05-08 23:07:31,760 prefix: はぽ total 0 words: total 0 records
2025-05-08 23:07:52,204 prefix: はま total 205 words: total 6247 records
2025-05-08 23:07:55,142 prefix: はみ total 23 words: total 556 records
2025-05-08 23:07:58,809 prefix: はむ total 26 words: total 1016 records
2025-05-08 23:08:00,548 prefix: はめ total 8 words: total 60 records
2025-05-08 23:08:02,521 prefix: はも total 12 words: total 123 records
2025-05-08 23:08:36,640 prefix: はや total 340 words: total 10831 records
2025-05-08 23:08:37,701 prefix: はゆ total 0 words: total 0 records
2025-05-08 23:08:39,085 prefix: はよ total 3 words: total 96 records
2025-05-08 23:09:09,189 prefix: はら total 293 words: total 12640 records
2025-05-08 23:09:25,088 prefix: はり total 150 words: total 4762 records
2025-05-08 23:09:45,839 prefix: はる total 214 words: total 6409 records
2025-05-08 23:09:50,734 prefix: はれ total 27 words: total 339 records
2025-05-08 23:09:56,509 prefix: はろ total 57 words: total 1212 records
2025-05-08 23:10:01,634 prefix: はわ total 40 words: total 1198 records
2025-05-08 23:10:29,989 prefix: はっ total 274 words: total 10093 records
2025-05-08 23:10:31,163 group: は written 128746 records to CSV
2025-05-08 23:10:31,722 prefix: ばあ total 5 words: total 284 records
2025-05-08 23:10:52,227 prefix: ばい total 205 words: total 5896 records
2025-05-08 23:10:55,124 prefix: ばう total 20 words: total 765 records
2025-05-08 23:10:56,266 prefix: ばえ total 1 words: total 16 records
2025-05-08 23:10:57,397 prefix: ばお total 1 words: total 5 records
2025-05-08 23:11:03,300 prefix: ばか total 43 words: total 2285 records
2025-05-08 23:11:04,539 prefix: ばが total 2 words: total 62 records
2025-05-08 23:11:06,217 prefix: ばき total 2 words: total 57 records
2025-05-08 23:11:08,436 prefix: ばぎ total 6 words: total 287 records
2025-05-08 23:11:18,371 prefix: ばく total 90 words: total 1926 records
2025-05-08 23:11:20,934 prefix: ばぐ total 12 words: total 526 records
2025-05-08 23:11:23,975 prefix: ばけ total 20 words: total 433 records
2025-05-08 23:11:25,038 prefix: ばげ total 0 words: total 0 records
2025-05-08 23:11:26,177 prefix: ばこ total 1 words: total 25 records
2025-05-08 23:11:27,295 prefix: ばご total 1 words: total 0 records
2025-05-08 23:11:28,554 prefix: ばさ total 2 words: total 70 records
2025-05-08 23:11:29,774 prefix: ばざ total 2 words: total 19 records
2025-05-08 23:11:32,075 prefix: ばし total 14 words: total 429 records
2025-05-08 23:11:34,317 prefix: ばじ total 12 words: total 438 records
2025-05-08 23:11:42,565 prefix: ばす total 78 words: total 2370 records
2025-05-08 23:11:45,213 prefix: ばず total 15 words: total 718 records
2025-05-08 23:11:46,725 prefix: ばせ total 6 words: total 102 records
2025-05-08 23:11:47,796 prefix: ばぜ total 0 words: total 0 records
2025-05-08 23:11:48,864 prefix: ばそ total 0 words: total 0 records
2025-05-08 23:11:49,929 prefix: ばぞ total 0 words: total 0 records
2025-05-08 23:11:53,867 prefix: ばた total 29 words: total 1074 records
2025-05-08 23:11:54,930 prefix: ばだ total 0 words: total 0 records
2025-05-08 23:11:57,067 prefix: ばち total 11 words: total 430 records
2025-05-08 23:11:58,129 prefix: ばぢ total 0 words: total 0 records
2025-05-08 23:12:17,306 prefix: ばっ total 153 words: total 5980 records
2025-05-08 23:12:19,158 prefix: ばつ total 8 words: total 277 records
2025-05-08 23:12:20,241 prefix: ばづ total 0 words: total 0 records
2025-05-08 23:12:21,874 prefix: ばて total 7 words: total 105 records
2025-05-08 23:12:23,806 prefix: ばで total 8 words: total 186 records
2025-05-08 23:12:30,693 prefix: ばと total 58 words: total 932 records
2025-05-08 23:12:32,645 prefix: ばど total 9 words: total 365 records
2025-05-08 23:12:37,676 prefix: ばな total 38 words: total 1511 records
2025-05-08 23:12:40,945 prefix: ばに total 18 words: total 637 records
2025-05-08 23:12:42,355 prefix: ばぬ total 5 words: total 24 records
2025-05-08 23:12:43,636 prefix: ばね total 3 words: total 36 records
2025-05-08 23:12:44,902 prefix: ばの total 2 words: total 56 records
2025-05-08 23:12:46,793 prefix: ばは total 7 words: total 281 records
2025-05-08 23:12:51,340 prefix: ばば total 34 words: total 1528 records
2025-05-08 23:12:52,406 prefix: ばぱ total 0 words: total 0 records
2025-05-08 23:12:53,472 prefix: ばひ total 0 words: total 0 records
2025-05-08 23:12:55,403 prefix: ばび total 10 words: total 284 records
2025-05-08 23:12:56,479 prefix: ばぴ total 0 words: total 0 records
2025-05-08 23:12:58,246 prefix: ばふ total 8 words: total 276 records
2025-05-08 23:13:00,844 prefix: ばぶ total 18 words: total 293 records
2025-05-08 23:13:02,277 prefix: ばぷ total 4 words: total 86 records
2025-05-08 23:13:03,337 prefix: ばへ total 0 words: total 0 records
2025-05-08 23:13:04,874 prefix: ばべ total 5 words: total 55 records
2025-05-08 23:13:05,958 prefix: ばぺ total 0 words: total 0 records
2025-05-08 23:13:07,017 prefix: ばほ total 0 words: total 0 records
2025-05-08 23:13:08,275 prefix: ばぼ total 1 words: total 53 records
2025-05-08 23:13:09,350 prefix: ばぽ total 0 words: total 0 records
2025-05-08 23:13:10,420 prefix: ばま total 0 words: total 0 records
2025-05-08 23:13:11,592 prefix: ばみ total 1 words: total 49 records
2025-05-08 23:13:12,748 prefix: ばむ total 1 words: total 0 records
2025-05-08 23:13:13,951 prefix: ばめ total 2 words: total 10 records
2025-05-08 23:13:15,109 prefix: ばも total 1 words: total 0 records
2025-05-08 23:13:16,553 prefix: ばや total 3 words: total 56 records
2025-05-08 23:13:17,701 prefix: ばゆ total 1 words: total 12 records
2025-05-08 23:13:18,792 prefix: ばよ total 0 words: total 0 records
2025-05-08 23:13:27,920 prefix: ばら total 65 words: total 1844 records
2025-05-08 23:13:35,536 prefix: ばり total 63 words: total 2651 records
2025-05-08 23:13:46,008 prefix: ばる total 111 words: total 2863 records
2025-05-08 23:13:50,571 prefix: ばれ total 45 words: total 677 records
2025-05-08 23:13:53,213 prefix: ばろ total 20 words: total 448 records
2025-05-08 23:13:54,274 prefix: ばわ total 0 words: total 0 records
2025-05-08 23:14:10,106 prefix: ばっ total 153 words: total 5980 records
2025-05-08 23:14:11,188 group: ば written 45772 records to CSV
2025-05-08 23:14:11,246 prefix: ぱあ total 0 words: total 0 records
2025-05-08 23:14:19,602 prefix: ぱい total 73 words: total 1965 records
2025-05-08 23:14:24,753 prefix: ぱう total 50 words: total 800 records
2025-05-08 23:14:25,893 prefix: ぱえ total 1 words: total 12 records
2025-05-08 23:14:28,340 prefix: ぱお total 19 words: total 213 records
2025-05-08 23:14:29,573 prefix: ぱか total 2 words: total 60 records
2025-05-08 23:14:30,783 prefix: ぱが total 1 words: total 81 records
2025-05-08 23:14:32,415 prefix: ぱき total 7 words: total 170 records
2025-05-08 23:14:33,486 prefix: ぱぎ total 0 words: total 0 records
2025-05-08 23:14:41,817 prefix: ぱく total 72 words: total 3452 records
2025-05-08 23:14:42,948 prefix: ぱぐ total 1 words: total 10 records
2025-05-08 23:14:44,249 prefix: ぱけ total 3 words: total 38 records
2025-05-08 23:14:45,316 prefix: ぱげ total 0 words: total 0 records
2025-05-08 23:14:46,831 prefix: ぱこ total 5 words: total 59 records
2025-05-08 23:14:47,922 prefix: ぱご total 0 words: total 0 records
2025-05-08 23:14:49,145 prefix: ぱさ total 2 words: total 3 records
2025-05-08 23:14:50,206 prefix: ぱざ total 0 words: total 0 records
2025-05-08 23:14:53,020 prefix: ぱし total 20 words: total 445 records
2025-05-08 23:14:55,191 prefix: ぱじ total 11 words: total 314 records
2025-05-08 23:14:59,817 prefix: ぱす total 40 words: total 854 records
2025-05-08 23:15:02,171 prefix: ぱず total 12 words: total 114 records
2025-05-08 23:15:03,554 prefix: ぱせ total 1 words: total 59 records
2025-05-08 23:15:04,714 prefix: ぱぜ total 1 words: total 0 records
2025-05-08 23:15:07,114 prefix: ぱそ total 12 words: total 128 records
2025-05-08 23:15:08,249 prefix: ぱぞ total 0 words: total 0 records
2025-05-08 23:15:10,821 prefix: ぱた total 12 words: total 457 records
2025-05-08 23:15:12,199 prefix: ぱだ total 2 words: total 76 records
2025-05-08 23:15:16,827 prefix: ぱち total 25 words: total 736 records
2025-05-08 23:15:17,919 prefix: ぱぢ total 0 words: total 0 records
2025-05-08 23:15:29,873 prefix: ぱっ total 71 words: total 2661 records
2025-05-08 23:15:30,977 prefix: ぱつ total 0 words: total 0 records
2025-05-08 23:15:32,078 prefix: ぱづ total 0 words: total 0 records
2025-05-08 23:15:34,278 prefix: ぱて total 11 words: total 173 records
2025-05-08 23:15:36,148 prefix: ぱで total 6 words: total 191 records
2025-05-08 23:15:43,907 prefix: ぱと total 71 words: total 821 records
2025-05-08 23:15:45,291 prefix: ぱど total 4 words: total 27 records
2025-05-08 23:15:49,775 prefix: ぱな total 24 words: total 692 records
2025-05-08 23:15:52,073 prefix: ぱに total 9 words: total 304 records
2025-05-08 23:15:53,149 prefix: ぱぬ total 0 words: total 0 records
2025-05-08 23:15:55,159 prefix: ぱね total 9 words: total 112 records
2025-05-08 23:15:56,556 prefix: ぱの total 3 words: total 60 records
2025-05-08 23:15:57,631 prefix: ぱは total 0 words: total 0 records
2025-05-08 23:15:58,703 prefix: ぱば total 0 words: total 0 records
2025-05-08 23:16:02,504 prefix: ぱぱ total 24 words: total 551 records
2025-05-08 23:16:03,577 prefix: ぱひ total 0 words: total 0 records
2025-05-08 23:16:04,846 prefix: ぱび total 2 words: total 68 records
2025-05-08 23:16:06,954 prefix: ぱぴ total 6 words: total 287 records
2025-05-08 23:16:08,884 prefix: ぱふ total 6 words: total 314 records
2025-05-08 23:16:13,348 prefix: ぱぶ total 33 words: total 378 records
2025-05-08 23:16:15,115 prefix: ぱぷ total 4 words: total 60 records
2025-05-08 23:16:16,179 prefix: ぱへ total 0 words: total 0 records
2025-05-08 23:16:18,731 prefix: ぱべ total 6 words: total 18 records
2025-05-08 23:16:20,049 prefix: ぱぺ total 3 words: total 23 records
2025-05-08 23:16:21,190 prefix: ぱほ total 1 words: total 12 records
2025-05-08 23:16:22,258 prefix: ぱぼ total 0 words: total 0 records
2025-05-08 23:16:23,328 prefix: ぱぽ total 0 words: total 0 records
2025-05-08 23:16:24,396 prefix: ぱま total 0 words: total 0 records
2025-05-08 23:16:25,603 prefix: ぱみ total 2 words: total 20 records
2025-05-08 23:16:26,823 prefix: ぱむ total 2 words: total 46 records
2025-05-08 23:16:28,104 prefix: ぱめ total 3 words: total 13 records
2025-05-08 23:16:29,270 prefix: ぱも total 1 words: total 0 records
2025-05-08 23:16:30,457 prefix: ぱや total 1 words: total 41 records
2025-05-08 23:16:31,562 prefix: ぱゆ total 0 words: total 0 records
2025-05-08 23:16:32,628 prefix: ぱよ total 0 words: total 0 records
2025-05-08 23:16:42,603 prefix: ぱら total 93 words: total 2325 records
2025-05-08 23:16:50,211 prefix: ぱり total 49 words: total 1223 records
2025-05-08 23:16:57,120 prefix: ぱる total 54 words: total 1044 records
2025-05-08 23:17:02,438 prefix: ぱれ total 25 words: total 200 records
2025-05-08 23:17:04,584 prefix: ぱろ total 9 words: total 212 records
2025-05-08 23:17:16,076 prefix: ぱわ total 57 words: total 2225 records
2025-05-08 23:17:26,882 prefix: ぱっ total 71 words: total 2661 records
2025-05-08 23:17:27,945 group: ぱ written 26808 records to CSV
2025-05-08 23:17:29,442 prefix: ひあ total 11 words: total 207 records
2025-05-08 23:17:32,556 prefix: ひい total 18 words: total 380 records
2025-05-08 23:17:34,428 prefix: ひう total 9 words: total 160 records
2025-05-08 23:17:37,302 prefix: ひえ total 23 words: total 182 records
2025-05-08 23:17:39,598 prefix: ひお total 13 words: total 396 records
2025-05-08 23:17:55,276 prefix: ひか total 124 words: total 2295 records
2025-05-08 23:18:22,981 prefix: ひが total 253 words: total 3191 records
2025-05-08 23:18:29,581 prefix: ひき total 64 words: total 1207 records
2025-05-08 23:18:30,826 prefix: ひぎ total 2 words: total 4 records
2025-05-08 23:18:32,319 prefix: ひく total 6 words: total 40 records
2025-05-08 23:18:37,732 prefix: ひぐ total 54 words: total 639 records
2025-05-08 23:18:39,188 prefix: ひけ total 5 words: total 91 records
2025-05-08 23:18:41,422 prefix: ひげ total 16 words: total 104 records
2025-05-08 23:18:47,834 prefix: ひこ total 53 words: total 1758 records
2025-05-08 23:18:50,223 prefix: ひご total 14 words: total 387 records
2025-05-08 23:18:56,970 prefix: ひさ total 70 words: total 779 records
2025-05-08 23:18:58,728 prefix: ひざ total 8 words: total 154 records
2025-05-08 23:19:02,742 prefix: ひし total 35 words: total 557 records
2025-05-08 23:19:08,494 prefix: ひじ total 54 words: total 964 records
2025-05-08 23:19:11,987 prefix: ひす total 29 words: total 417 records
2025-05-08 23:19:13,602 prefix: ひず total 6 words: total 59 records
2025-05-08 23:19:15,547 prefix: ひせ total 11 words: total 100 records
2025-05-08 23:19:17,263 prefix: ひぜ total 7 words: total 36 records
2025-05-08 23:19:18,888 prefix: ひそ total 6 words: total 206 records
2025-05-08 23:19:20,233 prefix: ひぞ total 3 words: total 127 records
2025-05-08 23:19:27,094 prefix: ひた total 60 words: total 904 records
2025-05-08 23:19:37,246 prefix: ひだ total 82 words: total 1918 records
2025-05-08 23:19:38,449 prefix: ひち total 2 words: total 15 records
2025-05-08 23:19:39,521 prefix: ひぢ total 0 words: total 0 records
2025-05-08 23:19:50,910 prefix: ひっ total 81 words: total 1685 records
2025-05-08 23:19:55,442 prefix: ひつ total 30 words: total 500 records
2025-05-08 23:19:57,186 prefix: ひづ total 5 words: total 86 records
2025-05-08 23:19:58,768 prefix: ひて total 5 words: total 34 records
2025-05-08 23:20:01,353 prefix: ひで total 11 words: total 119 records
2025-05-08 23:20:25,413 prefix: ひと total 218 words: total 3108 records
2025-05-08 23:20:28,232 prefix: ひど total 17 words: total 366 records
2025-05-08 23:20:39,958 prefix: ひな total 82 words: total 2445 records
2025-05-08 23:20:41,749 prefix: ひに total 6 words: total 169 records
2025-05-08 23:20:43,000 prefix: ひぬ total 2 words: total 33 records
2025-05-08 23:20:44,710 prefix: ひね total 7 words: total 55 records
2025-05-08 23:20:57,041 prefix: ひの total 99 words: total 1973 records
2025-05-08 23:20:59,164 prefix: ひは total 8 words: total 184 records
2025-05-08 23:21:01,598 prefix: ひば total 15 words: total 180 records
2025-05-08 23:21:02,659 prefix: ひぱ total 0 words: total 0 records
2025-05-08 23:21:03,860 prefix: ひひ total 2 words: total 21 records
2025-05-08 23:21:08,618 prefix: ひび total 45 words: total 607 records
2025-05-08 23:21:09,760 prefix: ひぴ total 1 words: total 16 records
2025-05-08 23:21:11,662 prefix: ひふ total 10 words: total 222 records
2025-05-08 23:21:13,241 prefix: ひぶ total 5 words: total 84 records
2025-05-08 23:21:14,786 prefix: ひぷ total 6 words: total 87 records
2025-05-08 23:21:15,926 prefix: ひへ total 1 words: total 12 records
2025-05-08 23:21:17,052 prefix: ひべ total 1 words: total 0 records
2025-05-08 23:21:18,206 prefix: ひぺ total 1 words: total 7 records
2025-05-08 23:21:19,933 prefix: ひほ total 6 words: total 185 records
2025-05-08 23:21:21,242 prefix: ひぼ total 3 words: total 91 records
2025-05-08 23:21:22,697 prefix: ひぽ total 5 words: total 105 records
2025-05-08 23:21:28,122 prefix: ひま total 37 words: total 1009 records
2025-05-08 23:21:32,117 prefix: ひみ total 30 words: total 273 records
2025-05-08 23:21:34,971 prefix: ひむ total 16 words: total 283 records
2025-05-08 23:21:44,439 prefix: ひめ total 85 words: total 525 records
2025-05-08 23:21:46,180 prefix: ひも total 8 words: total 209 records
2025-05-08 23:21:49,788 prefix: ひや total 29 words: total 770 records
2025-05-08 23:21:51,098 prefix: ひゆ total 3 words: total 82 records
2025-05-08 23:21:54,702 prefix: ひよ total 33 words: total 494 records
2025-05-08 23:22:31,855 prefix: ひら total 442 words: total 7199 records
2025-05-08 23:22:34,074 prefix: ひり total 12 words: total 278 records
2025-05-08 23:22:38,615 prefix: ひる total 47 words: total 719 records
2025-05-08 23:22:40,629 prefix: ひれ total 13 words: total 86 records
2025-05-08 23:23:05,970 prefix: ひろ total 278 words: total 3581 records
2025-05-08 23:23:08,444 prefix: ひわ total 11 words: total 431 records
2025-05-08 23:23:18,066 prefix: ひっ total 81 words: total 1685 records
2025-05-08 23:23:19,138 group: ひ written 47275 records to CSV
2025-05-08 23:23:20,752 prefix: びあ total 16 words: total 373 records
2025-05-08 23:23:22,045 prefix: びい total 2 words: total 30 records
2025-05-08 23:23:23,238 prefix: びう total 1 words: total 53 records
2025-05-08 23:23:24,663 prefix: びえ total 4 words: total 32 records
2025-05-08 23:23:26,671 prefix: びお total 8 words: total 266 records
2025-05-08 23:23:27,796 prefix: びか total 0 words: total 0 records
2025-05-08 23:23:29,252 prefix: びが total 3 words: total 86 records
2025-05-08 23:23:30,675 prefix: びき total 4 words: total 40 records
2025-05-08 23:23:31,971 prefix: びぎ total 3 words: total 43 records
2025-05-08 23:23:35,835 prefix: びく total 28 words: total 274 records
2025-05-08 23:23:37,044 prefix: びぐ total 1 words: total 46 records
2025-05-08 23:23:38,116 prefix: びけ total 0 words: total 0 records
2025-05-08 23:23:39,264 prefix: びげ total 1 words: total 1 records
2025-05-08 23:23:41,092 prefix: びこ total 7 words: total 276 records
2025-05-08 23:23:42,190 prefix: びご total 0 words: total 0 records
2025-05-08 23:23:43,975 prefix: びさ total 8 words: total 140 records
2025-05-08 23:23:46,517 prefix: びざ total 13 words: total 211 records
2025-05-08 23:23:50,056 prefix: びし total 26 words: total 435 records
2025-05-08 23:23:56,996 prefix: びじ total 63 words: total 910 records
2025-05-08 23:24:00,464 prefix: びす total 20 words: total 349 records
2025-05-08 23:24:01,879 prefix: びず total 3 words: total 95 records
2025-05-08 23:24:03,839 prefix: びせ total 8 words: total 71 records
2025-05-08 23:24:05,723 prefix: びぜ total 6 words: total 75 records
2025-05-08 23:24:06,784 prefix: びそ total 0 words: total 0 records
2025-05-08 23:24:07,863 prefix: びぞ total 0 words: total 0 records
2025-05-08 23:24:10,563 prefix: びた total 16 words: total 342 records
2025-05-08 23:24:11,757 prefix: びだ total 1 words: total 47 records
2025-05-08 23:24:13,180 prefix: びち total 2 words: total 14 records
2025-05-08 23:24:14,281 prefix: びぢ total 0 words: total 0 records
2025-05-08 23:24:34,555 prefix: びっ total 158 words: total 4391 records
2025-05-08 23:24:35,647 prefix: びつ total 0 words: total 0 records
2025-05-08 23:24:36,739 prefix: びづ total 0 words: total 0 records
2025-05-08 23:24:38,192 prefix: びて total 2 words: total 26 records
2025-05-08 23:24:41,915 prefix: びで total 24 words: total 239 records
2025-05-08 23:24:43,972 prefix: びと total 9 words: total 303 records
2025-05-08 23:24:45,044 prefix: びど total 0 words: total 0 records
2025-05-08 23:24:46,326 prefix: びな total 2 words: total 86 records
2025-05-08 23:24:48,089 prefix: びに total 6 words: total 79 records
2025-05-08 23:24:49,156 prefix: びぬ total 0 words: total 0 records
2025-05-08 23:24:50,316 prefix: びね total 1 words: total 9 records
2025-05-08 23:24:51,799 prefix: びの total 3 words: total 61 records
2025-05-08 23:24:53,471 prefix: びは total 6 words: total 79 records
2025-05-08 23:24:55,549 prefix: びば total 11 words: total 181 records
2025-05-08 23:24:56,623 prefix: びぱ total 0 words: total 0 records
2025-05-08 23:24:57,756 prefix: びひ total 1 words: total 0 records
2025-05-08 23:25:00,596 prefix: びび total 17 words: total 302 records
2025-05-08 23:25:01,678 prefix: びぴ total 0 words: total 0 records
2025-05-08 23:25:03,457 prefix: びふ total 6 words: total 120 records
2025-05-08 23:25:06,139 prefix: びぶ total 15 words: total 229 records
2025-05-08 23:25:07,328 prefix: びぷ total 1 words: total 27 records
2025-05-08 23:25:08,489 prefix: びへ total 0 words: total 0 records
2025-05-08 23:25:09,553 prefix: びべ total 0 words: total 0 records
2025-05-08 23:25:10,669 prefix: びぺ total 0 words: total 0 records
2025-05-08 23:25:12,334 prefix: びほ total 5 words: total 185 records
2025-05-08 23:25:13,725 prefix: びぼ total 2 words: total 80 records
2025-05-08 23:25:14,795 prefix: びぽ total 0 words: total 0 records
2025-05-08 23:25:16,321 prefix: びま total 1 words: total 1 records
2025-05-08 23:25:17,482 prefix: びみ total 1 words: total 0 records
2025-05-08 23:25:18,555 prefix: びむ total 0 words: total 0 records
2025-05-08 23:25:19,672 prefix: びめ total 0 words: total 0 records
2025-05-08 23:25:20,739 prefix: びも total 0 words: total 0 records
2025-05-08 23:25:21,890 prefix: びや total 1 words: total 0 records
2025-05-08 23:25:23,070 prefix: びゆ total 1 words: total 0 records
2025-05-08 23:25:26,056 prefix: びよ total 16 words: total 339 records
2025-05-08 23:25:27,786 prefix: びら total 6 words: total 127 records
2025-05-08 23:25:34,469 prefix: びり total 60 words: total 1088 records
2025-05-08 23:25:41,767 prefix: びる total 66 words: total 1229 records
2025-05-08 23:25:43,424 prefix: びれ total 5 words: total 107 records
2025-05-08 23:25:45,013 prefix: びろ total 4 words: total 33 records
2025-05-08 23:25:49,220 prefix: びわ total 28 words: total 496 records
2025-05-08 23:26:06,635 prefix: びっ total 158 words: total 4391 records
2025-05-08 23:26:07,685 group: び written 18417 records to CSV
2025-05-08 23:26:12,687 prefix: ぴあ total 41 words: total 794 records
2025-05-08 23:26:13,872 prefix: ぴい total 1 words: total 2 records
2025-05-08 23:26:14,945 prefix: ぴう total 0 words: total 0 records
2025-05-08 23:26:21,998 prefix: ぴえ total 52 words: total 269 records
2025-05-08 23:26:23,529 prefix: ぴお total 4 words: total 32 records
2025-05-08 23:26:25,587 prefix: ぴか total 14 words: total 102 records
2025-05-08 23:26:26,657 prefix: ぴが total 0 words: total 0 records
2025-05-08 23:26:27,716 prefix: ぴき total 0 words: total 0 records
2025-05-08 23:26:28,875 prefix: ぴぎ total 1 words: total 39 records
2025-05-08 23:26:31,728 prefix: ぴく total 21 words: total 436 records
2025-05-08 23:26:33,466 prefix: ぴぐ total 8 words: total 160 records
2025-05-08 23:26:34,542 prefix: ぴけ total 0 words: total 0 records
2025-05-08 23:26:35,608 prefix: ぴげ total 0 words: total 0 records
2025-05-08 23:26:37,264 prefix: ぴこ total 7 words: total 116 records
2025-05-08 23:26:38,325 prefix: ぴご total 0 words: total 0 records
2025-05-08 23:26:39,551 prefix: ぴさ total 2 words: total 49 records
2025-05-08 23:26:41,693 prefix: ぴざ total 13 words: total 267 records
2025-05-08 23:26:42,875 prefix: ぴし total 1 words: total 25 records
2025-05-08 23:26:44,038 prefix: ぴじ total 1 words: total 45 records
2025-05-08 23:26:46,145 prefix: ぴす total 12 words: total 138 records
2025-05-08 23:26:47,211 prefix: ぴず total 0 words: total 0 records
2025-05-08 23:26:48,279 prefix: ぴせ total 0 words: total 0 records
2025-05-08 23:26:49,343 prefix: ぴぜ total 0 words: total 0 records
2025-05-08 23:26:50,503 prefix: ぴそ total 1 words: total 29 records
2025-05-08 23:26:51,580 prefix: ぴぞ total 0 words: total 0 records
2025-05-08 23:26:53,179 prefix: ぴた total 7 words: total 70 records
2025-05-08 23:26:54,334 prefix: ぴだ total 1 words: total 24 records
2025-05-08 23:26:56,083 prefix: ぴち total 9 words: total 129 records
2025-05-08 23:26:57,151 prefix: ぴぢ total 0 words: total 0 records
2025-05-08 23:27:03,419 prefix: ぴっ total 49 words: total 1162 records
2025-05-08 23:27:04,495 prefix: ぴつ total 0 words: total 0 records
2025-05-08 23:27:05,560 prefix: ぴづ total 0 words: total 0 records
2025-05-08 23:27:06,712 prefix: ぴて total 1 words: total 10 records
2025-05-08 23:27:07,806 prefix: ぴで total 0 words: total 0 records
2025-05-08 23:27:09,201 prefix: ぴと total 4 words: total 102 records
2025-05-08 23:27:10,330 prefix: ぴど total 1 words: total 13 records
2025-05-08 23:27:11,396 prefix: ぴな total 0 words: total 0 records
2025-05-08 23:27:12,651 prefix: ぴに total 2 words: total 67 records
2025-05-08 23:27:13,716 prefix: ぴぬ total 0 words: total 0 records
2025-05-08 23:27:14,786 prefix: ぴね total 0 words: total 0 records
2025-05-08 23:27:16,376 prefix: ぴの total 6 words: total 147 records
2025-05-08 23:27:17,442 prefix: ぴは total 0 words: total 0 records
2025-05-08 23:27:18,582 prefix: ぴば total 1 words: total 11 records
2025-05-08 23:27:19,656 prefix: ぴぱ total 0 words: total 0 records
2025-05-08 23:27:20,723 prefix: ぴひ total 0 words: total 0 records
2025-05-08 23:27:21,810 prefix: ぴび total 0 words: total 0 records
2025-05-08 23:27:23,107 prefix: ぴぴ total 3 words: total 19 records
2025-05-08 23:27:24,205 prefix: ぴふ total 0 words: total 0 records
2025-05-08 23:27:25,343 prefix: ぴぶ total 1 words: total 23 records
2025-05-08 23:27:26,416 prefix: ぴぷ total 0 words: total 0 records
2025-05-08 23:27:27,486 prefix: ぴへ total 0 words: total 0 records
2025-05-08 23:27:28,549 prefix: ぴべ total 0 words: total 0 records
2025-05-08 23:27:29,681 prefix: ぴぺ total 1 words: total 7 records
2025-05-08 23:27:30,752 prefix: ぴほ total 0 words: total 0 records
2025-05-08 23:27:31,817 prefix: ぴぼ total 0 words: total 0 records
2025-05-08 23:27:32,901 prefix: ぴぽ total 0 words: total 0 records
2025-05-08 23:27:33,978 prefix: ぴま total 0 words: total 0 records
2025-05-08 23:27:35,075 prefix: ぴみ total 0 words: total 0 records
2025-05-08 23:27:36,262 prefix: ぴむ total 2 words: total 7 records
2025-05-08 23:27:37,326 prefix: ぴめ total 0 words: total 0 records
2025-05-08 23:27:38,386 prefix: ぴも total 0 words: total 0 records
2025-05-08 23:27:39,448 prefix: ぴや total 0 words: total 0 records
2025-05-08 23:27:40,512 prefix: ぴゆ total 0 words: total 0 records
2025-05-08 23:27:41,972 prefix: ぴよ total 5 words: total 81 records
2025-05-08 23:27:44,398 prefix: ぴら total 17 words: total 328 records
2025-05-08 23:27:46,032 prefix: ぴり total 7 words: total 91 records
2025-05-08 23:27:48,754 prefix: ぴる total 13 words: total 348 records
2025-05-08 23:27:50,087 prefix: ぴれ total 2 words: total 6 records
2025-05-08 23:27:52,058 prefix: ぴろ total 7 words: total 190 records
2025-05-08 23:27:53,170 prefix: ぴわ total 0 words: total 0 records
2025-05-08 23:27:59,214 prefix: ぴっ total 49 words: total 1162 records
2025-05-08 23:28:00,226 group: ぴ written 6500 records to CSV
2025-05-08 23:28:02,373 prefix: ふあ total 30 words: total 363 records
2025-05-08 23:28:03,726 prefix: ふい total 4 words: total 61 records
2025-05-08 23:28:11,217 prefix: ふう total 76 words: total 1715 records
2025-05-08 23:28:12,722 prefix: ふえ total 7 words: total 66 records
2025-05-08 23:28:13,957 prefix: ふお total 2 words: total 58 records
2025-05-08 23:28:23,953 prefix: ふか total 114 words: total 1693 records
2025-05-08 23:28:25,542 prefix: ふが total 6 words: total 181 records
2025-05-08 23:28:29,312 prefix: ふき total 36 words: total 393 records
2025-05-08 23:28:30,382 prefix: ふぎ total 0 words: total 0 records
2025-05-08 23:29:23,594 prefix: ふく total 561 words: total 4919 records
2025-05-08 23:29:25,187 prefix: ふぐ total 7 words: total 102 records
2025-05-08 23:29:27,230 prefix: ふけ total 13 words: total 162 records
2025-05-08 23:29:28,590 prefix: ふげ total 3 words: total 97 records
2025-05-08 23:29:30,366 prefix: ふこ total 9 words: total 97 records
2025-05-08 23:29:31,896 prefix: ふご total 6 words: total 102 records
2025-05-08 23:29:34,310 prefix: ふさ total 18 words: total 174 records
2025-05-08 23:29:35,973 prefix: ふざ total 7 words: total 88 records
2025-05-08 23:29:42,287 prefix: ふし total 70 words: total 749 records
2025-05-08 23:30:56,366 prefix: ふじ total 683 words: total 8532 records
2025-05-08 23:30:57,602 prefix: ふす total 2 words: total 14 records
2025-05-08 23:30:58,751 prefix: ふず total 1 words: total 16 records
2025-05-08 23:31:03,441 prefix: ふせ total 40 words: total 622 records
2025-05-08 23:31:04,635 prefix: ふぜ total 1 words: total 56 records
2025-05-08 23:31:06,198 prefix: ふそ total 6 words: total 132 records
2025-05-08 23:31:07,450 prefix: ふぞ total 2 words: total 57 records
2025-05-08 23:31:20,368 prefix: ふた total 153 words: total 1656 records
2025-05-08 23:31:22,486 prefix: ふだ total 13 words: total 242 records
2025-05-08 23:31:25,266 prefix: ふち total 23 words: total 275 records
2025-05-08 23:31:26,337 prefix: ふぢ total 0 words: total 0 records
2025-05-08 23:31:33,380 prefix: ふっ total 70 words: total 1590 records
2025-05-08 23:31:37,535 prefix: ふつ total 40 words: total 512 records
2025-05-08 23:31:38,681 prefix: ふづ total 1 words: total 15 records
2025-05-08 23:31:41,744 prefix: ふて total 21 words: total 235 records
2025-05-08 23:31:43,305 prefix: ふで total 5 words: total 43 records
2025-05-08 23:31:48,125 prefix: ふと total 36 words: total 691 records
2025-05-08 23:31:52,978 prefix: ふど total 34 words: total 510 records
2025-05-08 23:32:00,205 prefix: ふな total 60 words: total 842 records
2025-05-08 23:32:02,062 prefix: ふに total 6 words: total 84 records
2025-05-08 23:32:03,250 prefix: ふぬ total 1 words: total 5 records
2025-05-08 23:32:04,900 prefix: ふね total 6 words: total 132 records
2025-05-08 23:32:06,655 prefix: ふの total 8 words: total 115 records
2025-05-08 23:32:08,083 prefix: ふは total 3 words: total 88 records
2025-05-08 23:32:09,237 prefix: ふば total 1 words: total 16 records
2025-05-08 23:32:10,304 prefix: ふぱ total 0 words: total 0 records
2025-05-08 23:32:11,560 prefix: ふひ total 1 words: total 46 records
2025-05-08 23:32:13,031 prefix: ふび total 3 words: total 112 records
2025-05-08 23:32:14,104 prefix: ふぴ total 0 words: total 0 records
2025-05-08 23:32:15,309 prefix: ふふ total 2 words: total 12 records
2025-05-08 23:32:16,980 prefix: ふぶ total 7 words: total 126 records
2025-05-08 23:32:18,082 prefix: ふぷ total 0 words: total 0 records
2025-05-08 23:32:19,662 prefix: ふへ total 4 words: total 123 records
2025-05-08 23:32:20,823 prefix: ふべ total 1 words: total 1 records
2025-05-08 23:32:21,884 prefix: ふぺ total 0 words: total 0 records
2025-05-08 23:32:24,309 prefix: ふほ total 16 words: total 365 records
2025-05-08 23:32:25,443 prefix: ふぼ total 1 words: total 8 records
2025-05-08 23:32:26,607 prefix: ふぽ total 0 words: total 0 records
2025-05-08 23:32:28,471 prefix: ふま total 6 words: total 126 records
2025-05-08 23:32:31,331 prefix: ふみ total 16 words: total 360 records
2025-05-08 23:32:32,418 prefix: ふむ total 0 words: total 0 records
2025-05-08 23:32:34,298 prefix: ふめ total 7 words: total 28 records
2025-05-08 23:32:35,679 prefix: ふも total 3 words: total 93 records
2025-05-08 23:32:36,755 prefix: ふや total 0 words: total 0 records
2025-05-08 23:32:43,025 prefix: ふゆ total 58 words: total 759 records
2025-05-08 23:32:45,400 prefix: ふよ total 15 words: total 398 records
2025-05-08 23:33:30,968 prefix: ふら total 423 words: total 5908 records
2025-05-08 23:33:47,076 prefix: ふり total 180 words: total 3361 records
2025-05-08 23:34:11,477 prefix: ふる total 312 words: total 2598 records
2025-05-08 23:34:22,514 prefix: ふれ total 136 words: total 988 records
2025-05-08 23:34:32,673 prefix: ふろ total 113 words: total 1561 records
2025-05-08 23:34:35,208 prefix: ふわ total 18 words: total 303 records
2025-05-08 23:34:42,181 prefix: ふっ total 70 words: total 1590 records
2025-05-08 23:34:43,272 group: ふ written 46366 records to CSV
2025-05-08 23:34:43,715 prefix: ぶあ total 3 words: total 156 records
2025-05-08 23:34:46,327 prefix: ぶい total 21 words: total 272 records
2025-05-08 23:34:47,397 prefix: ぶう total 0 words: total 0 records
2025-05-08 23:34:48,660 prefix: ぶえ total 3 words: total 33 records
2025-05-08 23:34:49,804 prefix: ぶお total 1 words: total 4 records
2025-05-08 23:34:51,810 prefix: ぶか total 12 words: total 247 records
2025-05-08 23:34:53,029 prefix: ぶが total 2 words: total 15 records
2025-05-08 23:34:55,017 prefix: ぶき total 12 words: total 170 records
2025-05-08 23:34:56,479 prefix: ぶぎ total 5 words: total 83 records
2025-05-08 23:34:57,845 prefix: ぶく total 3 words: total 47 records
2025-05-08 23:34:58,914 prefix: ぶぐ total 0 words: total 0 records
2025-05-08 23:35:00,689 prefix: ぶけ total 7 words: total 78 records
2025-05-08 23:35:01,947 prefix: ぶげ total 2 words: total 42 records
2025-05-08 23:35:03,266 prefix: ぶこ total 3 words: total 67 records
2025-05-08 23:35:04,332 prefix: ぶご total 0 words: total 0 records
2025-05-08 23:35:05,543 prefix: ぶさ total 2 words: total 10 records
2025-05-08 23:35:07,116 prefix: ぶざ total 5 words: total 239 records
2025-05-08 23:35:09,620 prefix: ぶし total 18 words: total 208 records
2025-05-08 23:35:11,363 prefix: ぶじ total 7 words: total 190 records
2025-05-08 23:35:12,586 prefix: ぶす total 2 words: total 14 records
2025-05-08 23:35:13,669 prefix: ぶず total 0 words: total 0 records
2025-05-08 23:35:14,830 prefix: ぶせ total 1 words: total 39 records
2025-05-08 23:35:16,125 prefix: ぶぜ total 3 words: total 40 records
2025-05-08 23:35:18,256 prefix: ぶそ total 13 words: total 264 records
2025-05-08 23:35:19,346 prefix: ぶぞ total 0 words: total 0 records
2025-05-08 23:35:23,729 prefix: ぶた total 39 words: total 923 records
2025-05-08 23:35:24,873 prefix: ぶだ total 1 words: total 17 records
2025-05-08 23:35:26,717 prefix: ぶち total 10 words: total 177 records
2025-05-08 23:35:27,791 prefix: ぶぢ total 0 words: total 0 records
2025-05-08 23:35:36,522 prefix: ぶっ total 89 words: total 2009 records
2025-05-08 23:35:39,575 prefix: ぶつ total 26 words: total 351 records
2025-05-08 23:35:40,655 prefix: ぶづ total 0 words: total 0 records
2025-05-08 23:35:41,923 prefix: ぶて total 2 words: total 59 records
2025-05-08 23:35:42,998 prefix: ぶで total 0 words: total 0 records
2025-05-08 23:35:44,274 prefix: ぶと total 2 words: total 78 records
2025-05-08 23:35:46,620 prefix: ぶど total 15 words: total 383 records
2025-05-08 23:35:47,932 prefix: ぶな total 3 words: total 78 records
2025-05-08 23:35:49,008 prefix: ぶに total 0 words: total 0 records
2025-05-08 23:35:50,074 prefix: ぶぬ total 0 words: total 0 records
2025-05-08 23:35:51,253 prefix: ぶね total 1 words: total 56 records
2025-05-08 23:35:52,838 prefix: ぶの total 7 words: total 86 records
2025-05-08 23:35:54,117 prefix: ぶは total 1 words: total 62 records
2025-05-08 23:35:55,624 prefix: ぶば total 3 words: total 34 records
2025-05-08 23:35:56,726 prefix: ぶぱ total 0 words: total 0 records
2025-05-08 23:35:57,856 prefix: ぶひ total 1 words: total 0 records
2025-05-08 23:35:58,929 prefix: ぶび total 0 words: total 0 records
2025-05-08 23:36:00,014 prefix: ぶぴ total 0 words: total 0 records
2025-05-08 23:36:01,075 prefix: ぶふ total 0 words: total 0 records
2025-05-08 23:36:02,794 prefix: ぶぶ total 8 words: total 91 records
2025-05-08 23:36:04,002 prefix: ぶぷ total 2 words: total 12 records
2025-05-08 23:36:05,075 prefix: ぶへ total 0 words: total 0 records
2025-05-08 23:36:06,145 prefix: ぶべ total 0 words: total 0 records
2025-05-08 23:36:07,241 prefix: ぶぺ total 0 words: total 0 records
2025-05-08 23:36:08,301 prefix: ぶほ total 0 words: total 0 records
2025-05-08 23:36:09,397 prefix: ぶぼ total 0 words: total 0 records
2025-05-08 23:36:10,474 prefix: ぶぽ total 0 words: total 0 records
2025-05-08 23:36:11,578 prefix: ぶま total 0 words: total 0 records
2025-05-08 23:36:12,790 prefix: ぶみ total 1 words: total 0 records
2025-05-08 23:36:13,906 prefix: ぶむ total 0 words: total 0 records
2025-05-08 23:36:14,976 prefix: ぶめ total 0 words: total 0 records
2025-05-08 23:36:16,065 prefix: ぶも total 0 words: total 0 records
2025-05-08 23:36:17,177 prefix: ぶや total 0 words: total 0 records
2025-05-08 23:36:18,318 prefix: ぶゆ total 1 words: total 20 records
2025-05-08 23:36:19,384 prefix: ぶよ total 0 words: total 0 records
2025-05-08 23:36:52,355 prefix: ぶら total 396 words: total 5475 records
2025-05-08 23:37:02,253 prefix: ぶり total 111 words: total 1669 records
2025-05-08 23:37:25,167 prefix: ぶる total 246 words: total 2912 records
2025-05-08 23:37:36,892 prefix: ぶれ total 139 words: total 1599 records
2025-05-08 23:37:45,315 prefix: ぶろ total 93 words: total 1349 records
2025-05-08 23:37:46,465 prefix: ぶわ total 1 words: total 8 records
2025-05-08 23:37:56,388 prefix: ぶっ total 89 words: total 2009 records
2025-05-08 23:37:57,446 group: ぶ written 21675 records to CSV
2025-05-08 23:37:57,643 prefix: ぷあ total 1 words: total 9 records
2025-05-08 23:37:58,776 prefix: ぷい total 1 words: total 1 records
2025-05-08 23:37:59,840 prefix: ぷう total 0 words: total 0 records
2025-05-08 23:38:01,402 prefix: ぷえ total 7 words: total 47 records
2025-05-08 23:38:02,474 prefix: ぷお total 0 words: total 0 records
2025-05-08 23:38:03,724 prefix: ぷか total 2 words: total 45 records
2025-05-08 23:38:04,856 prefix: ぷが total 1 words: total 2 records
2025-05-08 23:38:05,922 prefix: ぷき total 0 words: total 0 records
2025-05-08 23:38:07,007 prefix: ぷぎ total 0 words: total 0 records
2025-05-08 23:38:08,208 prefix: ぷく total 1 words: total 7 records
2025-05-08 23:38:09,281 prefix: ぷぐ total 0 words: total 0 records
2025-05-08 23:38:10,499 prefix: ぷけ total 1 words: total 1 records
2025-05-08 23:38:11,571 prefix: ぷげ total 0 words: total 0 records
2025-05-08 23:38:12,640 prefix: ぷこ total 0 words: total 0 records
2025-05-08 23:38:13,730 prefix: ぷご total 0 words: total 0 records
2025-05-08 23:38:15,449 prefix: ぷさ total 6 words: total 205 records
2025-05-08 23:38:16,527 prefix: ぷざ total 0 words: total 0 records
2025-05-08 23:38:18,091 prefix: ぷし total 3 words: total 54 records
2025-05-08 23:38:19,240 prefix: ぷじ total 1 words: total 38 records
2025-05-08 23:38:20,451 prefix: ぷす total 1 words: total 0 records
2025-05-08 23:38:21,524 prefix: ぷず total 0 words: total 0 records
2025-05-08 23:38:22,595 prefix: ぷせ total 0 words: total 0 records
2025-05-08 23:38:23,725 prefix: ぷぜ total 0 words: total 0 records
2025-05-08 23:38:24,916 prefix: ぷそ total 1 words: total 0 records
2025-05-08 23:38:26,055 prefix: ぷぞ total 0 words: total 0 records
2025-05-08 23:38:27,128 prefix: ぷた total 0 words: total 0 records
2025-05-08 23:38:28,259 prefix: ぷだ total 0 words: total 0 records
2025-05-08 23:38:32,145 prefix: ぷち total 24 words: total 404 records
2025-05-08 23:38:33,216 prefix: ぷぢ total 0 words: total 0 records
2025-05-08 23:38:35,730 prefix: ぷっ total 14 words: total 350 records
2025-05-08 23:38:36,859 prefix: ぷつ total 1 words: total 3 records
2025-05-08 23:38:37,928 prefix: ぷづ total 0 words: total 0 records
2025-05-08 23:38:39,206 prefix: ぷて total 2 words: total 19 records
2025-05-08 23:38:40,295 prefix: ぷで total 0 words: total 0 records
2025-05-08 23:38:41,694 prefix: ぷと total 3 words: total 63 records
2025-05-08 23:38:42,776 prefix: ぷど total 0 words: total 0 records
2025-05-08 23:38:43,839 prefix: ぷな total 0 words: total 0 records
2025-05-08 23:38:45,173 prefix: ぷに total 2 words: total 52 records
2025-05-08 23:38:46,255 prefix: ぷぬ total 0 words: total 0 records
2025-05-08 23:38:47,319 prefix: ぷね total 0 words: total 0 records
2025-05-08 23:38:48,523 prefix: ぷの total 1 words: total 48 records
2025-05-08 23:38:49,592 prefix: ぷは total 0 words: total 0 records
2025-05-08 23:38:50,659 prefix: ぷば total 0 words: total 0 records
2025-05-08 23:38:51,736 prefix: ぷぱ total 0 words: total 0 records
2025-05-08 23:38:52,843 prefix: ぷひ total 0 words: total 0 records
2025-05-08 23:38:53,921 prefix: ぷび total 0 words: total 0 records
2025-05-08 23:38:55,136 prefix: ぷぴ total 1 words: total 30 records
2025-05-08 23:38:56,438 prefix: ぷふ total 1 words: total 1 records
2025-05-08 23:38:57,512 prefix: ぷぶ total 0 words: total 0 records
2025-05-08 23:38:58,727 prefix: ぷぷ total 2 words: total 22 records
2025-05-08 23:38:59,801 prefix: ぷへ total 0 words: total 0 records
2025-05-08 23:39:00,947 prefix: ぷべ total 1 words: total 0 records
2025-05-08 23:39:02,106 prefix: ぷぺ total 1 words: total 0 records
2025-05-08 23:39:03,176 prefix: ぷほ total 0 words: total 0 records
2025-05-08 23:39:04,250 prefix: ぷぼ total 0 words: total 0 records
2025-05-08 23:39:05,363 prefix: ぷぽ total 0 words: total 0 records
2025-05-08 23:39:06,506 prefix: ぷま total 1 words: total 2 records
2025-05-08 23:39:07,578 prefix: ぷみ total 0 words: total 0 records
2025-05-08 23:39:08,660 prefix: ぷむ total 0 words: total 0 records
2025-05-08 23:39:09,743 prefix: ぷめ total 0 words: total 0 records
2025-05-08 23:39:10,813 prefix: ぷも total 0 words: total 0 records
2025-05-08 23:39:11,904 prefix: ぷや total 0 words: total 0 records
2025-05-08 23:39:13,008 prefix: ぷゆ total 0 words: total 0 records
2025-05-08 23:39:14,471 prefix: ぷよ total 5 words: total 32 records
2025-05-08 23:39:32,323 prefix: ぷら total 184 words: total 2628 records
2025-05-08 23:39:44,973 prefix: ぷり total 151 words: total 1736 records
2025-05-08 23:39:48,037 prefix: ぷる total 26 words: total 308 records
2025-05-08 23:39:59,237 prefix: ぷれ total 135 words: total 1402 records
2025-05-08 23:40:20,815 prefix: ぷろ total 241 words: total 2264 records
2025-05-08 23:40:22,052 prefix: ぷわ total 1 words: total 13 records
2025-05-08 23:40:24,717 prefix: ぷっ total 14 words: total 350 records
2025-05-08 23:40:25,754 group: ぷ written 10136 records to CSV
2025-05-08 23:40:27,109 prefix: へあ total 13 words: total 221 records
2025-05-08 23:40:52,207 prefix: へい total 248 words: total 5700 records
2025-05-08 23:40:53,516 prefix: へう total 3 words: total 54 records
2025-05-08 23:40:54,588 prefix: へえ total 0 words: total 0 records
2025-05-08 23:40:55,751 prefix: へお total 1 words: total 39 records
2025-05-08 23:40:56,900 prefix: へか total 1 words: total 16 records
2025-05-08 23:40:57,971 prefix: へが total 0 words: total 0 records
2025-05-08 23:41:00,253 prefix: へき total 14 words: total 235 records
2025-05-08 23:41:01,335 prefix: へぎ total 0 words: total 0 records
2025-05-08 23:41:03,625 prefix: へく total 16 words: total 190 records
2025-05-08 23:41:04,882 prefix: へぐ total 2 words: total 30 records
2025-05-08 23:41:05,946 prefix: へけ total 0 words: total 0 records
2025-05-08 23:41:07,138 prefix: へげ total 2 words: total 6 records
2025-05-08 23:41:08,205 prefix: へこ total 0 words: total 0 records
2025-05-08 23:41:09,277 prefix: へご total 0 words: total 0 records
2025-05-08 23:41:10,402 prefix: へさ total 1 words: total 3 records
2025-05-08 23:41:11,839 prefix: へざ total 5 words: total 78 records
2025-05-08 23:41:13,288 prefix: へし total 4 words: total 28 records
2025-05-08 23:41:14,507 prefix: へじ total 2 words: total 12 records
2025-05-08 23:41:16,486 prefix: へす total 12 words: total 153 records
2025-05-08 23:41:17,661 prefix: へず total 1 words: total 21 records
2025-05-08 23:41:18,730 prefix: へせ total 0 words: total 0 records
2025-05-08 23:41:19,798 prefix: へぜ total 0 words: total 0 records
2025-05-08 23:41:21,284 prefix: へそ total 5 words: total 129 records
2025-05-08 23:41:22,354 prefix: へぞ total 0 words: total 0 records
2025-05-08 23:41:23,822 prefix: へた total 5 words: total 52 records
2025-05-08 23:41:24,895 prefix: へだ total 0 words: total 0 records
2025-05-08 23:41:26,073 prefix: へち total 1 words: total 60 records
2025-05-08 23:41:27,136 prefix: へぢ total 0 words: total 0 records
2025-05-08 23:41:30,702 prefix: へっ total 27 words: total 736 records
2025-05-08 23:41:31,764 prefix: へつ total 0 words: total 0 records
2025-05-08 23:41:32,833 prefix: へづ total 0 words: total 0 records
2025-05-08 23:41:34,059 prefix: へて total 2 words: total 21 records
2025-05-08 23:41:35,275 prefix: へで total 2 words: total 23 records
2025-05-08 23:41:36,354 prefix: へと total 0 words: total 0 records
2025-05-08 23:41:37,933 prefix: へど total 6 words: total 66 records
2025-05-08 23:41:39,218 prefix: へな total 3 words: total 37 records
2025-05-08 23:41:40,458 prefix: へに total 2 words: total 47 records
2025-05-08 23:41:41,552 prefix: へぬ total 0 words: total 0 records
2025-05-08 23:41:42,686 prefix: へね total 1 words: total 4 records
2025-05-08 23:41:44,051 prefix: への total 4 words: total 52 records
2025-05-08 23:41:45,124 prefix: へは total 0 words: total 0 records
2025-05-08 23:41:46,268 prefix: へば total 1 words: total 4 records
2025-05-08 23:41:47,337 prefix: へぱ total 0 words: total 0 records
2025-05-08 23:41:48,466 prefix: へひ total 1 words: total 3 records
2025-05-08 23:41:51,152 prefix: へび total 20 words: total 341 records
2025-05-08 23:41:52,252 prefix: へぴ total 0 words: total 0 records
2025-05-08 23:41:53,399 prefix: へふ total 1 words: total 7 records
2025-05-08 23:41:54,972 prefix: へぶ total 7 words: total 81 records
2025-05-08 23:41:56,038 prefix: へぷ total 0 words: total 0 records
2025-05-08 23:41:57,100 prefix: へへ total 0 words: total 0 records
2025-05-08 23:41:58,236 prefix: へべ total 1 words: total 0 records
2025-05-08 23:41:59,378 prefix: へぺ total 1 words: total 1 records
2025-05-08 23:42:00,501 prefix: へほ total 0 words: total 0 records
2025-05-08 23:42:02,065 prefix: へぼ total 3 words: total 76 records
2025-05-08 23:42:03,146 prefix: へぽ total 0 words: total 0 records
2025-05-08 23:42:04,428 prefix: へま total 3 words: total 26 records
2025-05-08 23:42:05,583 prefix: へみ total 1 words: total 29 records
2025-05-08 23:42:06,896 prefix: へむ total 3 words: total 79 records
2025-05-08 23:42:07,962 prefix: へめ total 0 words: total 0 records
2025-05-08 23:42:09,191 prefix: へも total 2 words: total 34 records
2025-05-08 23:42:10,883 prefix: へや total 3 words: total 67 records
2025-05-08 23:42:12,014 prefix: へゆ total 1 words: total 0 records
2025-05-08 23:42:13,087 prefix: へよ total 0 words: total 0 records
2025-05-08 23:42:15,515 prefix: へら total 14 words: total 126 records
2025-05-08 23:42:19,253 prefix: へり total 24 words: total 359 records
2025-05-08 23:42:28,245 prefix: へる total 71 words: total 804 records
2025-05-08 23:42:31,690 prefix: へれ total 20 words: total 219 records
2025-05-08 23:42:33,831 prefix: へろ total 10 words: total 119 records
2025-05-08 23:42:34,991 prefix: へわ total 1 words: total 2 records
2025-05-08 23:42:39,311 prefix: へっ total 27 words: total 736 records
2025-05-08 23:42:40,351 group: へ written 11126 records to CSV
2025-05-08 23:42:42,494 prefix: べあ total 19 words: total 207 records
2025-05-08 23:42:53,541 prefix: べい total 92 words: total 1576 records
2025-05-08 23:42:54,618 prefix: べう total 0 words: total 0 records
2025-05-08 23:42:55,685 prefix: べえ total 0 words: total 0 records
2025-05-08 23:42:56,921 prefix: べお total 2 words: total 36 records
2025-05-08 23:42:58,119 prefix: べか total 1 words: total 31 records
2025-05-08 23:42:59,936 prefix: べが total 5 words: total 81 records
2025-05-08 23:43:01,708 prefix: べき total 6 words: total 171 records
2025-05-08 23:43:02,884 prefix: べぎ total 1 words: total 3 records
2025-05-08 23:43:04,789 prefix: べく total 8 words: total 44 records
2025-05-08 23:43:06,155 prefix: べぐ total 3 words: total 8 records
2025-05-08 23:43:07,227 prefix: べけ total 0 words: total 0 records
2025-05-08 23:43:08,363 prefix: べげ total 1 words: total 6 records
2025-05-08 23:43:09,438 prefix: べこ total 0 words: total 0 records
2025-05-08 23:43:10,504 prefix: べご total 0 words: total 0 records
2025-05-08 23:43:11,780 prefix: べさ total 3 words: total 19 records
2025-05-08 23:43:12,962 prefix: べざ total 1 words: total 31 records
2025-05-08 23:43:14,123 prefix: べし total 1 words: total 31 records
2025-05-08 23:43:15,708 prefix: べじ total 7 words: total 97 records
2025-05-08 23:43:20,066 prefix: べす total 43 words: total 340 records
2025-05-08 23:43:21,198 prefix: べず total 1 words: total 2 records
2025-05-08 23:43:22,264 prefix: べせ total 0 words: total 0 records
2025-05-08 23:43:23,407 prefix: べぜ total 1 words: total 19 records
2025-05-08 23:43:24,477 prefix: べそ total 0 words: total 0 records
2025-05-08 23:43:25,546 prefix: べぞ total 0 words: total 0 records
2025-05-08 23:43:26,930 prefix: べた total 4 words: total 59 records
2025-05-08 23:43:27,999 prefix: べだ total 0 words: total 0 records
2025-05-08 23:43:29,204 prefix: べち total 2 words: total 18 records
2025-05-08 23:43:30,276 prefix: べぢ total 0 words: total 0 records
2025-05-08 23:43:39,953 prefix: べっ total 90 words: total 2057 records
2025-05-08 23:43:42,403 prefix: べつ total 18 words: total 264 records
2025-05-08 23:43:43,472 prefix: べづ total 0 words: total 0 records
2025-05-08 23:43:45,194 prefix: べて total 9 words: total 97 records
2025-05-08 23:43:46,314 prefix: べで total 1 words: total 0 records
2025-05-08 23:43:48,531 prefix: べと total 16 words: total 190 records
2025-05-08 23:43:49,673 prefix: べど total 1 words: total 20 records
2025-05-08 23:43:51,163 prefix: べな total 6 words: total 53 records
2025-05-08 23:43:56,047 prefix: べに total 41 words: total 439 records
2025-05-08 23:43:57,124 prefix: べぬ total 0 words: total 0 records
2025-05-08 23:43:59,450 prefix: べね total 13 words: total 121 records
2025-05-08 23:44:00,672 prefix: べの total 1 words: total 5 records
2025-05-08 23:44:01,877 prefix: べは total 1 words: total 9 records
2025-05-08 23:44:03,079 prefix: べば total 1 words: total 6 records
2025-05-08 23:44:04,152 prefix: べぱ total 0 words: total 0 records
2025-05-08 23:44:05,336 prefix: べひ total 1 words: total 22 records
2025-05-08 23:44:08,684 prefix: べび total 19 words: total 401 records
2025-05-08 23:44:09,764 prefix: べぴ total 0 words: total 0 records
2025-05-08 23:44:10,917 prefix: べふ total 1 words: total 25 records
2025-05-08 23:44:11,992 prefix: べぶ total 0 words: total 0 records
2025-05-08 23:44:13,124 prefix: べぷ total 0 words: total 0 records
2025-05-08 23:44:14,402 prefix: べへ total 1 words: total 35 records
2025-05-08 23:44:15,546 prefix: べべ total 1 words: total 10 records
2025-05-08 23:44:16,656 prefix: べぺ total 0 words: total 0 records
2025-05-08 23:44:17,728 prefix: べほ total 0 words: total 0 records
2025-05-08 23:44:18,798 prefix: べぼ total 0 words: total 0 records
2025-05-08 23:44:19,958 prefix: べぽ total 1 words: total 35 records
2025-05-08 23:44:21,017 prefix: べま total 0 words: total 0 records
2025-05-08 23:44:22,170 prefix: べみ total 1 words: total 14 records
2025-05-08 23:44:23,245 prefix: べむ total 0 words: total 0 records
2025-05-08 23:44:24,382 prefix: べめ total 0 words: total 0 records
2025-05-08 23:44:25,474 prefix: べも total 0 words: total 0 records
2025-05-08 23:44:26,553 prefix: べや total 0 words: total 0 records
2025-05-08 23:44:27,752 prefix: べゆ total 1 words: total 34 records
2025-05-08 23:44:29,196 prefix: べよ total 4 words: total 44 records
2025-05-08 23:44:32,383 prefix: べら total 18 words: total 139 records
2025-05-08 23:44:35,585 prefix: べり total 20 words: total 338 records
2025-05-08 23:44:49,548 prefix: べる total 129 words: total 1291 records
2025-05-08 23:44:51,495 prefix: べれ total 12 words: total 140 records
2025-05-08 23:44:53,040 prefix: べろ total 6 words: total 112 records
2025-05-08 23:44:54,108 prefix: べわ total 0 words: total 0 records
2025-05-08 23:45:03,421 prefix: べっ total 90 words: total 2057 records
2025-05-08 23:45:04,454 group: べ written 10737 records to CSV
2025-05-08 23:45:04,959 prefix: ぺあ total 6 words: total 33 records
2025-05-08 23:45:09,866 prefix: ぺい total 33 words: total 881 records
2025-05-08 23:45:11,043 prefix: ぺう total 0 words: total 0 records
2025-05-08 23:45:12,197 prefix: ぺえ total 0 words: total 0 records
2025-05-08 23:45:13,294 prefix: ぺお total 0 words: total 0 records
2025-05-08 23:45:14,501 prefix: ぺか total 0 words: total 0 records
2025-05-08 23:45:16,059 prefix: ぺが total 6 words: total 35 records
2025-05-08 23:45:20,826 prefix: ぺき total 25 words: total 421 records
2025-05-08 23:45:22,417 prefix: ぺぎ total 4 words: total 83 records
2025-05-08 23:45:23,988 prefix: ぺく total 3 words: total 111 records
2025-05-08 23:45:25,333 prefix: ぺぐ total 2 words: total 10 records
2025-05-08 23:45:26,543 prefix: ぺけ total 2 words: total 12 records
2025-05-08 23:45:27,618 prefix: ぺげ total 0 words: total 0 records
2025-05-08 23:45:29,685 prefix: ぺこ total 8 words: total 87 records
2025-05-08 23:45:30,763 prefix: ぺご total 0 words: total 0 records
2025-05-08 23:45:32,109 prefix: ぺさ total 2 words: total 38 records
2025-05-08 23:45:33,279 prefix: ぺざ total 0 words: total 0 records
2025-05-08 23:45:35,033 prefix: ぺし total 5 words: total 43 records
2025-05-08 23:45:36,297 prefix: ぺじ total 1 words: total 7 records
2025-05-08 23:45:38,063 prefix: ぺす total 5 words: total 38 records
2025-05-08 23:45:39,233 prefix: ぺず total 1 words: total 14 records
2025-05-08 23:45:40,341 prefix: ぺせ total 0 words: total 0 records
2025-05-08 23:45:41,505 prefix: ぺぜ total 0 words: total 0 records
2025-05-08 23:45:42,686 prefix: ぺそ total 0 words: total 0 records
2025-05-08 23:45:43,863 prefix: ぺぞ total 0 words: total 0 records
2025-05-08 23:45:45,829 prefix: ぺた total 5 words: total 71 records
2025-05-08 23:45:46,949 prefix: ぺだ total 0 words: total 0 records
2025-05-08 23:45:48,177 prefix: ぺち total 1 words: total 14 records
2025-05-08 23:45:49,274 prefix: ぺぢ total 0 words: total 0 records
2025-05-08 23:45:53,968 prefix: ぺっ total 40 words: total 865 records
2025-05-08 23:45:55,059 prefix: ぺつ total 0 words: total 0 records
2025-05-08 23:45:56,127 prefix: ぺづ total 0 words: total 0 records
2025-05-08 23:45:57,724 prefix: ぺて total 6 words: total 81 records
2025-05-08 23:45:59,074 prefix: ぺで total 4 words: total 28 records
2025-05-08 23:46:02,274 prefix: ぺと total 28 words: total 218 records
2025-05-08 23:46:04,344 prefix: ぺど total 13 words: total 170 records
2025-05-08 23:46:05,982 prefix: ぺな total 8 words: total 99 records
2025-05-08 23:46:08,042 prefix: ぺに total 12 words: total 200 records
2025-05-08 23:46:09,116 prefix: ぺぬ total 0 words: total 0 records
2025-05-08 23:46:10,376 prefix: ぺね total 3 words: total 31 records
2025-05-08 23:46:11,538 prefix: ぺの total 1 words: total 1 records
2025-05-08 23:46:12,611 prefix: ぺは total 0 words: total 0 records
2025-05-08 23:46:13,683 prefix: ぺば total 0 words: total 0 records
2025-05-08 23:46:14,854 prefix: ぺぱ total 1 words: total 31 records
2025-05-08 23:46:16,006 prefix: ぺひ total 1 words: total 28 records
2025-05-08 23:46:17,075 prefix: ぺび total 0 words: total 0 records
2025-05-08 23:46:18,158 prefix: ぺぴ total 0 words: total 0 records
2025-05-08 23:46:19,246 prefix: ぺふ total 0 words: total 0 records
2025-05-08 23:46:20,317 prefix: ぺぶ total 0 words: total 0 records
2025-05-08 23:46:21,913 prefix: ぺぷ total 7 words: total 71 records
2025-05-08 23:46:22,986 prefix: ぺへ total 0 words: total 0 records
2025-05-08 23:46:24,049 prefix: ぺべ total 0 words: total 0 records
2025-05-08 23:46:25,266 prefix: ぺぺ total 2 words: total 11 records
2025-05-08 23:46:26,326 prefix: ぺほ total 0 words: total 0 records
2025-05-08 23:46:27,388 prefix: ぺぼ total 0 words: total 0 records
2025-05-08 23:46:28,523 prefix: ぺぽ total 1 words: total 6 records
2025-05-08 23:46:29,771 prefix: ぺま total 2 words: total 47 records
2025-05-08 23:46:30,839 prefix: ぺみ total 0 words: total 0 records
2025-05-08 23:46:31,913 prefix: ぺむ total 0 words: total 0 records
2025-05-08 23:46:33,051 prefix: ぺめ total 1 words: total 11 records
2025-05-08 23:46:34,116 prefix: ぺも total 0 words: total 0 records
2025-05-08 23:46:35,248 prefix: ぺや total 1 words: total 1 records
2025-05-08 23:46:36,309 prefix: ぺゆ total 0 words: total 0 records
2025-05-08 23:46:37,532 prefix: ぺよ total 2 words: total 24 records
2025-05-08 23:46:38,676 prefix: ぺら total 1 words: total 21 records
2025-05-08 23:46:42,224 prefix: ぺり total 31 words: total 517 records
2025-05-08 23:46:47,870 prefix: ぺる total 45 words: total 424 records
2025-05-08 23:46:49,676 prefix: ぺれ total 7 words: total 39 records
2025-05-08 23:46:51,477 prefix: ぺろ total 8 words: total 118 records
2025-05-08 23:46:52,548 prefix: ぺわ total 0 words: total 0 records
2025-05-08 23:46:56,874 prefix: ぺっ total 40 words: total 865 records
2025-05-08 23:46:57,898 group: ぺ written 5805 records to CSV
2025-05-08 23:46:59,087 prefix: ほあ total 15 words: total 346 records
2025-05-08 23:47:02,635 prefix: ほい total 28 words: total 483 records
2025-05-08 23:48:05,525 prefix: ほう total 533 words: total 22275 records
2025-05-08 23:48:06,968 prefix: ほえ total 5 words: total 56 records
2025-05-08 23:48:09,248 prefix: ほお total 15 words: total 347 records
2025-05-08 23:48:10,984 prefix: ほか total 8 words: total 141 records
2025-05-08 23:48:12,136 prefix: ほが total 1 words: total 14 records
2025-05-08 23:48:13,533 prefix: ほき total 4 words: total 104 records
2025-05-08 23:48:14,607 prefix: ほぎ total 0 words: total 0 records
2025-05-08 23:48:26,188 prefix: ほく total 132 words: total 1749 records
2025-05-08 23:48:27,700 prefix: ほぐ total 5 words: total 90 records
2025-05-08 23:48:30,562 prefix: ほけ total 22 words: total 403 records
2025-05-08 23:48:31,792 prefix: ほげ total 2 words: total 47 records
2025-05-08 23:48:33,687 prefix: ほこ total 9 words: total 212 records
2025-05-08 23:48:35,649 prefix: ほご total 11 words: total 224 records
2025-05-08 23:48:37,705 prefix: ほさ total 11 words: total 362 records
2025-05-08 23:48:39,054 prefix: ほざ total 4 words: total 59 records
2025-05-08 23:49:04,166 prefix: ほし total 286 words: total 5205 records
2025-05-08 23:49:06,043 prefix: ほじ total 10 words: total 262 records
2025-05-08 23:49:08,903 prefix: ほす total 23 words: total 394 records
2025-05-08 23:49:10,130 prefix: ほず total 1 words: total 4 records
2025-05-08 23:49:13,716 prefix: ほせ total 33 words: total 250 records
2025-05-08 23:49:15,134 prefix: ほぜ total 4 words: total 90 records
2025-05-08 23:49:23,605 prefix: ほそ total 98 words: total 1018 records
2025-05-08 23:49:25,133 prefix: ほぞ total 4 words: total 244 records
2025-05-08 23:49:28,698 prefix: ほた total 27 words: total 725 records
2025-05-08 23:49:29,903 prefix: ほだ total 2 words: total 10 records
2025-05-08 23:49:31,275 prefix: ほち total 3 words: total 132 records
2025-05-08 23:49:32,350 prefix: ほぢ total 0 words: total 0 records
2025-05-08 23:49:53,033 prefix: ほっ total 207 words: total 6570 records
2025-05-08 23:49:54,250 prefix: ほつ total 2 words: total 18 records
2025-05-08 23:49:55,895 prefix: ほづ total 8 words: total 95 records
2025-05-08 23:50:00,711 prefix: ほて total 49 words: total 535 records
2025-05-08 23:50:01,890 prefix: ほで total 1 words: total 25 records
2025-05-08 23:50:04,413 prefix: ほと total 16 words: total 253 records
2025-05-08 23:50:06,822 prefix: ほど total 15 words: total 456 records
2025-05-08 23:50:08,578 prefix: ほな total 8 words: total 176 records
2025-05-08 23:50:10,103 prefix: ほに total 5 words: total 58 records
2025-05-08 23:50:11,179 prefix: ほぬ total 0 words: total 0 records
2025-05-08 23:50:13,271 prefix: ほね total 9 words: total 48 records
2025-05-08 23:50:16,576 prefix: ほの total 23 words: total 499 records
2025-05-08 23:50:17,758 prefix: ほは total 0 words: total 0 records
2025-05-08 23:50:19,517 prefix: ほば total 4 words: total 143 records
2025-05-08 23:50:20,584 prefix: ほぱ total 0 words: total 0 records
2025-05-08 23:50:21,747 prefix: ほひ total 0 words: total 0 records
2025-05-08 23:50:23,020 prefix: ほび total 2 words: total 38 records
2025-05-08 23:50:24,107 prefix: ほぴ total 0 words: total 0 records
2025-05-08 23:50:25,629 prefix: ほふ total 4 words: total 103 records
2025-05-08 23:50:26,937 prefix: ほぶ total 2 words: total 41 records
2025-05-08 23:50:28,182 prefix: ほぷ total 1 words: total 20 records
2025-05-08 23:50:30,252 prefix: ほへ total 6 words: total 226 records
2025-05-08 23:50:31,442 prefix: ほべ total 1 words: total 29 records
2025-05-08 23:50:32,574 prefix: ほぺ total 0 words: total 0 records
2025-05-08 23:50:34,920 prefix: ほほ total 11 words: total 38 records
2025-05-08 23:50:36,992 prefix: ほぼ total 11 words: total 110 records
2025-05-08 23:50:38,072 prefix: ほぽ total 0 words: total 0 records
2025-05-08 23:50:39,285 prefix: ほま total 1 words: total 19 records
2025-05-08 23:50:40,464 prefix: ほみ total 1 words: total 25 records
2025-05-08 23:50:42,209 prefix: ほむ total 6 words: total 158 records
2025-05-08 23:50:44,200 prefix: ほめ total 10 words: total 121 records
2025-05-08 23:50:46,570 prefix: ほも total 12 words: total 133 records
2025-05-08 23:50:47,729 prefix: ほや total 1 words: total 28 records
2025-05-08 23:50:49,040 prefix: ほゆ total 1 words: total 17 records
2025-05-08 23:50:50,278 prefix: ほよ total 1 words: total 1 records
2025-05-08 23:50:53,067 prefix: ほら total 15 words: total 548 records
2025-05-08 23:51:14,761 prefix: ほり total 245 words: total 3632 records
2025-05-08 23:51:19,456 prefix: ほる total 46 words: total 628 records
2025-05-08 23:51:20,928 prefix: ほれ total 5 words: total 77 records
2025-05-08 23:51:25,525 prefix: ほろ total 42 words: total 927 records
2025-05-08 23:51:32,411 prefix: ほわ total 53 words: total 484 records
2025-05-08 23:51:56,953 prefix: ほっ total 207 words: total 6570 records
2025-05-08 23:51:58,057 group: ほ written 58095 records to CSV
2025-05-08 23:51:58,596 prefix: ぼあ total 6 words: total 143 records
2025-05-08 23:52:02,042 prefix: ぼい total 21 words: total 386 records
2025-05-08 23:52:23,331 prefix: ぼう total 205 words: total 7402 records
2025-05-08 23:52:24,471 prefix: ぼえ total 1 words: total 9 records
2025-05-08 23:52:25,546 prefix: ぼお total 0 words: total 0 records
2025-05-08 23:52:27,137 prefix: ぼか total 5 words: total 60 records
2025-05-08 23:52:28,217 prefix: ぼが total 0 words: total 0 records
2025-05-08 23:52:29,953 prefix: ぼき total 7 words: total 238 records
2025-05-08 23:52:31,256 prefix: ぼぎ total 2 words: total 136 records
2025-05-08 23:52:40,966 prefix: ぼく total 113 words: total 1196 records
2025-05-08 23:52:42,709 prefix: ぼぐ total 8 words: total 177 records
2025-05-08 23:52:43,952 prefix: ぼけ total 2 words: total 56 records
2025-05-08 23:52:45,179 prefix: ぼげ total 1 words: total 78 records
2025-05-08 23:52:46,547 prefix: ぼこ total 3 words: total 93 records
2025-05-08 23:52:47,889 prefix: ぼご total 3 words: total 90 records
2025-05-08 23:52:49,121 prefix: ぼさ total 2 words: total 44 records
2025-05-08 23:52:50,215 prefix: ぼざ total 0 words: total 0 records
2025-05-08 23:52:52,126 prefix: ぼし total 10 words: total 233 records
2025-05-08 23:52:53,566 prefix: ぼじ total 5 words: total 70 records
2025-05-08 23:52:56,788 prefix: ぼす total 26 words: total 543 records
2025-05-08 23:52:57,965 prefix: ぼず total 1 words: total 3 records
2025-05-08 23:52:59,341 prefix: ぼせ total 3 words: total 108 records
2025-05-08 23:53:00,451 prefix: ぼぜ total 0 words: total 0 records
2025-05-08 23:53:01,614 prefix: ぼそ total 1 words: total 0 records
2025-05-08 23:53:02,746 prefix: ぼぞ total 1 words: total 6 records
2025-05-08 23:53:05,434 prefix: ぼた total 14 words: total 415 records
2025-05-08 23:53:06,542 prefix: ぼだ total 0 words: total 0 records
2025-05-08 23:53:07,623 prefix: ぼち total 0 words: total 0 records
2025-05-08 23:53:08,693 prefix: ぼぢ total 0 words: total 0 records
2025-05-08 23:53:12,692 prefix: ぼっ total 32 words: total 996 records
2025-05-08 23:53:14,508 prefix: ぼつ total 9 words: total 178 records
2025-05-08 23:53:15,579 prefix: ぼづ total 0 words: total 0 records
2025-05-08 23:53:16,751 prefix: ぼて total 1 words: total 4 records
2025-05-08 23:53:21,090 prefix: ぼで total 35 words: total 1198 records
2025-05-08 23:53:23,250 prefix: ぼと total 14 words: total 195 records
2025-05-08 23:53:24,443 prefix: ぼど total 2 words: total 15 records
2025-05-08 23:53:26,014 prefix: ぼな total 6 words: total 124 records
2025-05-08 23:53:28,414 prefix: ぼに total 14 words: total 583 records
2025-05-08 23:53:29,480 prefix: ぼぬ total 0 words: total 0 records
2025-05-08 23:53:30,625 prefix: ぼね total 0 words: total 0 records
2025-05-08 23:53:31,929 prefix: ぼの total 2 words: total 57 records
2025-05-08 23:53:33,024 prefix: ぼは total 0 words: total 0 records
2025-05-08 23:53:34,424 prefix: ぼば total 2 words: total 69 records
2025-05-08 23:53:35,489 prefix: ぼぱ total 0 words: total 0 records
2025-05-08 23:53:36,557 prefix: ぼひ total 0 words: total 0 records
2025-05-08 23:53:40,446 prefix: ぼび total 31 words: total 956 records
2025-05-08 23:53:41,522 prefix: ぼぴ total 0 words: total 0 records
2025-05-08 23:53:42,655 prefix: ぼふ total 1 words: total 1 records
2025-05-08 23:53:46,791 prefix: ぼぶ total 34 words: total 953 records
2025-05-08 23:53:47,918 prefix: ぼぷ total 1 words: total 1 records
2025-05-08 23:53:49,255 prefix: ぼへ total 4 words: total 19 records
2025-05-08 23:53:50,331 prefix: ぼべ total 0 words: total 0 records
2025-05-08 23:53:51,392 prefix: ぼぺ total 0 words: total 0 records
2025-05-08 23:53:52,464 prefix: ぼほ total 0 words: total 0 records
2025-05-08 23:53:53,835 prefix: ぼぼ total 4 words: total 50 records
2025-05-08 23:53:54,899 prefix: ぼぽ total 0 words: total 0 records
2025-05-08 23:53:55,965 prefix: ぼま total 0 words: total 0 records
2025-05-08 23:53:57,040 prefix: ぼみ total 0 words: total 0 records
2025-05-08 23:53:58,204 prefix: ぼむ total 1 words: total 29 records
2025-05-08 23:53:59,270 prefix: ぼめ total 0 words: total 0 records
2025-05-08 23:54:00,355 prefix: ぼも total 0 words: total 0 records
2025-05-08 23:54:01,738 prefix: ぼや total 4 words: total 28 records
2025-05-08 23:54:02,809 prefix: ぼゆ total 0 words: total 0 records
2025-05-08 23:54:04,184 prefix: ぼよ total 2 words: total 93 records
2025-05-08 23:54:06,711 prefix: ぼら total 12 words: total 337 records
2025-05-08 23:54:09,543 prefix: ぼり total 18 words: total 223 records
2025-05-08 23:54:14,731 prefix: ぼる total 38 words: total 699 records
2025-05-08 23:54:16,463 prefix: ぼれ total 5 words: total 53 records
2025-05-08 23:54:19,449 prefix: ぼろ total 14 words: total 439 records
2025-05-08 23:54:20,653 prefix: ぼわ total 1 words: total 2 records
2025-05-08 23:54:24,990 prefix: ぼっ total 32 words: total 996 records
2025-05-08 23:54:26,042 group: ぼ written 19784 records to CSV
2025-05-08 23:54:26,428 prefix: ぽあ total 4 words: total 93 records
2025-05-08 23:54:29,277 prefix: ぽい total 21 words: total 281 records
2025-05-08 23:54:30,402 prefix: ぽう total 1 words: total 1 records
2025-05-08 23:54:31,878 prefix: ぽえ total 5 words: total 56 records
2025-05-08 23:54:32,951 prefix: ぽお total 0 words: total 0 records
2025-05-08 23:54:34,301 prefix: ぽか total 4 words: total 76 records
2025-05-08 23:54:35,374 prefix: ぽが total 0 words: total 0 records
2025-05-08 23:54:36,543 prefix: ぽき total 1 words: total 27 records
2025-05-08 23:54:37,616 prefix: ぽぎ total 0 words: total 0 records
2025-05-08 23:54:38,691 prefix: ぽく total 0 words: total 0 records
2025-05-08 23:54:39,756 prefix: ぽぐ total 0 words: total 0 records
2025-05-08 23:55:00,715 prefix: ぽけ total 211 words: total 873 records
2025-05-08 23:55:01,782 prefix: ぽげ total 0 words: total 0 records
2025-05-08 23:55:03,020 prefix: ぽこ total 2 words: total 42 records
2025-05-08 23:55:04,194 prefix: ぽご total 1 words: total 40 records
2025-05-08 23:55:05,266 prefix: ぽさ total 0 words: total 0 records
2025-05-08 23:55:06,335 prefix: ぽざ total 0 words: total 0 records
2025-05-08 23:55:07,507 prefix: ぽし total 1 words: total 35 records
2025-05-08 23:55:09,228 prefix: ぽじ total 9 words: total 99 records
2025-05-08 23:55:12,479 prefix: ぽす total 29 words: total 398 records
2025-05-08 23:55:13,633 prefix: ぽず total 1 words: total 19 records
2025-05-08 23:55:15,109 prefix: ぽせ total 4 words: total 164 records
2025-05-08 23:55:16,366 prefix: ぽぜ total 2 words: total 79 records
2025-05-08 23:55:17,513 prefix: ぽそ total 1 words: total 3 records
2025-05-08 23:55:18,661 prefix: ぽぞ total 1 words: total 7 records
2025-05-08 23:55:19,926 prefix: ぽた total 2 words: total 36 records
2025-05-08 23:55:21,076 prefix: ぽだ total 1 words: total 33 records
2025-05-08 23:55:22,820 prefix: ぽち total 9 words: total 141 records
2025-05-08 23:55:23,894 prefix: ぽぢ total 0 words: total 0 records
2025-05-08 23:55:29,165 prefix: ぽっ total 42 words: total 1980 records
2025-05-08 23:55:30,518 prefix: ぽつ total 4 words: total 39 records
2025-05-08 23:55:31,585 prefix: ぽづ total 0 words: total 0 records
2025-05-08 23:55:33,912 prefix: ぽて total 17 words: total 221 records
2025-05-08 23:55:34,975 prefix: ぽで total 0 words: total 0 records
2025-05-08 23:55:36,275 prefix: ぽと total 3 words: total 49 records
2025-05-08 23:55:37,651 prefix: ぽど total 4 words: total 47 records
2025-05-08 23:55:38,749 prefix: ぽな total 0 words: total 0 records
2025-05-08 23:55:40,321 prefix: ぽに total 6 words: total 144 records
2025-05-08 23:55:41,378 prefix: ぽぬ total 0 words: total 0 records
2025-05-08 23:55:42,450 prefix: ぽね total 0 words: total 0 records
2025-05-08 23:55:43,517 prefix: ぽの total 0 words: total 0 records
2025-05-08 23:55:44,782 prefix: ぽは total 3 words: total 34 records
2025-05-08 23:55:45,860 prefix: ぽば total 0 words: total 0 records
2025-05-08 23:55:47,026 prefix: ぽぱ total 1 words: total 9 records
2025-05-08 23:55:48,101 prefix: ぽひ total 0 words: total 0 records
2025-05-08 23:55:49,333 prefix: ぽび total 2 words: total 56 records
2025-05-08 23:55:50,841 prefix: ぽぴ total 6 words: total 66 records
2025-05-08 23:55:52,045 prefix: ぽふ total 2 words: total 3 records
2025-05-08 23:55:53,110 prefix: ぽぶ total 0 words: total 0 records
2025-05-08 23:55:54,771 prefix: ぽぷ total 8 words: total 33 records
2025-05-08 23:55:55,852 prefix: ぽへ total 0 words: total 0 records
2025-05-08 23:55:57,022 prefix: ぽべ total 1 words: total 36 records
2025-05-08 23:55:58,173 prefix: ぽぺ total 1 words: total 3 records
2025-05-08 23:55:59,235 prefix: ぽほ total 0 words: total 0 records
2025-05-08 23:56:00,309 prefix: ぽぼ total 0 words: total 0 records
2025-05-08 23:56:02,380 prefix: ぽぽ total 10 words: total 192 records
2025-05-08 23:56:03,606 prefix: ぽま total 2 words: total 49 records
2025-05-08 23:56:04,745 prefix: ぽみ total 1 words: total 24 records
2025-05-08 23:56:06,224 prefix: ぽむ total 6 words: total 38 records
2025-05-08 23:56:07,467 prefix: ぽめ total 2 words: total 46 records
2025-05-08 23:56:08,607 prefix: ぽも total 1 words: total 17 records
2025-05-08 23:56:09,767 prefix: ぽや total 1 words: total 0 records
2025-05-08 23:56:10,830 prefix: ぽゆ total 0 words: total 0 records
2025-05-08 23:56:11,893 prefix: ぽよ total 0 words: total 0 records
2025-05-08 23:56:13,375 prefix: ぽら total 5 words: total 87 records
2025-05-08 23:56:19,589 prefix: ぽり total 64 words: total 1172 records
2025-05-08 23:56:23,610 prefix: ぽる total 40 words: total 413 records
2025-05-08 23:56:24,674 prefix: ぽれ total 0 words: total 0 records
2025-05-08 23:56:26,215 prefix: ぽろ total 6 words: total 133 records
2025-05-08 23:56:27,348 prefix: ぽわ total 1 words: total 0 records
2025-05-08 23:56:33,106 prefix: ぽっ total 42 words: total 1980 records
2025-05-08 23:56:34,141 group: ぽ written 9374 records to CSV
2025-05-08 23:56:34,797 prefix: まあ total 7 words: total 270 records
2025-05-08 23:57:21,302 prefix: まい total 515 words: total 8779 records
2025-05-08 23:57:26,104 prefix: まう total 44 words: total 700 records
2025-05-08 23:57:49,852 prefix: まえ total 294 words: total 3581 records
2025-05-08 23:57:52,193 prefix: まお total 14 words: total 384 records
2025-05-08 23:57:57,192 prefix: まか total 48 words: total 1177 records
2025-05-08 23:57:59,708 prefix: まが total 15 words: total 750 records
2025-05-08 23:58:16,125 prefix: まき total 157 words: total 4916 records
2025-05-08 23:58:18,149 prefix: まぎ total 11 words: total 265 records
2025-05-08 23:58:25,025 prefix: まく total 67 words: total 1649 records
2025-05-08 23:58:30,449 prefix: まぐ total 50 words: total 1284 records
2025-05-08 23:58:33,424 prefix: まけ total 25 words: total 274 records
2025-05-08 23:58:34,819 prefix: まげ total 4 words: total 48 records
2025-05-08 23:58:37,170 prefix: まこ total 16 words: total 314 records
2025-05-08 23:58:39,388 prefix: まご total 16 words: total 187 records
2025-05-08 23:58:46,251 prefix: まさ total 61 words: total 2400 records
2025-05-08 23:58:50,322 prefix: まざ total 25 words: total 1263 records
2025-05-08 23:59:00,483 prefix: まし total 100 words: total 3111 records
2025-05-08 23:59:13,358 prefix: まじ total 109 words: total 3178 records
2025-05-08 23:59:44,025 prefix: ます total 250 words: total 6089 records
2025-05-08 23:59:45,524 prefix: まず total 5 words: total 99 records
2025-05-08 23:59:46,951 prefix: ませ total 4 words: total 102 records
2025-05-08 23:59:48,415 prefix: まぜ total 5 words: total 107 records
2025-05-08 23:59:49,555 prefix: まそ total 1 words: total 13 records
2025-05-08 23:59:50,892 prefix: まぞ total 3 words: total 70 records
2025-05-08 23:59:57,850 prefix: また total 62 words: total 2141 records
2025-05-09 00:00:04,280 prefix: まだ total 42 words: total 1284 records
2025-05-09 00:00:14,034 prefix: まち total 90 words: total 2261 records
2025-05-09 00:00:15,359 prefix: まぢ total 3 words: total 24 records
2025-05-09 00:00:45,592 prefix: まっ total 262 words: total 8912 records
2025-05-09 00:02:06,738 prefix: まつ total 922 words: total 15436 records
2025-05-09 00:02:07,804 prefix: まづ total 0 words: total 0 records
2025-05-09 00:02:13,504 prefix: まて total 38 words: total 515 records
2025-05-09 00:02:15,856 prefix: まで total 16 words: total 358 records
2025-05-09 00:02:19,358 prefix: まと total 28 words: total 465 records
2025-05-09 00:02:23,141 prefix: まど total 38 words: total 683 records
2025-05-09 00:02:29,803 prefix: まな total 58 words: total 1139 records
2025-05-09 00:02:33,418 prefix: まに total 31 words: total 1038 records
2025-05-09 00:02:35,161 prefix: まぬ total 10 words: total 180 records
2025-05-09 00:02:38,607 prefix: まね total 32 words: total 481 records
2025-05-09 00:02:40,539 prefix: まの total 11 words: total 234 records
2025-05-09 00:02:43,287 prefix: まは total 16 words: total 939 records
2025-05-09 00:02:44,672 prefix: まば total 4 words: total 118 records
2025-05-09 00:02:45,731 prefix: まぱ total 0 words: total 0 records
2025-05-09 00:02:47,835 prefix: まひ total 12 words: total 271 records
2025-05-09 00:02:49,087 prefix: まび total 2 words: total 44 records
2025-05-09 00:02:50,153 prefix: まぴ total 0 words: total 0 records
2025-05-09 00:02:52,640 prefix: まふ total 17 words: total 480 records
2025-05-09 00:02:54,554 prefix: まぶ total 12 words: total 174 records
2025-05-09 00:02:55,625 prefix: まぷ total 0 words: total 0 records
2025-05-09 00:02:56,779 prefix: まへ total 1 words: total 24 records
2025-05-09 00:02:58,062 prefix: まべ total 3 words: total 48 records
2025-05-09 00:02:59,345 prefix: まぺ total 3 words: total 46 records
2025-05-09 00:03:02,432 prefix: まほ total 26 words: total 508 records
2025-05-09 00:03:04,385 prefix: まぼ total 14 words: total 97 records
2025-05-09 00:03:05,453 prefix: まぽ total 0 words: total 0 records
2025-05-09 00:03:09,356 prefix: まま total 33 words: total 1024 records
2025-05-09 00:03:11,617 prefix: まみ total 14 words: total 489 records
2025-05-09 00:03:13,272 prefix: まむ total 7 words: total 169 records
2025-05-09 00:03:15,743 prefix: まめ total 19 words: total 226 records
2025-05-09 00:03:18,006 prefix: まも total 15 words: total 271 records
2025-05-09 00:03:21,995 prefix: まや total 26 words: total 601 records
2025-05-09 00:03:24,410 prefix: まゆ total 18 words: total 287 records
2025-05-09 00:03:26,790 prefix: まよ total 18 words: total 196 records
2025-05-09 00:03:30,868 prefix: まら total 35 words: total 996 records
2025-05-09 00:04:00,553 prefix: まり total 264 words: total 6870 records
2025-05-09 00:04:41,372 prefix: まる total 434 words: total 6787 records
2025-05-09 00:04:44,308 prefix: まれ total 26 words: total 249 records
2025-05-09 00:04:46,149 prefix: まろ total 9 words: total 180 records
2025-05-09 00:04:48,214 prefix: まわ total 10 words: total 501 records
2025-05-09 00:05:13,279 prefix: まっ total 262 words: total 8912 records
2025-05-09 00:05:14,409 group: ま written 106668 records to CSV
2025-05-09 00:05:15,678 prefix: みあ total 16 words: total 368 records
2025-05-09 00:05:17,701 prefix: みい total 14 words: total 250 records
2025-05-09 00:05:32,856 prefix: みう total 158 words: total 2732 records
2025-05-09 00:05:36,160 prefix: みえ total 36 words: total 219 records
2025-05-09 00:05:38,275 prefix: みお total 15 words: total 262 records
2025-05-09 00:05:53,250 prefix: みか total 177 words: total 3340 records
2025-05-09 00:05:54,983 prefix: みが total 10 words: total 173 records
2025-05-09 00:06:01,927 prefix: みき total 76 words: total 1543 records
2025-05-09 00:06:04,651 prefix: みぎ total 25 words: total 276 records
2025-05-09 00:06:08,392 prefix: みく total 40 words: total 437 records
2025-05-09 00:06:09,666 prefix: みぐ total 3 words: total 35 records
2025-05-09 00:06:11,715 prefix: みけ total 16 words: total 106 records
2025-05-09 00:06:13,668 prefix: みげ total 13 words: total 82 records
2025-05-09 00:06:17,175 prefix: みこ total 32 words: total 704 records
2025-05-09 00:06:18,238 prefix: みご total 0 words: total 0 records
2025-05-09 00:06:29,747 prefix: みさ total 99 words: total 2387 records
2025-05-09 00:06:31,222 prefix: みざ total 2 words: total 58 records
2025-05-09 00:06:43,892 prefix: みし total 97 words: total 1141 records
2025-05-09 00:06:45,822 prefix: みじ total 8 words: total 66 records
2025-05-09 00:07:03,897 prefix: みす total 145 words: total 2406 records
2025-05-09 00:07:36,210 prefix: みず total 351 words: total 4594 records
2025-05-09 00:07:38,895 prefix: みせ total 23 words: total 173 records
2025-05-09 00:07:40,070 prefix: みぜ total 2 words: total 16 records
2025-05-09 00:07:43,903 prefix: みそ total 29 words: total 717 records
2025-05-09 00:07:46,789 prefix: みぞ total 26 words: total 195 records
2025-05-09 00:07:54,562 prefix: みた total 81 words: total 1598 records
2025-05-09 00:07:56,372 prefix: みだ total 9 words: total 273 records
2025-05-09 00:08:01,306 prefix: みち total 48 words: total 442 records
2025-05-09 00:08:02,371 prefix: みぢ total 0 words: total 0 records
2025-05-09 00:08:14,124 prefix: みっ total 130 words: total 2534 records
2025-05-09 00:08:30,820 prefix: みつ total 208 words: total 2259 records
2025-05-09 00:08:32,527 prefix: みづ total 8 words: total 166 records
2025-05-09 00:08:33,805 prefix: みて total 3 words: total 35 records
2025-05-09 00:08:34,991 prefix: みで total 2 words: total 4 records
2025-05-09 00:08:40,960 prefix: みと total 58 words: total 1225 records
2025-05-09 00:08:48,371 prefix: みど total 81 words: total 1084 records
2025-05-09 00:09:22,732 prefix: みな total 394 words: total 5721 records
2025-05-09 00:09:28,945 prefix: みに total 65 words: total 976 records
2025-05-09 00:09:30,296 prefix: みぬ total 3 words: total 66 records
2025-05-09 00:09:34,479 prefix: みね total 41 words: total 381 records
2025-05-09 00:09:41,537 prefix: みの total 73 words: total 1547 records
2025-05-09 00:09:47,490 prefix: みは total 56 words: total 1309 records
2025-05-09 00:09:48,553 prefix: みば total 0 words: total 0 records
2025-05-09 00:09:49,619 prefix: みぱ total 0 words: total 0 records
2025-05-09 00:09:51,529 prefix: みひ total 12 words: total 81 records
2025-05-09 00:09:52,592 prefix: みび total 0 words: total 0 records
2025-05-09 00:09:53,660 prefix: みぴ total 0 words: total 0 records
2025-05-09 00:09:55,980 prefix: みふ total 17 words: total 208 records
2025-05-09 00:09:57,956 prefix: みぶ total 12 words: total 190 records
2025-05-09 00:09:59,018 prefix: みぷ total 0 words: total 0 records
2025-05-09 00:10:00,259 prefix: みへ total 1 words: total 1 records
2025-05-09 00:10:01,434 prefix: みべ total 1 words: total 3 records
2025-05-09 00:10:02,512 prefix: みぺ total 0 words: total 0 records
2025-05-09 00:10:04,963 prefix: みほ total 13 words: total 272 records
2025-05-09 00:10:06,155 prefix: みぼ total 1 words: total 31 records
2025-05-09 00:10:07,219 prefix: みぽ total 0 words: total 0 records
2025-05-09 00:10:10,709 prefix: みま total 25 words: total 458 records
2025-05-09 00:10:14,787 prefix: みみ total 26 words: total 525 records
2025-05-09 00:10:18,281 prefix: みむ total 21 words: total 382 records
2025-05-09 00:10:19,622 prefix: みめ total 2 words: total 17 records
2025-05-09 00:10:21,840 prefix: みも total 12 words: total 231 records
2025-05-09 00:11:31,336 prefix: みや total 751 words: total 11116 records
2025-05-09 00:11:32,976 prefix: みゆ total 8 words: total 106 records
2025-05-09 00:11:38,380 prefix: みよ total 54 words: total 1024 records
2025-05-09 00:11:51,816 prefix: みら total 115 words: total 2283 records
2025-05-09 00:11:56,855 prefix: みり total 40 words: total 612 records
2025-05-09 00:12:05,289 prefix: みる total 71 words: total 993 records
2025-05-09 00:12:08,384 prefix: みれ total 19 words: total 81 records
2025-05-09 00:12:11,292 prefix: みろ total 20 words: total 112 records
2025-05-09 00:12:14,510 prefix: みわ total 21 words: total 581 records
2025-05-09 00:12:30,289 prefix: みっ total 130 words: total 2534 records
2025-05-09 00:12:31,397 group: み written 63741 records to CSV
2025-05-09 00:12:31,841 prefix: むあ total 4 words: total 35 records
2025-05-09 00:12:33,544 prefix: むい total 7 words: total 98 records
2025-05-09 00:12:34,780 prefix: むう total 1 words: total 25 records
2025-05-09 00:12:36,491 prefix: むえ total 4 words: total 49 records
2025-05-09 00:12:37,554 prefix: むお total 0 words: total 0 records
2025-05-09 00:12:46,494 prefix: むか total 68 words: total 1033 records
2025-05-09 00:12:48,225 prefix: むが total 5 words: total 88 records
2025-05-09 00:12:51,259 prefix: むき total 18 words: total 237 records
2025-05-09 00:12:53,219 prefix: むぎ total 9 words: total 104 records
2025-05-09 00:12:55,778 prefix: むく total 19 words: total 183 records
2025-05-09 00:12:57,102 prefix: むぐ total 2 words: total 43 records
2025-05-09 00:12:58,821 prefix: むけ total 6 words: total 57 records
2025-05-09 00:13:04,008 prefix: むげ total 40 words: total 541 records
2025-05-09 00:13:07,335 prefix: むこ total 28 words: total 439 records
2025-05-09 00:13:08,762 prefix: むご total 4 words: total 121 records
2025-05-09 00:13:14,333 prefix: むさ total 59 words: total 632 records
2025-05-09 00:13:15,619 prefix: むざ total 3 words: total 37 records
2025-05-09 00:13:21,326 prefix: むし total 56 words: total 864 records
2025-05-09 00:13:25,332 prefix: むじ total 36 words: total 590 records
2025-05-09 00:13:28,255 prefix: むす total 25 words: total 293 records
2025-05-09 00:13:29,389 prefix: むず total 1 words: total 8 records
2025-05-09 00:13:32,336 prefix: むせ total 24 words: total 406 records
2025-05-09 00:13:33,471 prefix: むぜ total 1 words: total 1 records
2025-05-09 00:13:35,128 prefix: むそ total 8 words: total 106 records
2025-05-09 00:13:36,206 prefix: むぞ total 0 words: total 0 records
2025-05-09 00:13:37,677 prefix: むた total 5 words: total 91 records
2025-05-09 00:13:40,169 prefix: むだ total 18 words: total 437 records
2025-05-09 00:13:42,207 prefix: むち total 12 words: total 262 records
2025-05-09 00:13:43,268 prefix: むぢ total 0 words: total 0 records
2025-05-09 00:13:45,467 prefix: むっ total 15 words: total 206 records
2025-05-09 00:13:48,949 prefix: むつ total 28 words: total 425 records
2025-05-09 00:13:50,014 prefix: むづ total 0 words: total 0 records
2025-05-09 00:13:52,110 prefix: むて total 14 words: total 198 records
2025-05-09 00:13:53,206 prefix: むで total 0 words: total 0 records
2025-05-09 00:13:57,355 prefix: むと total 37 words: total 857 records
2025-05-09 00:13:58,535 prefix: むど total 1 words: total 31 records
2025-05-09 00:14:01,572 prefix: むな total 22 words: total 429 records
2025-05-09 00:14:02,964 prefix: むに total 4 words: total 83 records
2025-05-09 00:14:04,051 prefix: むぬ total 0 words: total 0 records
2025-05-09 00:14:06,999 prefix: むね total 26 words: total 205 records
2025-05-09 00:14:08,690 prefix: むの total 7 words: total 111 records
2025-05-09 00:14:11,372 prefix: むは total 22 words: total 291 records
2025-05-09 00:14:12,611 prefix: むば total 2 words: total 15 records
2025-05-09 00:14:13,709 prefix: むぱ total 0 words: total 0 records
2025-05-09 00:14:14,980 prefix: むひ total 2 words: total 92 records
2025-05-09 00:14:16,286 prefix: むび total 3 words: total 22 records
2025-05-09 00:14:17,360 prefix: むぴ total 0 words: total 0 records
2025-05-09 00:14:18,548 prefix: むふ total 1 words: total 35 records
2025-05-09 00:14:19,630 prefix: むぶ total 0 words: total 0 records
2025-05-09 00:14:20,705 prefix: むぷ total 0 words: total 0 records
2025-05-09 00:14:21,792 prefix: むへ total 0 words: total 0 records
2025-05-09 00:14:22,859 prefix: むべ total 0 words: total 0 records
2025-05-09 00:14:23,997 prefix: むぺ total 1 words: total 7 records
2025-05-09 00:14:25,441 prefix: むほ total 3 words: total 75 records
2025-05-09 00:14:26,705 prefix: むぼ total 3 words: total 14 records
2025-05-09 00:14:27,836 prefix: むぽ total 1 words: total 1 records
2025-05-09 00:14:28,905 prefix: むま total 0 words: total 0 records
2025-05-09 00:14:30,379 prefix: むみ total 4 words: total 102 records
2025-05-09 00:14:31,583 prefix: むむ total 2 words: total 12 records
2025-05-09 00:14:33,212 prefix: むめ total 7 words: total 80 records
2025-05-09 00:14:34,294 prefix: むも total 0 words: total 0 records
2025-05-09 00:14:35,852 prefix: むや total 7 words: total 15 records
2025-05-09 00:14:37,071 prefix: むゆ total 2 words: total 10 records
2025-05-09 00:14:38,311 prefix: むよ total 2 words: total 14 records
2025-05-09 00:15:06,286 prefix: むら total 318 words: total 3683 records
2025-05-09 00:15:10,275 prefix: むり total 27 words: total 791 records
2025-05-09 00:15:12,110 prefix: むる total 6 words: total 65 records
2025-05-09 00:15:13,539 prefix: むれ total 4 words: total 33 records
2025-05-09 00:15:21,171 prefix: むろ total 65 words: total 735 records
2025-05-09 00:15:22,288 prefix: むわ total 0 words: total 0 records
2025-05-09 00:15:25,077 prefix: むっ total 15 words: total 206 records
2025-05-09 00:15:26,118 group: む written 15623 records to CSV
2025-05-09 00:15:29,590 prefix: めあ total 31 words: total 329 records
2025-05-09 00:16:05,016 prefix: めい total 330 words: total 6962 records
2025-05-09 00:16:06,088 prefix: めう total 0 words: total 0 records
2025-05-09 00:16:07,293 prefix: めえ total 1 words: total 31 records
2025-05-09 00:16:08,732 prefix: めお total 3 words: total 53 records
2025-05-09 00:16:11,274 prefix: めか total 19 words: total 188 records
2025-05-09 00:16:19,734 prefix: めが total 88 words: total 1152 records
2025-05-09 00:16:22,535 prefix: めき total 24 words: total 125 records
2025-05-09 00:16:23,780 prefix: めぎ total 2 words: total 11 records
2025-05-09 00:16:25,407 prefix: めく total 7 words: total 48 records
2025-05-09 00:16:30,554 prefix: めぐ total 52 words: total 429 records
2025-05-09 00:16:31,634 prefix: めけ total 0 words: total 0 records
2025-05-09 00:16:32,701 prefix: めげ total 0 words: total 0 records
2025-05-09 00:16:34,022 prefix: めこ total 3 words: total 21 records
2025-05-09 00:16:35,092 prefix: めご total 0 words: total 0 records
2025-05-09 00:16:36,155 prefix: めさ total 0 words: total 0 records
2025-05-09 00:16:38,575 prefix: めざ total 19 words: total 178 records
2025-05-09 00:16:40,265 prefix: めし total 8 words: total 118 records
2025-05-09 00:16:44,232 prefix: めじ total 35 words: total 389 records
2025-05-09 00:16:46,336 prefix: めす total 13 words: total 198 records
2025-05-09 00:16:47,468 prefix: めず total 1 words: total 0 records
2025-05-09 00:16:48,645 prefix: めせ total 1 words: total 14 records
2025-05-09 00:16:49,852 prefix: めぜ total 1 words: total 40 records
2025-05-09 00:16:51,432 prefix: めそ total 6 words: total 64 records
2025-05-09 00:16:53,358 prefix: めぞ total 11 words: total 129 records
2025-05-09 00:16:59,119 prefix: めた total 60 words: total 605 records
2025-05-09 00:17:02,540 prefix: めだ total 21 words: total 234 records
2025-05-09 00:17:05,048 prefix: めち total 20 words: total 122 records
2025-05-09 00:17:06,123 prefix: めぢ total 0 words: total 0 records
2025-05-09 00:17:10,304 prefix: めっ total 37 words: total 645 records
2025-05-09 00:17:11,515 prefix: めつ total 2 words: total 19 records
2025-05-09 00:17:12,584 prefix: めづ total 0 words: total 0 records
2025-05-09 00:17:13,780 prefix: めて total 2 words: total 9 records
2025-05-09 00:17:17,676 prefix: めで total 35 words: total 387 records
2025-05-09 00:17:21,048 prefix: めと total 27 words: total 263 records
2025-05-09 00:17:23,209 prefix: めど total 10 words: total 184 records
2025-05-09 00:17:24,695 prefix: めな total 3 words: total 7 records
2025-05-09 00:17:26,161 prefix: めに total 6 words: total 25 records
2025-05-09 00:17:27,490 prefix: めぬ total 3 words: total 70 records
2025-05-09 00:17:28,770 prefix: めね total 3 words: total 22 records
2025-05-09 00:17:30,511 prefix: めの total 8 words: total 123 records
2025-05-09 00:17:31,671 prefix: めは total 1 words: total 22 records
2025-05-09 00:17:32,873 prefix: めば total 2 words: total 25 records
2025-05-09 00:17:33,942 prefix: めぱ total 0 words: total 0 records
2025-05-09 00:17:35,010 prefix: めひ total 0 words: total 0 records
2025-05-09 00:17:36,392 prefix: めび total 3 words: total 45 records
2025-05-09 00:17:37,512 prefix: めぴ total 0 words: total 0 records
2025-05-09 00:17:38,966 prefix: めふ total 5 words: total 19 records
2025-05-09 00:17:40,372 prefix: めぶ total 3 words: total 30 records
2025-05-09 00:17:41,450 prefix: めぷ total 0 words: total 0 records
2025-05-09 00:17:42,688 prefix: めへ total 1 words: total 10 records
2025-05-09 00:17:43,869 prefix: めべ total 1 words: total 9 records
2025-05-09 00:17:44,940 prefix: めぺ total 0 words: total 0 records
2025-05-09 00:17:46,031 prefix: めほ total 0 words: total 0 records
2025-05-09 00:17:47,230 prefix: めぼ total 1 words: total 0 records
2025-05-09 00:17:48,456 prefix: めぽ total 1 words: total 4 records
2025-05-09 00:17:50,243 prefix: めま total 6 words: total 89 records
2025-05-09 00:17:51,455 prefix: めみ total 0 words: total 0 records
2025-05-09 00:17:52,884 prefix: めむ total 2 words: total 12 records
2025-05-09 00:17:54,825 prefix: めめ total 8 words: total 31 records
2025-05-09 00:17:57,825 prefix: めも total 20 words: total 182 records
2025-05-09 00:17:59,074 prefix: めや total 2 words: total 38 records
2025-05-09 00:18:00,329 prefix: めゆ total 1 words: total 35 records
2025-05-09 00:18:01,407 prefix: めよ total 0 words: total 0 records
2025-05-09 00:18:05,059 prefix: めら total 25 words: total 296 records
2025-05-09 00:18:10,102 prefix: めり total 51 words: total 531 records
2025-05-09 00:18:16,768 prefix: める total 70 words: total 798 records
2025-05-09 00:18:18,281 prefix: めれ total 6 words: total 54 records
2025-05-09 00:18:22,137 prefix: めろ total 31 words: total 656 records
2025-05-09 00:18:23,226 prefix: めわ total 0 words: total 0 records
2025-05-09 00:18:27,386 prefix: めっ total 37 words: total 645 records
2025-05-09 00:18:28,432 group: め written 16725 records to CSV
2025-05-09 00:18:29,192 prefix: もあ total 9 words: total 288 records
2025-05-09 00:18:30,850 prefix: もい total 7 words: total 132 records
2025-05-09 00:18:45,796 prefix: もう total 143 words: total 4983 records
2025-05-09 00:18:49,645 prefix: もえ total 35 words: total 312 records
2025-05-09 00:18:51,069 prefix: もお total 4 words: total 135 records
2025-05-09 00:18:52,201 prefix: もか total 1 words: total 1 records
2025-05-09 00:18:54,670 prefix: もが total 17 words: total 347 records
2025-05-09 00:18:55,817 prefix: もき total 1 words: total 28 records
2025-05-09 00:18:57,520 prefix: もぎ total 8 words: total 127 records
2025-05-09 00:19:02,827 prefix: もく total 47 words: total 822 records
2025-05-09 00:19:05,252 prefix: もぐ total 16 words: total 412 records
2025-05-09 00:19:06,466 prefix: もけ total 2 words: total 4 records
2025-05-09 00:19:07,537 prefix: もげ total 0 words: total 0 records
2025-05-09 00:19:08,689 prefix: もこ total 1 words: total 17 records
2025-05-09 00:19:09,765 prefix: もご total 0 words: total 0 records
2025-05-09 00:19:11,015 prefix: もさ total 2 words: total 11 records
2025-05-09 00:19:13,120 prefix: もざ total 10 words: total 83 records
2025-05-09 00:19:15,392 prefix: もし total 13 words: total 171 records
2025-05-09 00:19:17,517 prefix: もじ total 11 words: total 233 records
2025-05-09 00:19:21,346 prefix: もす total 25 words: total 416 records
2025-05-09 00:19:23,425 prefix: もず total 7 words: total 196 records
2025-05-09 00:19:24,741 prefix: もせ total 2 words: total 18 records
2025-05-09 00:19:25,866 prefix: もぜ total 0 words: total 0 records
2025-05-09 00:19:26,931 prefix: もそ total 0 words: total 0 records
2025-05-09 00:19:28,505 prefix: もぞ total 3 words: total 188 records
2025-05-09 00:19:30,010 prefix: もた total 4 words: total 92 records
2025-05-09 00:19:32,255 prefix: もだ total 11 words: total 238 records
2025-05-09 00:19:42,563 prefix: もち total 88 words: total 890 records
2025-05-09 00:19:43,777 prefix: もぢ total 0 words: total 0 records
2025-05-09 00:19:48,969 prefix: もっ total 33 words: total 1186 records
2025-05-09 00:19:50,193 prefix: もつ total 1 words: total 25 records
2025-05-09 00:19:51,321 prefix: もづ total 0 words: total 0 records
2025-05-09 00:19:53,231 prefix: もて total 10 words: total 43 records
2025-05-09 00:19:55,745 prefix: もで total 16 words: total 244 records
2025-05-09 00:20:10,917 prefix: もと total 152 words: total 1995 records
2025-05-09 00:20:12,700 prefix: もど total 9 words: total 136 records
2025-05-09 00:20:14,274 prefix: もな total 6 words: total 86 records
2025-05-09 00:20:17,169 prefix: もに total 21 words: total 506 records
2025-05-09 00:20:18,238 prefix: もぬ total 0 words: total 0 records
2025-05-09 00:20:19,843 prefix: もね total 5 words: total 81 records
2025-05-09 00:20:26,736 prefix: もの total 65 words: total 1255 records
2025-05-09 00:20:30,242 prefix: もは total 21 words: total 250 records
2025-05-09 00:20:32,392 prefix: もば total 8 words: total 32 records
2025-05-09 00:20:33,649 prefix: もぱ total 1 words: total 17 records
2025-05-09 00:20:35,165 prefix: もひ total 3 words: total 111 records
2025-05-09 00:20:37,103 prefix: もび total 7 words: total 110 records
2025-05-09 00:20:38,174 prefix: もぴ total 0 words: total 0 records
2025-05-09 00:20:39,767 prefix: もふ total 5 words: total 83 records
2025-05-09 00:20:41,391 prefix: もぶ total 5 words: total 108 records
2025-05-09 00:20:42,484 prefix: もぷ total 0 words: total 0 records
2025-05-09 00:20:43,786 prefix: もへ total 2 words: total 30 records
2025-05-09 00:20:44,858 prefix: もべ total 0 words: total 0 records
2025-05-09 00:20:45,928 prefix: もぺ total 0 words: total 0 records
2025-05-09 00:20:47,251 prefix: もほ total 3 words: total 70 records
2025-05-09 00:20:48,416 prefix: もぼ total 0 words: total 0 records
2025-05-09 00:20:49,488 prefix: もぽ total 0 words: total 0 records
2025-05-09 00:20:50,560 prefix: もま total 0 words: total 0 records
2025-05-09 00:20:54,552 prefix: もみ total 23 words: total 469 records
2025-05-09 00:20:55,901 prefix: もむ total 2 words: total 62 records
2025-05-09 00:20:57,184 prefix: もめ total 2 words: total 50 records
2025-05-09 00:21:07,885 prefix: もも total 108 words: total 1490 records
2025-05-09 00:21:09,688 prefix: もや total 7 words: total 387 records
2025-05-09 00:21:10,889 prefix: もゆ total 2 words: total 7 records
2025-05-09 00:21:12,206 prefix: もよ total 3 words: total 66 records
2025-05-09 00:21:14,742 prefix: もら total 17 words: total 452 records
2025-05-09 00:22:09,849 prefix: もり total 561 words: total 11546 records
2025-05-09 00:22:13,695 prefix: もる total 34 words: total 543 records
2025-05-09 00:22:15,411 prefix: もれ total 8 words: total 137 records
2025-05-09 00:22:20,243 prefix: もろ total 49 words: total 588 records
2025-05-09 00:22:21,452 prefix: もわ total 2 words: total 11 records
2025-05-09 00:22:26,510 prefix: もっ total 33 words: total 1186 records
2025-05-09 00:22:27,577 group: も written 33506 records to CSV
2025-05-09 00:22:27,700 prefix: やあ total 0 words: total 0 records
2025-05-09 00:22:29,853 prefix: やい total 12 words: total 357 records
2025-05-09 00:22:31,249 prefix: やう total 3 words: total 14 records
2025-05-09 00:22:35,155 prefix: やえ total 30 words: total 297 records
2025-05-09 00:22:38,323 prefix: やお total 19 words: total 391 records
2025-05-09 00:22:41,738 prefix: やか total 15 words: total 744 records
2025-05-09 00:22:45,781 prefix: やが total 24 words: total 1000 records
2025-05-09 00:22:54,359 prefix: やき total 71 words: total 2307 records
2025-05-09 00:23:02,829 prefix: やぎ total 77 words: total 2824 records
2025-05-09 00:23:12,598 prefix: やく total 102 words: total 2345 records
2025-05-09 00:23:14,914 prefix: やぐ total 15 words: total 371 records
2025-05-09 00:23:16,851 prefix: やけ total 12 words: total 108 records
2025-05-09 00:23:18,124 prefix: やげ total 3 words: total 1 records
2025-05-09 00:23:20,400 prefix: やこ total 13 words: total 312 records
2025-05-09 00:23:21,828 prefix: やご total 4 words: total 71 records
2025-05-09 00:23:26,531 prefix: やさ total 39 words: total 1520 records
2025-05-09 00:23:29,454 prefix: やざ total 19 words: total 768 records
2025-05-09 00:23:35,557 prefix: やし total 48 words: total 1532 records
2025-05-09 00:23:40,092 prefix: やじ total 31 words: total 998 records
2025-05-09 00:23:59,162 prefix: やす total 197 words: total 4594 records
2025-05-09 00:24:00,377 prefix: やず total 2 words: total 12 records
2025-05-09 00:24:03,106 prefix: やせ total 19 words: total 398 records
2025-05-09 00:24:04,172 prefix: やぜ total 0 words: total 0 records
2025-05-09 00:24:05,889 prefix: やそ total 7 words: total 307 records
2025-05-09 00:24:06,957 prefix: やぞ total 0 words: total 0 records
2025-05-09 00:24:09,806 prefix: やた total 18 words: total 731 records
2025-05-09 00:24:11,497 prefix: やだ total 6 words: total 244 records
2025-05-09 00:24:14,733 prefix: やち total 21 words: total 1035 records
2025-05-09 00:24:15,801 prefix: やぢ total 0 words: total 0 records
2025-05-09 00:24:19,182 prefix: やっ total 27 words: total 712 records
2025-05-09 00:24:23,724 prefix: やつ total 39 words: total 1144 records
2025-05-09 00:24:24,857 prefix: やづ total 1 words: total 5 records
2025-05-09 00:24:25,928 prefix: やて total 0 words: total 0 records
2025-05-09 00:24:26,990 prefix: やで total 0 words: total 0 records
2025-05-09 00:24:29,310 prefix: やと total 11 words: total 147 records
2025-05-09 00:24:30,840 prefix: やど total 6 words: total 109 records
2025-05-09 00:24:45,214 prefix: やな total 143 words: total 4130 records
2025-05-09 00:24:46,914 prefix: やに total 7 words: total 229 records
2025-05-09 00:24:48,199 prefix: やぬ total 2 words: total 17 records
2025-05-09 00:24:50,010 prefix: やね total 10 words: total 93 records
2025-05-09 00:24:55,795 prefix: やの total 53 words: total 1428 records
2025-05-09 00:24:59,583 prefix: やは total 27 words: total 922 records
2025-05-09 00:25:02,429 prefix: やば total 19 words: total 597 records
2025-05-09 00:25:03,496 prefix: やぱ total 0 words: total 0 records
2025-05-09 00:25:05,117 prefix: やひ total 5 words: total 255 records
2025-05-09 00:25:06,414 prefix: やび total 2 words: total 98 records
2025-05-09 00:25:07,491 prefix: やぴ total 0 words: total 0 records
2025-05-09 00:25:10,000 prefix: やふ total 13 words: total 837 records
2025-05-09 00:25:13,907 prefix: やぶ total 30 words: total 1105 records
2025-05-09 00:25:15,076 prefix: やぷ total 1 words: total 36 records
2025-05-09 00:25:16,144 prefix: やへ total 0 words: total 0 records
2025-05-09 00:25:18,071 prefix: やべ total 10 words: total 171 records
2025-05-09 00:25:19,137 prefix: やぺ total 0 words: total 0 records
2025-05-09 00:25:20,215 prefix: やほ total 0 words: total 0 records
2025-05-09 00:25:21,489 prefix: やぼ total 2 words: total 52 records
2025-05-09 00:25:22,729 prefix: やぽ total 2 words: total 68 records
2025-05-09 00:28:05,848 prefix: やま total 1746 words: total 37613 records
2025-05-09 00:28:11,252 prefix: やみ total 34 words: total 1449 records
2025-05-09 00:28:12,578 prefix: やむ total 3 words: total 74 records
2025-05-09 00:28:14,158 prefix: やめ total 6 words: total 29 records
2025-05-09 00:28:15,707 prefix: やも total 5 words: total 183 records
2025-05-09 00:28:17,097 prefix: やや total 2 words: total 136 records
2025-05-09 00:28:18,176 prefix: やゆ total 0 words: total 0 records
2025-05-09 00:28:20,159 prefix: やよ total 11 words: total 232 records
2025-05-09 00:28:22,137 prefix: やら total 9 words: total 335 records
2025-05-09 00:28:25,621 prefix: やり total 28 words: total 734 records
2025-05-09 00:28:28,118 prefix: やる total 18 words: total 335 records
2025-05-09 00:28:29,249 prefix: やれ total 1 words: total 2 records
2025-05-09 00:28:30,731 prefix: やろ total 5 words: total 120 records
2025-05-09 00:28:33,101 prefix: やわ total 13 words: total 587 records
2025-05-09 00:28:36,491 prefix: やっ total 27 words: total 712 records
2025-05-09 00:28:37,606 group: や written 77977 records to CSV
2025-05-09 00:28:39,930 prefix: ゆあ total 31 words: total 430 records
2025-05-09 00:28:43,800 prefix: ゆい total 34 words: total 607 records
2025-05-09 00:29:40,362 prefix: ゆう total 497 words: total 11033 records
2025-05-09 00:29:41,838 prefix: ゆえ total 4 words: total 18 records
2025-05-09 00:29:42,918 prefix: ゆお total 0 words: total 0 records
2025-05-09 00:29:46,814 prefix: ゆか total 24 words: total 539 records
2025-05-09 00:29:49,004 prefix: ゆが total 10 words: total 157 records
2025-05-09 00:29:59,473 prefix: ゆき total 105 words: total 1625 records
2025-05-09 00:30:00,648 prefix: ゆぎ total 1 words: total 36 records
2025-05-09 00:30:02,668 prefix: ゆく total 8 words: total 72 records
2025-05-09 00:30:04,303 prefix: ゆぐ total 6 words: total 26 records
2025-05-09 00:30:05,760 prefix: ゆけ total 5 words: total 17 records
2025-05-09 00:30:07,376 prefix: ゆげ total 7 words: total 50 records
2025-05-09 00:30:08,563 prefix: ゆこ total 1 words: total 57 records
2025-05-09 00:30:09,742 prefix: ゆご total 1 words: total 53 records
2025-05-09 00:30:11,314 prefix: ゆさ total 6 words: total 82 records
2025-05-09 00:30:12,802 prefix: ゆざ total 4 words: total 11 records
2025-05-09 00:30:14,543 prefix: ゆし total 5 words: total 80 records
2025-05-09 00:30:15,777 prefix: ゆじ total 2 words: total 4 records
2025-05-09 00:30:17,658 prefix: ゆす total 8 words: total 62 records
2025-05-09 00:30:21,223 prefix: ゆず total 24 words: total 247 records
2025-05-09 00:30:22,762 prefix: ゆせ total 5 words: total 79 records
2025-05-09 00:30:24,101 prefix: ゆぜ total 3 words: total 28 records
2025-05-09 00:30:25,925 prefix: ゆそ total 8 words: total 176 records
2025-05-09 00:30:27,001 prefix: ゆぞ total 0 words: total 0 records
2025-05-09 00:30:29,060 prefix: ゆた total 11 words: total 217 records
2025-05-09 00:30:32,242 prefix: ゆだ total 22 words: total 346 records
2025-05-09 00:30:33,317 prefix: ゆち total 0 words: total 0 records
2025-05-09 00:30:34,389 prefix: ゆぢ total 0 words: total 0 records
2025-05-09 00:30:36,763 prefix: ゆっ total 15 words: total 231 records
2025-05-09 00:30:37,832 prefix: ゆつ total 0 words: total 0 records
2025-05-09 00:30:40,009 prefix: ゆづ total 14 words: total 174 records
2025-05-09 00:30:41,085 prefix: ゆて total 0 words: total 0 records
2025-05-09 00:30:42,733 prefix: ゆで total 6 words: total 88 records
2025-05-09 00:30:44,349 prefix: ゆと total 7 words: total 62 records
2025-05-09 00:30:45,707 prefix: ゆど total 3 words: total 47 records
2025-05-09 00:30:47,638 prefix: ゆな total 8 words: total 102 records
2025-05-09 00:30:54,969 prefix: ゆに total 68 words: total 925 records
2025-05-09 00:30:56,051 prefix: ゆぬ total 0 words: total 0 records
2025-05-09 00:30:57,283 prefix: ゆね total 2 words: total 8 records
2025-05-09 00:31:00,295 prefix: ゆの total 22 words: total 193 records
2025-05-09 00:31:01,451 prefix: ゆは total 1 words: total 14 records
2025-05-09 00:31:02,794 prefix: ゆば total 3 words: total 85 records
2025-05-09 00:31:03,860 prefix: ゆぱ total 0 words: total 0 records
2025-05-09 00:31:04,935 prefix: ゆひ total 0 words: total 0 records
2025-05-09 00:31:07,331 prefix: ゆび total 18 words: total 252 records
2025-05-09 00:31:08,403 prefix: ゆぴ total 0 words: total 0 records
2025-05-09 00:31:10,327 prefix: ゆふ total 10 words: total 266 records
2025-05-09 00:31:11,458 prefix: ゆぶ total 1 words: total 9 records
2025-05-09 00:31:12,633 prefix: ゆぷ total 1 words: total 47 records
2025-05-09 00:31:13,702 prefix: ゆへ total 0 words: total 0 records
2025-05-09 00:31:14,829 prefix: ゆべ total 1 words: total 2 records
2025-05-09 00:31:15,895 prefix: ゆぺ total 0 words: total 0 records
2025-05-09 00:31:16,975 prefix: ゆほ total 0 words: total 0 records
2025-05-09 00:31:18,073 prefix: ゆぼ total 0 words: total 0 records
2025-05-09 00:31:19,141 prefix: ゆぽ total 0 words: total 0 records
2025-05-09 00:31:20,682 prefix: ゆま total 3 words: total 76 records
2025-05-09 00:31:23,135 prefix: ゆみ total 17 words: total 240 records
2025-05-09 00:31:24,413 prefix: ゆむ total 3 words: total 14 records
2025-05-09 00:31:36,329 prefix: ゆめ total 150 words: total 1021 records
2025-05-09 00:31:37,698 prefix: ゆも total 3 words: total 17 records
2025-05-09 00:31:39,234 prefix: ゆや total 3 words: total 90 records
2025-05-09 00:31:40,364 prefix: ゆゆ total 1 words: total 0 records
2025-05-09 00:31:41,689 prefix: ゆよ total 2 words: total 33 records
2025-05-09 00:31:44,343 prefix: ゆら total 16 words: total 248 records
2025-05-09 00:31:50,685 prefix: ゆり total 54 words: total 833 records
2025-05-09 00:31:54,512 prefix: ゆる total 24 words: total 255 records
2025-05-09 00:31:55,963 prefix: ゆれ total 3 words: total 26 records
2025-05-09 00:31:57,073 prefix: ゆろ total 0 words: total 0 records
2025-05-09 00:31:58,273 prefix: ゆわ total 2 words: total 14 records
2025-05-09 00:32:00,962 prefix: ゆっ total 15 words: total 231 records
2025-05-09 00:32:02,015 group: ゆ written 21655 records to CSV
2025-05-09 00:32:05,391 prefix: よあ total 30 words: total 248 records
2025-05-09 00:32:09,213 prefix: よい total 27 words: total 410 records
2025-05-09 00:32:40,851 prefix: よう total 247 words: total 10378 records
2025-05-09 00:32:41,980 prefix: よえ total 1 words: total 3 records
2025-05-09 00:32:43,106 prefix: よお total 1 words: total 1 records
2025-05-09 00:32:44,404 prefix: よか total 3 words: total 58 records
2025-05-09 00:32:45,686 prefix: よが total 2 words: total 104 records
2025-05-09 00:32:46,892 prefix: よき total 2 words: total 8 records
2025-05-09 00:32:48,109 prefix: よぎ total 2 words: total 9 records
2025-05-09 00:32:50,932 prefix: よく total 21 words: total 305 records
2025-05-09 00:32:52,169 prefix: よぐ total 2 words: total 60 records
2025-05-09 00:32:53,485 prefix: よけ total 3 words: total 68 records
2025-05-09 00:32:54,710 prefix: よげ total 2 words: total 45 records
2025-05-09 00:33:18,692 prefix: よこ total 289 words: total 3507 records
2025-05-09 00:33:20,397 prefix: よご total 7 words: total 195 records
2025-05-09 00:33:22,520 prefix: よさ total 12 words: total 321 records
2025-05-09 00:33:24,348 prefix: よざ total 9 words: total 209 records
2025-05-09 00:34:46,790 prefix: よし total 789 words: total 14929 records
2025-05-09 00:34:48,815 prefix: よじ total 9 words: total 177 records
2025-05-09 00:34:50,339 prefix: よす total 4 words: total 82 records
2025-05-09 00:34:51,401 prefix: よず total 0 words: total 0 records
2025-05-09 00:34:53,474 prefix: よせ total 11 words: total 187 records
2025-05-09 00:34:55,202 prefix: よぜ total 6 words: total 31 records
2025-05-09 00:34:57,214 prefix: よそ total 9 words: total 303 records
2025-05-09 00:34:58,678 prefix: よぞ total 3 words: total 29 records
2025-05-09 00:34:59,924 prefix: よた total 1 words: total 26 records
2025-05-09 00:35:03,562 prefix: よだ total 21 words: total 518 records
2025-05-09 00:35:04,737 prefix: よち total 1 words: total 33 records
2025-05-09 00:35:05,817 prefix: よぢ total 0 words: total 0 records
2025-05-09 00:35:11,184 prefix: よっ total 35 words: total 849 records
2025-05-09 00:35:14,316 prefix: よつ total 21 words: total 312 records
2025-05-09 00:35:15,451 prefix: よづ total 1 words: total 0 records
2025-05-09 00:35:17,644 prefix: よて total 7 words: total 154 records
2025-05-09 00:35:18,751 prefix: よで total 0 words: total 0 records
2025-05-09 00:35:19,960 prefix: よと total 1 words: total 12 records
2025-05-09 00:35:23,440 prefix: よど total 22 words: total 446 records
2025-05-09 00:35:28,339 prefix: よな total 36 words: total 417 records
2025-05-09 00:35:30,122 prefix: よに total 8 words: total 263 records
2025-05-09 00:35:31,194 prefix: よぬ total 0 words: total 0 records
2025-05-09 00:35:37,110 prefix: よね total 68 words: total 448 records
2025-05-09 00:35:39,052 prefix: よの total 9 words: total 320 records
2025-05-09 00:35:43,576 prefix: よは total 46 words: total 595 records
2025-05-09 00:35:45,050 prefix: よば total 4 words: total 191 records
2025-05-09 00:35:46,125 prefix: よぱ total 0 words: total 0 records
2025-05-09 00:35:47,272 prefix: よひ total 1 words: total 14 records
2025-05-09 00:35:49,404 prefix: よび total 13 words: total 328 records
2025-05-09 00:35:50,470 prefix: よぴ total 0 words: total 0 records
2025-05-09 00:35:51,688 prefix: よふ total 2 words: total 40 records
2025-05-09 00:35:52,919 prefix: よぶ total 2 words: total 31 records
2025-05-09 00:35:53,986 prefix: よぷ total 0 words: total 0 records
2025-05-09 00:35:55,059 prefix: よへ total 0 words: total 0 records
2025-05-09 00:35:56,182 prefix: よべ total 1 words: total 0 records
2025-05-09 00:35:57,247 prefix: よぺ total 0 words: total 0 records
2025-05-09 00:35:58,473 prefix: よほ total 1 words: total 94 records
2025-05-09 00:36:00,014 prefix: よぼ total 5 words: total 194 records
2025-05-09 00:36:01,113 prefix: よぽ total 0 words: total 0 records
2025-05-09 00:36:02,418 prefix: よま total 3 words: total 46 records
2025-05-09 00:36:04,969 prefix: よみ total 20 words: total 239 records
2025-05-09 00:36:06,333 prefix: よむ total 3 words: total 63 records
2025-05-09 00:36:08,193 prefix: よめ total 11 words: total 84 records
2025-05-09 00:36:09,728 prefix: よも total 5 words: total 166 records
2025-05-09 00:36:11,073 prefix: よや total 4 words: total 17 records
2025-05-09 00:36:12,800 prefix: よゆ total 8 words: total 133 records
2025-05-09 00:36:14,814 prefix: よよ total 13 words: total 138 records
2025-05-09 00:36:16,292 prefix: よら total 5 words: total 111 records
2025-05-09 00:36:19,035 prefix: より total 20 words: total 415 records
2025-05-09 00:36:23,946 prefix: よる total 50 words: total 682 records
2025-05-09 00:36:25,093 prefix: よれ total 1 words: total 16 records
2025-05-09 00:36:28,577 prefix: よろ total 28 words: total 724 records
2025-05-09 00:36:30,357 prefix: よわ total 10 words: total 84 records
2025-05-09 00:36:34,493 prefix: よっ total 35 words: total 849 records
2025-05-09 00:36:35,569 group: よ written 40719 records to CSV
2025-05-09 00:36:35,690 prefix: らあ total 1 words: total 9 records
2025-05-09 00:37:16,908 prefix: らい total 386 words: total 10698 records
2025-05-09 00:37:22,898 prefix: らう total 46 words: total 1217 records
2025-05-09 00:37:24,104 prefix: らえ total 2 words: total 3 records
2025-05-09 00:37:25,707 prefix: らお total 7 words: total 69 records
2025-05-09 00:37:28,241 prefix: らか total 8 words: total 370 records
2025-05-09 00:37:29,768 prefix: らが total 4 words: total 125 records
2025-05-09 00:37:30,951 prefix: らき total 1 words: total 15 records
2025-05-09 00:37:32,231 prefix: らぎ total 1 words: total 1 records
2025-05-09 00:37:43,676 prefix: らく total 116 words: total 2429 records
2025-05-09 00:37:48,211 prefix: らぐ total 38 words: total 1234 records
2025-05-09 00:37:49,590 prefix: らけ total 4 words: total 29 records
2025-05-09 00:37:50,659 prefix: らげ total 0 words: total 0 records
2025-05-09 00:37:51,817 prefix: らこ total 1 words: total 31 records
2025-05-09 00:37:53,085 prefix: らご total 3 words: total 36 records
2025-05-09 00:37:54,943 prefix: らさ total 9 words: total 237 records
2025-05-09 00:37:56,516 prefix: らざ total 4 words: total 61 records
2025-05-09 00:37:59,383 prefix: らし total 19 words: total 661 records
2025-05-09 00:38:06,968 prefix: らじ total 67 words: total 1696 records
2025-05-09 00:38:16,306 prefix: らす total 96 words: total 1908 records
2025-05-09 00:38:17,749 prefix: らず total 5 words: total 49 records
2025-05-09 00:38:19,768 prefix: らせ total 10 words: total 270 records
2025-05-09 00:38:20,930 prefix: らぜ total 1 words: total 43 records
2025-05-09 00:38:22,018 prefix: らそ total 0 words: total 0 records
2025-05-09 00:38:23,155 prefix: らぞ total 1 words: total 3 records
2025-05-09 00:38:24,664 prefix: らた total 5 words: total 151 records
2025-05-09 00:38:26,405 prefix: らだ total 7 words: total 299 records
2025-05-09 00:38:27,635 prefix: らち total 2 words: total 31 records
2025-05-09 00:38:28,705 prefix: らぢ total 0 words: total 0 records
2025-05-09 00:38:43,420 prefix: らっ total 121 words: total 4603 records
2025-05-09 00:38:44,708 prefix: らつ total 1 words: total 59 records
2025-05-09 00:38:45,773 prefix: らづ total 0 words: total 0 records
2025-05-09 00:38:49,229 prefix: らて total 21 words: total 353 records
2025-05-09 00:38:51,334 prefix: らで total 9 words: total 90 records
2025-05-09 00:38:53,384 prefix: らと total 10 words: total 203 records
2025-05-09 00:38:55,183 prefix: らど total 5 words: total 122 records
2025-05-09 00:38:56,537 prefix: らな total 2 words: total 62 records
2025-05-09 00:38:58,044 prefix: らに total 3 words: total 149 records
2025-05-09 00:38:59,170 prefix: らぬ total 1 words: total 1 records
2025-05-09 00:39:00,361 prefix: らね total 1 words: total 19 records
2025-05-09 00:39:01,755 prefix: らの total 1 words: total 62 records
2025-05-09 00:39:03,031 prefix: らは total 0 words: total 0 records
2025-05-09 00:39:06,065 prefix: らば total 15 words: total 735 records
2025-05-09 00:39:07,755 prefix: らぱ total 4 words: total 207 records
2025-05-09 00:39:08,850 prefix: らひ total 0 words: total 0 records
2025-05-09 00:39:11,490 prefix: らび total 13 words: total 456 records
2025-05-09 00:39:13,123 prefix: らぴ total 5 words: total 206 records
2025-05-09 00:39:18,706 prefix: らふ total 43 words: total 1145 records
2025-05-09 00:39:26,697 prefix: らぶ total 59 words: total 1985 records
2025-05-09 00:39:29,081 prefix: らぷ total 13 words: total 257 records
2025-05-09 00:39:30,163 prefix: らへ total 0 words: total 0 records
2025-05-09 00:39:31,660 prefix: らべ total 6 words: total 64 records
2025-05-09 00:39:32,727 prefix: らぺ total 0 words: total 0 records
2025-05-09 00:39:33,793 prefix: らほ total 0 words: total 0 records
2025-05-09 00:39:35,419 prefix: らぼ total 6 words: total 154 records
2025-05-09 00:39:36,609 prefix: らぽ total 2 words: total 2 records
2025-05-09 00:39:38,913 prefix: らま total 15 words: total 324 records
2025-05-09 00:39:41,048 prefix: らみ total 13 words: total 293 records
2025-05-09 00:39:44,049 prefix: らむ total 23 words: total 589 records
2025-05-09 00:39:45,216 prefix: らめ total 1 words: total 38 records
2025-05-09 00:39:47,186 prefix: らも total 11 words: total 209 records
2025-05-09 00:39:48,255 prefix: らや total 0 words: total 0 records
2025-05-09 00:39:49,319 prefix: らゆ total 0 words: total 0 records
2025-05-09 00:39:50,509 prefix: らよ total 1 words: total 62 records
2025-05-09 00:39:53,759 prefix: らら total 24 words: total 764 records
2025-05-09 00:39:57,468 prefix: らり total 27 words: total 1011 records
2025-05-09 00:40:00,198 prefix: らる total 22 words: total 263 records
2025-05-09 00:40:01,301 prefix: られ total 0 words: total 0 records
2025-05-09 00:40:02,565 prefix: らろ total 2 words: total 64 records
2025-05-09 00:40:03,635 prefix: らわ total 0 words: total 0 records
2025-05-09 00:40:17,110 prefix: らっ total 121 words: total 4603 records
2025-05-09 00:40:18,192 group: ら written 40829 records to CSV
2025-05-09 00:40:24,767 prefix: りあ total 67 words: total 985 records
2025-05-09 00:40:26,051 prefix: りい total 2 words: total 104 records
2025-05-09 00:40:27,948 prefix: りう total 6 words: total 133 records
2025-05-09 00:40:30,252 prefix: りえ total 15 words: total 136 records
2025-05-09 00:40:33,319 prefix: りお total 17 words: total 286 records
2025-05-09 00:40:38,104 prefix: りか total 34 words: total 640 records
2025-05-09 00:40:39,552 prefix: りが total 5 words: total 57 records
2025-05-09 00:40:42,142 prefix: りき total 21 words: total 211 records
2025-05-09 00:40:43,336 prefix: りぎ total 1 words: total 66 records
2025-05-09 00:40:53,126 prefix: りく total 84 words: total 1090 records
2025-05-09 00:40:54,470 prefix: りぐ total 3 words: total 103 records
2025-05-09 00:40:56,682 prefix: りけ total 9 words: total 189 records
2025-05-09 00:40:58,076 prefix: りげ total 2 words: total 29 records
2025-05-09 00:41:04,059 prefix: りこ total 41 words: total 1020 records
2025-05-09 00:41:05,526 prefix: りご total 3 words: total 215 records
2025-05-09 00:41:10,264 prefix: りさ total 32 words: total 500 records
2025-05-09 00:41:12,204 prefix: りざ total 7 words: total 163 records
2025-05-09 00:41:15,665 prefix: りし total 24 words: total 438 records
2025-05-09 00:41:17,874 prefix: りじ total 11 words: total 313 records
2025-05-09 00:41:22,579 prefix: りす total 35 words: total 373 records
2025-05-09 00:41:24,810 prefix: りず total 11 words: total 158 records
2025-05-09 00:41:26,345 prefix: りせ total 5 words: total 214 records
2025-05-09 00:41:27,520 prefix: りぜ total 1 words: total 14 records
2025-05-09 00:41:30,551 prefix: りそ total 22 words: total 759 records
2025-05-09 00:41:32,344 prefix: りぞ total 9 words: total 91 records
2025-05-09 00:41:34,703 prefix: りた total 10 words: total 235 records
2025-05-09 00:41:36,326 prefix: りだ total 4 words: total 108 records
2025-05-09 00:41:47,756 prefix: りち total 82 words: total 1053 records
2025-05-09 00:41:48,826 prefix: りぢ total 0 words: total 0 records
2025-05-09 00:42:06,018 prefix: りっ total 137 words: total 3450 records
2025-05-09 00:42:08,689 prefix: りつ total 13 words: total 425 records
2025-05-09 00:42:09,752 prefix: りづ total 0 words: total 0 records
2025-05-09 00:42:11,231 prefix: りて total 4 words: total 94 records
2025-05-09 00:42:12,765 prefix: りで total 4 words: total 107 records
2025-05-09 00:42:20,965 prefix: りと total 73 words: total 788 records
2025-05-09 00:42:22,550 prefix: りど total 4 words: total 40 records
2025-05-09 00:42:24,946 prefix: りな total 11 words: total 250 records
2025-05-09 00:42:27,161 prefix: りに total 11 words: total 173 records
2025-05-09 00:42:28,351 prefix: りぬ total 2 words: total 2 records
2025-05-09 00:42:29,593 prefix: りね total 2 words: total 6 records
2025-05-09 00:42:31,783 prefix: りの total 7 words: total 243 records
2025-05-09 00:42:33,196 prefix: りは total 4 words: total 43 records
2025-05-09 00:42:38,542 prefix: りば total 41 words: total 777 records
2025-05-09 00:42:39,810 prefix: りぱ total 1 words: total 12 records
2025-05-09 00:42:41,808 prefix: りひ total 9 words: total 133 records
2025-05-09 00:42:44,728 prefix: りび total 18 words: total 168 records
2025-05-09 00:42:46,124 prefix: りぴ total 3 words: total 77 records
2025-05-09 00:42:50,351 prefix: りふ total 25 words: total 513 records
2025-05-09 00:42:52,462 prefix: りぶ total 8 words: total 289 records
2025-05-09 00:42:54,359 prefix: りぷ total 6 words: total 46 records
2025-05-09 00:42:55,457 prefix: りへ total 0 words: total 0 records
2025-05-09 00:42:59,183 prefix: りべ total 27 words: total 262 records
2025-05-09 00:43:00,255 prefix: りぺ total 0 words: total 0 records
2025-05-09 00:43:01,477 prefix: りほ total 1 words: total 30 records
2025-05-09 00:43:04,689 prefix: りぼ total 20 words: total 447 records
2025-05-09 00:43:06,852 prefix: りぽ total 8 words: total 244 records
2025-05-09 00:43:08,493 prefix: りま total 4 words: total 56 records
2025-05-09 00:43:10,398 prefix: りみ total 9 words: total 164 records
2025-05-09 00:43:12,483 prefix: りむ total 9 words: total 165 records
2025-05-09 00:43:14,039 prefix: りめ total 5 words: total 108 records
2025-05-09 00:43:16,056 prefix: りも total 10 words: total 136 records
2025-05-09 00:43:17,185 prefix: りや total 1 words: total 2 records
2025-05-09 00:43:18,685 prefix: りゆ total 4 words: total 132 records
2025-05-09 00:43:20,072 prefix: りよ total 4 words: total 44 records
2025-05-09 00:43:22,083 prefix: りら total 12 words: total 178 records
2025-05-09 00:43:26,325 prefix: りり total 40 words: total 495 records
2025-05-09 00:43:28,057 prefix: りる total 8 words: total 126 records
2025-05-09 00:43:29,917 prefix: りれ total 9 words: total 204 records
2025-05-09 00:43:31,984 prefix: りろ total 10 words: total 245 records
2025-05-09 00:43:33,234 prefix: りわ total 2 words: total 31 records
2025-05-09 00:43:47,526 prefix: りっ total 137 words: total 3450 records
2025-05-09 00:43:48,586 group: り written 23838 records to CSV
2025-05-09 00:43:49,014 prefix: るあ total 4 words: total 83 records
2025-05-09 00:44:02,450 prefix: るい total 118 words: total 955 records
2025-05-09 00:44:03,587 prefix: るう total 1 words: total 4 records
2025-05-09 00:44:04,837 prefix: るえ total 2 words: total 18 records
2025-05-09 00:44:06,315 prefix: るお total 3 words: total 102 records
2025-05-09 00:44:09,638 prefix: るか total 19 words: total 317 records
2025-05-09 00:44:11,195 prefix: るが total 3 words: total 51 records
2025-05-09 00:44:12,637 prefix: るき total 3 words: total 1 records
2025-05-09 00:44:13,708 prefix: るぎ total 0 words: total 0 records
2025-05-09 00:44:15,831 prefix: るく total 11 words: total 94 records
2025-05-09 00:44:17,079 prefix: るぐ total 2 words: total 20 records
2025-05-09 00:44:18,263 prefix: るけ total 1 words: total 0 records
2025-05-09 00:44:19,438 prefix: るげ total 0 words: total 0 records
2025-05-09 00:44:20,954 prefix: るこ total 4 words: total 70 records
2025-05-09 00:44:22,023 prefix: るご total 0 words: total 0 records
2025-05-09 00:44:23,513 prefix: るさ total 2 words: total 92 records
2025-05-09 00:44:24,644 prefix: るざ total 1 words: total 5 records
2025-05-09 00:44:27,113 prefix: るし total 14 words: total 201 records
2025-05-09 00:44:28,429 prefix: るじ total 3 words: total 35 records
2025-05-09 00:44:30,317 prefix: るす total 11 words: total 42 records
2025-05-09 00:44:31,485 prefix: るず total 1 words: total 6 records
2025-05-09 00:44:32,666 prefix: るせ total 1 words: total 5 records
2025-05-09 00:44:33,826 prefix: るぜ total 0 words: total 0 records
2025-05-09 00:44:35,215 prefix: るそ total 3 words: total 70 records
2025-05-09 00:44:36,373 prefix: るぞ total 1 words: total 11 records
2025-05-09 00:44:37,600 prefix: るた total 1 words: total 28 records
2025-05-09 00:44:38,825 prefix: るだ total 1 words: total 5 records
2025-05-09 00:44:40,871 prefix: るち total 7 words: total 58 records
2025-05-09 00:44:41,963 prefix: るぢ total 0 words: total 0 records
2025-05-09 00:44:44,280 prefix: るっ total 12 words: total 208 records
2025-05-09 00:44:45,518 prefix: るつ total 1 words: total 5 records
2025-05-09 00:44:46,699 prefix: るづ total 0 words: total 0 records
2025-05-09 00:44:47,971 prefix: るて total 2 words: total 18 records
2025-05-09 00:44:49,528 prefix: るで total 5 words: total 79 records
2025-05-09 00:44:50,850 prefix: ると total 3 words: total 16 records
2025-05-09 00:44:53,094 prefix: るど total 14 words: total 42 records
2025-05-09 00:44:55,164 prefix: るな total 10 words: total 240 records
2025-05-09 00:44:56,515 prefix: るに total 2 words: total 38 records
2025-05-09 00:44:57,583 prefix: るぬ total 0 words: total 0 records
2025-05-09 00:45:00,437 prefix: るね total 14 words: total 145 records
2025-05-09 00:45:03,185 prefix: るの total 13 words: total 212 records
2025-05-09 00:45:04,563 prefix: るは total 2 words: total 64 records
2025-05-09 00:45:05,869 prefix: るば total 1 words: total 60 records
2025-05-09 00:45:08,413 prefix: るぱ total 13 words: total 130 records
2025-05-09 00:45:09,487 prefix: るひ total 0 words: total 0 records
2025-05-09 00:45:12,345 prefix: るび total 16 words: total 262 records
2025-05-09 00:45:13,640 prefix: るぴ total 2 words: total 20 records
2025-05-09 00:45:15,208 prefix: るふ total 5 words: total 32 records
2025-05-09 00:45:16,769 prefix: るぶ total 4 words: total 33 records
2025-05-09 00:45:17,958 prefix: るぷ total 1 words: total 15 records
2025-05-09 00:45:19,076 prefix: るへ total 0 words: total 0 records
2025-05-09 00:45:20,753 prefix: るべ total 7 words: total 29 records
2025-05-09 00:45:21,945 prefix: るぺ total 1 words: total 10 records
2025-05-09 00:45:23,023 prefix: るほ total 0 words: total 0 records
2025-05-09 00:45:24,092 prefix: るぼ total 0 words: total 0 records
2025-05-09 00:45:25,499 prefix: るぽ total 1 words: total 30 records
2025-05-09 00:45:26,941 prefix: るま total 3 words: total 20 records
2025-05-09 00:45:29,206 prefix: るみ total 9 words: total 140 records
2025-05-09 00:45:30,276 prefix: るむ total 0 words: total 0 records
2025-05-09 00:45:31,704 prefix: るめ total 4 words: total 48 records
2025-05-09 00:45:33,445 prefix: るも total 7 words: total 186 records
2025-05-09 00:45:34,541 prefix: るや total 0 words: total 0 records
2025-05-09 00:45:35,629 prefix: るゆ total 0 words: total 0 records
2025-05-09 00:45:36,705 prefix: るよ total 0 words: total 0 records
2025-05-09 00:45:37,795 prefix: るら total 0 words: total 0 records
2025-05-09 00:45:40,121 prefix: るり total 13 words: total 210 records
2025-05-09 00:45:41,937 prefix: るる total 8 words: total 91 records
2025-05-09 00:45:43,226 prefix: るれ total 2 words: total 21 records
2025-05-09 00:45:44,833 prefix: るろ total 4 words: total 80 records
2025-05-09 00:45:46,655 prefix: るわ total 7 words: total 80 records
2025-05-09 00:45:49,012 prefix: るっ total 12 words: total 208 records
2025-05-09 00:45:50,038 group: る written 5045 records to CSV
2025-05-09 00:45:51,588 prefix: れあ total 17 words: total 174 records
2025-05-09 00:46:25,682 prefix: れい total 291 words: total 6991 records
2025-05-09 00:46:26,855 prefix: れう total 1 words: total 8 records
2025-05-09 00:46:27,930 prefix: れえ total 0 words: total 0 records
2025-05-09 00:46:35,094 prefix: れお total 65 words: total 860 records
2025-05-09 00:46:36,267 prefix: れか total 1 words: total 10 records
2025-05-09 00:46:38,317 prefix: れが total 9 words: total 73 records
2025-05-09 00:46:42,367 prefix: れき total 42 words: total 312 records
2025-05-09 00:46:44,151 prefix: れぎ total 9 words: total 106 records
2025-05-09 00:46:45,612 prefix: れく total 5 words: total 70 records
2025-05-09 00:46:46,837 prefix: れぐ total 2 words: total 30 records
2025-05-09 00:46:47,904 prefix: れけ total 0 words: total 0 records
2025-05-09 00:46:49,295 prefix: れげ total 4 words: total 92 records
2025-05-09 00:46:51,160 prefix: れこ total 11 words: total 155 records
2025-05-09 00:46:52,850 prefix: れご total 8 words: total 83 records
2025-05-09 00:46:53,920 prefix: れさ total 0 words: total 0 records
2025-05-09 00:46:55,408 prefix: れざ total 6 words: total 66 records
2025-05-09 00:46:57,091 prefix: れし total 8 words: total 113 records
2025-05-09 00:47:01,465 prefix: れじ total 44 words: total 404 records
2025-05-09 00:47:05,550 prefix: れす total 35 words: total 573 records
2025-05-09 00:47:07,135 prefix: れず total 7 words: total 72 records
2025-05-09 00:47:08,361 prefix: れせ total 2 words: total 9 records
2025-05-09 00:47:09,444 prefix: れぜ total 0 words: total 0 records
2025-05-09 00:47:10,641 prefix: れそ total 2 words: total 16 records
2025-05-09 00:47:12,038 prefix: れぞ total 4 words: total 72 records
2025-05-09 00:47:14,303 prefix: れた total 14 words: total 313 records
2025-05-09 00:47:15,513 prefix: れだ total 2 words: total 14 records
2025-05-09 00:47:16,820 prefix: れち total 3 words: total 56 records
2025-05-09 00:47:17,886 prefix: れぢ total 0 words: total 0 records
2025-05-09 00:47:31,735 prefix: れっ total 144 words: total 3696 records
2025-05-09 00:47:33,553 prefix: れつ total 10 words: total 139 records
2025-05-09 00:47:34,618 prefix: れづ total 0 words: total 0 records
2025-05-09 00:47:36,107 prefix: れて total 6 words: total 50 records
2025-05-09 00:47:39,558 prefix: れで total 26 words: total 406 records
2025-05-09 00:47:41,394 prefix: れと total 11 words: total 105 records
2025-05-09 00:47:42,775 prefix: れど total 4 words: total 65 records
2025-05-09 00:47:44,705 prefix: れな total 12 words: total 52 records
2025-05-09 00:47:46,739 prefix: れに total 13 words: total 138 records
2025-05-09 00:47:47,810 prefix: れぬ total 0 words: total 0 records
2025-05-09 00:47:49,185 prefix: れね total 4 words: total 24 records
2025-05-09 00:47:50,489 prefix: れの total 3 words: total 22 records
2025-05-09 00:47:51,558 prefix: れは total 0 words: total 0 records
2025-05-09 00:47:53,465 prefix: れば total 12 words: total 92 records
2025-05-09 00:47:54,762 prefix: れぱ total 3 words: total 28 records
2025-05-09 00:47:55,894 prefix: れひ total 1 words: total 13 records
2025-05-09 00:47:57,206 prefix: れび total 3 words: total 36 records
2025-05-09 00:47:58,355 prefix: れぴ total 1 words: total 21 records
2025-05-09 00:48:00,289 prefix: れふ total 11 words: total 135 records
2025-05-09 00:48:01,925 prefix: れぶ total 7 words: total 98 records
2025-05-09 00:48:03,567 prefix: れぷ total 8 words: total 81 records
2025-05-09 00:48:04,640 prefix: れへ total 0 words: total 0 records
2025-05-09 00:48:07,720 prefix: れべ total 28 words: total 171 records
2025-05-09 00:48:12,404 prefix: れぺ total 51 words: total 286 records
2025-05-09 00:48:13,529 prefix: れほ total 1 words: total 0 records
2025-05-09 00:48:14,931 prefix: れぼ total 4 words: total 61 records
2025-05-09 00:48:16,307 prefix: れぽ total 4 words: total 63 records
2025-05-09 00:48:17,586 prefix: れま total 3 words: total 31 records
2025-05-09 00:48:19,339 prefix: れみ total 9 words: total 105 records
2025-05-09 00:48:20,690 prefix: れむ total 3 words: total 23 records
2025-05-09 00:48:21,834 prefix: れめ total 1 words: total 10 records
2025-05-09 00:48:24,830 prefix: れも total 17 words: total 487 records
2025-05-09 00:48:25,995 prefix: れや total 0 words: total 0 records
2025-05-09 00:48:27,415 prefix: れゆ total 3 words: total 74 records
2025-05-09 00:48:28,488 prefix: れよ total 0 words: total 0 records
2025-05-09 00:48:29,671 prefix: れら total 1 words: total 2 records
2025-05-09 00:48:30,808 prefix: れり total 1 words: total 0 records
2025-05-09 00:48:32,011 prefix: れる total 1 words: total 27 records
2025-05-09 00:48:33,150 prefix: れれ total 1 words: total 1 records
2025-05-09 00:48:34,670 prefix: れろ total 4 words: total 41 records
2025-05-09 00:48:35,797 prefix: れわ total 0 words: total 0 records
2025-05-09 00:48:51,064 prefix: れっ total 144 words: total 3696 records
2025-05-09 00:48:52,111 group: れ written 20951 records to CSV
2025-05-09 00:48:52,438 prefix: ろあ total 4 words: total 59 records
2025-05-09 00:48:58,346 prefix: ろい total 63 words: total 871 records
2025-05-09 00:49:09,357 prefix: ろう total 91 words: total 4327 records
2025-05-09 00:49:10,495 prefix: ろえ total 1 words: total 6 records
2025-05-09 00:49:11,582 prefix: ろお total 0 words: total 0 records
2025-05-09 00:49:13,149 prefix: ろか total 6 words: total 69 records
2025-05-09 00:49:14,325 prefix: ろが total 1 words: total 34 records
2025-05-09 00:49:15,712 prefix: ろき total 4 words: total 33 records
2025-05-09 00:49:16,787 prefix: ろぎ total 0 words: total 0 records
2025-05-09 00:49:26,051 prefix: ろく total 95 words: total 1733 records
2025-05-09 00:49:27,828 prefix: ろぐ total 9 words: total 213 records
2025-05-09 00:49:31,596 prefix: ろけ total 32 words: total 651 records
2025-05-09 00:49:32,820 prefix: ろげ total 2 words: total 31 records
2025-05-09 00:49:34,884 prefix: ろこ total 10 words: total 481 records
2025-05-09 00:49:36,303 prefix: ろご total 4 words: total 101 records
2025-05-09 00:49:38,354 prefix: ろさ total 13 words: total 130 records
2025-05-09 00:49:40,180 prefix: ろざ total 10 words: total 132 records
2025-05-09 00:49:47,765 prefix: ろし total 77 words: total 1226 records
2025-05-09 00:49:53,489 prefix: ろじ total 55 words: total 1237 records
2025-05-09 00:49:59,010 prefix: ろす total 40 words: total 620 records
2025-05-09 00:50:00,450 prefix: ろず total 3 words: total 22 records
2025-05-09 00:50:02,283 prefix: ろせ total 6 words: total 124 records
2025-05-09 00:50:03,976 prefix: ろぜ total 6 words: total 43 records
2025-05-09 00:50:05,295 prefix: ろそ total 2 words: total 59 records
2025-05-09 00:50:06,401 prefix: ろぞ total 0 words: total 0 records
2025-05-09 00:50:07,844 prefix: ろた total 2 words: total 58 records
2025-05-09 00:50:09,083 prefix: ろだ total 2 words: total 35 records
2025-05-09 00:50:10,670 prefix: ろち total 3 words: total 144 records
2025-05-09 00:50:11,747 prefix: ろぢ total 0 words: total 0 records
2025-05-09 00:50:31,178 prefix: ろっ total 192 words: total 5465 records
2025-05-09 00:50:32,253 prefix: ろつ total 0 words: total 0 records
2025-05-09 00:50:33,320 prefix: ろづ total 0 words: total 0 records
2025-05-09 00:50:34,588 prefix: ろて total 2 words: total 77 records
2025-05-09 00:50:36,068 prefix: ろで total 6 words: total 65 records
2025-05-09 00:50:37,690 prefix: ろと total 6 words: total 200 records
2025-05-09 00:50:39,990 prefix: ろど total 16 words: total 160 records
2025-05-09 00:50:42,057 prefix: ろな total 13 words: total 151 records
2025-05-09 00:50:43,346 prefix: ろに total 3 words: total 19 records
2025-05-09 00:50:44,423 prefix: ろぬ total 0 words: total 0 records
2025-05-09 00:50:45,557 prefix: ろね total 1 words: total 13 records
2025-05-09 00:50:46,628 prefix: ろの total 0 words: total 0 records
2025-05-09 00:50:47,779 prefix: ろは total 1 words: total 8 records
2025-05-09 00:51:01,002 prefix: ろば total 129 words: total 1077 records
2025-05-09 00:51:02,096 prefix: ろぱ total 0 words: total 0 records
2025-05-09 00:51:03,617 prefix: ろひ total 3 words: total 54 records
2025-05-09 00:51:07,989 prefix: ろび total 36 words: total 958 records
2025-05-09 00:51:09,148 prefix: ろぴ total 1 words: total 2 records
2025-05-09 00:51:10,673 prefix: ろふ total 4 words: total 43 records
2025-05-09 00:51:13,872 prefix: ろぶ total 24 words: total 614 records
2025-05-09 00:51:15,153 prefix: ろぷ total 2 words: total 64 records
2025-05-09 00:51:16,300 prefix: ろへ total 1 words: total 1 records
2025-05-09 00:51:20,285 prefix: ろべ total 40 words: total 299 records
2025-05-09 00:51:21,635 prefix: ろぺ total 3 words: total 15 records
2025-05-09 00:51:22,851 prefix: ろほ total 2 words: total 33 records
2025-05-09 00:51:26,287 prefix: ろぼ total 28 words: total 632 records
2025-05-09 00:51:27,349 prefix: ろぽ total 0 words: total 0 records
2025-05-09 00:51:33,258 prefix: ろま total 59 words: total 1171 records
2025-05-09 00:51:34,838 prefix: ろみ total 5 words: total 69 records
2025-05-09 00:51:36,020 prefix: ろむ total 1 words: total 21 records
2025-05-09 00:51:37,944 prefix: ろめ total 12 words: total 143 records
2025-05-09 00:51:39,087 prefix: ろも total 1 words: total 13 records
2025-05-09 00:51:40,162 prefix: ろや total 0 words: total 0 records
2025-05-09 00:51:41,233 prefix: ろゆ total 0 words: total 0 records
2025-05-09 00:51:42,323 prefix: ろよ total 0 words: total 0 records
2025-05-09 00:51:44,158 prefix: ろら total 8 words: total 219 records
2025-05-09 00:51:48,715 prefix: ろり total 33 words: total 891 records
2025-05-09 00:51:49,794 prefix: ろる total 0 words: total 0 records
2025-05-09 00:51:51,898 prefix: ろれ total 13 words: total 209 records
2025-05-09 00:51:53,224 prefix: ろろ total 3 words: total 49 records
2025-05-09 00:51:54,469 prefix: ろわ total 2 words: total 61 records
2025-05-09 00:52:15,175 prefix: ろっ total 192 words: total 5465 records
2025-05-09 00:52:16,237 group: ろ written 30700 records to CSV
2025-05-09 00:52:16,387 prefix: わあ total 1 words: total 39 records
2025-05-09 00:52:26,467 prefix: わい total 103 words: total 2595 records
2025-05-09 00:52:27,760 prefix: わう total 3 words: total 8 records
2025-05-09 00:52:29,011 prefix: わえ total 2 words: total 20 records
2025-05-09 00:52:30,587 prefix: わお total 6 words: total 132 records
2025-05-09 00:52:54,217 prefix: わか total 234 words: total 5348 records
2025-05-09 00:52:58,004 prefix: わが total 24 words: total 823 records
2025-05-09 00:53:02,674 prefix: わき total 28 words: total 975 records
2025-05-09 00:53:04,278 prefix: わぎ total 4 words: total 207 records
2025-05-09 00:53:10,005 prefix: わく total 47 words: total 823 records
2025-05-09 00:53:11,756 prefix: わぐ total 7 words: total 123 records
2025-05-09 00:53:13,715 prefix: わけ total 9 words: total 139 records
2025-05-09 00:53:14,894 prefix: わげ total 1 words: total 24 records
2025-05-09 00:53:17,363 prefix: わこ total 13 words: total 450 records
2025-05-09 00:53:19,355 prefix: わご total 6 words: total 248 records
2025-05-09 00:53:21,429 prefix: わさ total 7 words: total 335 records
2025-05-09 00:53:23,347 prefix: わざ total 8 words: total 194 records
2025-05-09 00:53:29,224 prefix: わし total 52 words: total 1277 records
2025-05-09 00:53:31,709 prefix: わじ total 16 words: total 529 records
2025-05-09 00:53:33,959 prefix: わす total 15 words: total 273 records
2025-05-09 00:53:35,097 prefix: わず total 1 words: total 11 records
2025-05-09 00:53:37,605 prefix: わせ total 19 words: total 272 records
2025-05-09 00:53:38,672 prefix: わぜ total 0 words: total 0 records
2025-05-09 00:53:39,747 prefix: わそ total 0 words: total 0 records
2025-05-09 00:53:40,809 prefix: わぞ total 0 words: total 0 records
2025-05-09 00:54:10,984 prefix: わた total 358 words: total 4975 records
2025-05-09 00:54:23,720 prefix: わだ total 111 words: total 5014 records
2025-05-09 00:54:25,272 prefix: わち total 5 words: total 215 records
2025-05-09 00:54:26,347 prefix: わぢ total 0 words: total 0 records
2025-05-09 00:54:29,328 prefix: わっ total 20 words: total 807 records
2025-05-09 00:54:30,611 prefix: わつ total 3 words: total 18 records
2025-05-09 00:54:31,685 prefix: わづ total 0 words: total 0 records
2025-05-09 00:54:32,759 prefix: わて total 0 words: total 0 records
2025-05-09 00:54:33,903 prefix: わで total 1 words: total 19 records
2025-05-09 00:54:35,067 prefix: わと total 1 words: total 46 records
2025-05-09 00:54:36,558 prefix: わど total 5 words: total 107 records
2025-05-09 00:54:38,162 prefix: わな total 6 words: total 169 records
2025-05-09 00:54:40,227 prefix: わに total 12 words: total 275 records
2025-05-09 00:54:41,298 prefix: わぬ total 0 words: total 0 records
2025-05-09 00:54:42,460 prefix: わね total 1 words: total 23 records
2025-05-09 00:54:43,674 prefix: わの total 2 words: total 33 records
2025-05-09 00:54:44,852 prefix: わは total 1 words: total 57 records
2025-05-09 00:54:45,922 prefix: わば total 0 words: total 0 records
2025-05-09 00:54:46,998 prefix: わぱ total 0 words: total 0 records
2025-05-09 00:54:48,086 prefix: わひ total 0 words: total 0 records
2025-05-09 00:54:49,214 prefix: わび total 1 words: total 0 records
2025-05-09 00:54:50,291 prefix: わぴ total 0 words: total 0 records
2025-05-09 00:54:52,067 prefix: わふ total 6 words: total 333 records
2025-05-09 00:54:53,284 prefix: わぶ total 2 words: total 35 records
2025-05-09 00:54:54,354 prefix: わぷ total 0 words: total 0 records
2025-05-09 00:54:55,425 prefix: わへ total 0 words: total 0 records
2025-05-09 00:54:56,488 prefix: わべ total 0 words: total 0 records
2025-05-09 00:54:57,556 prefix: わぺ total 0 words: total 0 records
2025-05-09 00:54:58,841 prefix: わほ total 2 words: total 72 records
2025-05-09 00:54:59,914 prefix: わぼ total 0 words: total 0 records
2025-05-09 00:55:00,983 prefix: わぽ total 0 words: total 0 records
2025-05-09 00:55:02,178 prefix: わま total 1 words: total 59 records
2025-05-09 00:55:03,257 prefix: わみ total 0 words: total 0 records
2025-05-09 00:55:04,482 prefix: わむ total 2 words: total 30 records
2025-05-09 00:55:05,768 prefix: わめ total 3 words: total 32 records
2025-05-09 00:55:06,919 prefix: わも total 1 words: total 9 records
2025-05-09 00:55:08,099 prefix: わや total 1 words: total 0 records
2025-05-09 00:55:09,170 prefix: わゆ total 0 words: total 0 records
2025-05-09 00:55:10,480 prefix: わよ total 3 words: total 66 records
2025-05-09 00:55:17,831 prefix: わら total 67 words: total 2058 records
2025-05-09 00:55:20,041 prefix: わり total 12 words: total 249 records
2025-05-09 00:55:24,104 prefix: わる total 36 words: total 734 records
2025-05-09 00:55:26,503 prefix: われ total 18 words: total 228 records
2025-05-09 00:55:28,012 prefix: わろ total 4 words: total 183 records
2025-05-09 00:55:29,078 prefix: わわ total 0 words: total 0 records
2025-05-09 00:55:35,101 prefix: わっ total 20 words: total 807 records
2025-05-09 00:55:36,168 group: わ written 31498 records to CSV
2025-12-13 15:17:26,891 prefix: ああ total 17 words: total 679 records
2025-12-13 15:22:26,122 prefix: あい total 978 words: total 26663 records
2025-12-13 15:22:58,024 prefix: あう total 101 words: total 2531 records
2025-12-13 15:23:06,600 prefix: あえ total 25 words: total 283 records
2025-12-13 15:25:14,431 prefix: あお total 425 words: total 6559 records
2025-12-13 15:27:43,156 prefix: あか total 470 words: total 16267 records
2025-12-13 15:27:58,146 prefix: あが total 44 words: total 1639 records
2025-12-13 15:29:33,801 prefix: あき total 305 words: total 8206 records
2025-12-13 15:29:35,877 prefix: あぎ total 2 words: total 174 records
2025-12-13 15:31:11,770 prefix: あく total 297 words: total 6209 records
2025-12-13 15:31:26,115 prefix: あぐ total 44 words: total 759 records
2025-12-13 15:31:40,645 prefix: あけ total 47 words: total 505 records
2025-12-13 15:31:52,834 prefix: あげ total 37 words: total 453 records
2025-12-13 15:32:05,386 prefix: あこ total 35 words: total 879 records
2025-12-13 15:32:10,757 prefix: あご total 13 words: total 339 records
2025-12-13 15:34:50,867 prefix: あさ total 474 words: total 16634 records
2025-12-13 15:35:04,135 prefix: あざ total 35 words: total 1283 records
2025-12-13 15:36:32,608 prefix: あし total 282 words: total 7118 records
2025-12-13 15:37:07,781 prefix: あじ total 105 words: total 3174 records
2025-12-13 15:38:04,235 prefix: あす total 172 words: total 4795 records
2025-12-13 15:38:35,093 prefix: あず total 91 words: total 3042 records
2025-12-13 15:38:48,591 prefix: あせ total 39 words: total 505 records
2025-12-13 15:38:52,580 prefix: あぜ total 9 words: total 109 records
2025-12-13 15:39:10,199 prefix: あそ total 48 words: total 1179 records
2025-12-13 15:39:12,623 prefix: あぞ total 4 words: total 14 records
2025-12-13 15:39:56,764 prefix: あた total 131 words: total 3510 records
2025-12-13 15:40:54,581 prefix: あだ total 164 words: total 4873 records
2025-12-13 15:41:01,112 prefix: あち total 17 words: total 472 records
2025-12-13 15:41:02,515 prefix: あぢ total 0 words: total 0 records
2025-12-13 15:42:00,392 prefix: あっ total 165 words: total 5985 records
2025-12-13 15:42:25,937 prefix: あつ total 73 words: total 1341 records
2025-12-13 15:42:32,898 prefix: あづ total 18 words: total 569 records
2025-12-13 15:42:43,866 prefix: あて total 31 words: total 576 records
2025-12-13 15:42:54,805 prefix: あで total 32 words: total 394 records
2025-12-13 15:43:27,746 prefix: あと total 101 words: total 1542 records
2025-12-13 15:43:59,478 prefix: あど total 108 words: total 1304 records
2025-12-13 15:44:54,161 prefix: あな total 172 words: total 5496 records
2025-12-13 15:45:50,861 prefix: あに total 175 words: total 4300 records
2025-12-13 15:45:54,855 prefix: あぬ total 10 words: total 196 records
2025-12-13 15:46:04,837 prefix: あね total 30 words: total 418 records
2025-12-13 15:46:19,947 prefix: あの total 48 words: total 841 records
2025-12-13 15:46:24,227 prefix: あは total 11 words: total 143 records
2025-12-13 15:46:40,465 prefix: あば total 50 words: total 1645 records
2025-12-13 15:46:48,401 prefix: あぱ total 23 words: total 715 records
2025-12-13 15:46:52,848 prefix: あひ total 10 words: total 247 records
2025-12-13 15:47:06,019 prefix: あび total 37 words: total 1086 records
2025-12-13 15:47:09,844 prefix: あぴ total 9 words: total 179 records
2025-12-13 15:47:50,050 prefix: あふ total 129 words: total 3603 records
2025-12-13 15:48:30,842 prefix: あぶ total 125 words: total 4101 records
2025-12-13 15:48:38,125 prefix: あぷ total 20 words: total 579 records
2025-12-13 15:48:40,325 prefix: あへ total 3 words: total 126 records
2025-12-13 15:49:28,893 prefix: あべ total 155 words: total 2740 records
2025-12-13 15:49:31,020 prefix: あぺ total 3 words: total 54 records
2025-12-13 15:49:37,045 prefix: あほ total 16 words: total 563 records
2025-12-13 15:49:43,209 prefix: あぼ total 17 words: total 372 records
2025-12-13 15:49:56,047 prefix: あぽ total 41 words: total 560 records
2025-12-13 15:51:44,866 prefix: あま total 334 words: total 10670 records
2025-12-13 15:52:07,613 prefix: あみ total 66 words: total 2016 records
2025-12-13 15:52:20,903 prefix: あむ total 41 words: total 972 records
2025-12-13 15:53:18,196 prefix: あめ total 195 words: total 1515 records
2025-12-13 15:53:25,426 prefix: あも total 21 words: total 421 records
2025-12-13 15:54:05,199 prefix: あや total 122 words: total 4162 records
2025-12-13 15:54:12,754 prefix: あゆ total 23 words: total 463 records
2025-12-13 15:54:14,013 prefix: あよ total 0 words: total 0 records
2025-12-13 15:56:38,659 prefix: あら total 461 words: total 16155 records
2025-12-13 15:58:38,343 prefix: あり total 394 words: total 10071 records
2025-12-13 16:01:57,364 prefix: ある total 635 words: total 15095 records
2025-12-13 16:02:56,296 prefix: あれ total 200 words: total 1569 records
2025-12-13 16:03:10,828 prefix: あろ total 43 words: total 927 records
2025-12-13 16:03:36,810 prefix: あわ total 78 words: total 2424 records
2025-12-13 16:04:29,251 prefix: あっ total 165 words: total 5986 records
2025-12-13 16:04:30,622 group: あ written 230974 records to CSV
2025-12-13 16:04:48,150 prefix: いあ total 58 words: total 1398 records
2025-12-13 16:05:51,424 prefix: いい total 206 words: total 4925 records
2025-12-13 16:05:55,720 prefix: いう total 11 words: total 152 records
2025-12-13 16:06:21,896 prefix: いえ total 85 words: total 674 records
2025-12-13 16:07:02,286 prefix: いお total 135 words: total 1715 records
2025-12-13 16:07:30,135 prefix: いか total 92 words: total 2066 records
2025-12-13 16:08:03,046 prefix: いが total 109 words: total 1931 records
2025-12-13 16:08:27,875 prefix: いき total 83 words: total 1261 records
2025-12-13 16:08:40,146 prefix: いぎ total 39 words: total 293 records
2025-12-13 16:09:13,883 prefix: いく total 110 words: total 1860 records
2025-12-13 16:09:26,836 prefix: いぐ total 41 words: total 714 records
2025-12-13 16:10:40,533 prefix: いけ total 251 words: total 1535 records
2025-12-13 16:10:43,293 prefix: いげ total 5 words: total 165 records
2025-12-13 16:10:52,863 prefix: いこ total 28 words: total 766 records
2025-12-13 16:11:00,018 prefix: いご total 20 words: total 347 records
2025-12-13 16:11:16,811 prefix: いさ total 53 words: total 909 records
2025-12-13 16:11:39,734 prefix: いざ total 75 words: total 1488 records
2025-12-13 16:14:48,866 prefix: いし total 638 words: total 9427 records
2025-12-13 16:15:10,101 prefix: いじ total 66 words: total 1243 records
2025-12-13 16:15:37,914 prefix: いす total 90 words: total 1077 records
2025-12-13 16:16:33,872 prefix: いず total 187 words: total 2682 records
2025-12-13 16:17:01,211 prefix: いせ total 91 words: total 1056 records
2025-12-13 16:17:03,951 prefix: いぜ total 4 words: total 111 records
2025-12-13 16:17:34,391 prefix: いそ total 103 words: total 1565 records
2025-12-13 16:17:37,123 prefix: いぞ total 5 words: total 234 records
2025-12-13 16:18:31,643 prefix: いた total 179 words: total 3069 records
2025-12-13 16:18:37,724 prefix: いだ total 17 words: total 369 records
2025-12-13 16:21:14,927 prefix: いち total 529 words: total 6310 records
2025-12-13 16:21:16,456 prefix: いぢ total 1 words: total 9 records
2025-12-13 16:22:55,628 prefix: いっ total 315 words: total 9272 records
2025-12-13 16:23:22,547 prefix: いつ total 89 words: total 908 records
2025-12-13 16:23:27,063 prefix: いづ total 12 words: total 221 records
2025-12-13 16:23:31,255 prefix: いて total 11 words: total 96 records
2025-12-13 16:23:52,577 prefix: いで total 72 words: total 753 records
2025-12-13 16:26:34,446 prefix: いと total 520 words: total 16827 records
2025-12-13 16:26:46,155 prefix: いど total 37 words: total 663 records
2025-12-13 16:27:43,691 prefix: いな total 194 words: total 3539 records
2025-12-13 16:27:50,210 prefix: いに total 20 words: total 169 records
2025-12-13 16:28:28,038 prefix: いぬ total 122 words: total 1780 records
2025-12-13 16:28:32,037 prefix: いね total 9 words: total 64 records
2025-12-13 16:30:18,327 prefix: いの total 358 words: total 4832 records
2025-12-13 16:30:27,821 prefix: いは total 26 words: total 805 records
2025-12-13 16:30:48,180 prefix: いば total 64 words: total 1338 records
2025-12-13 16:30:50,001 prefix: いぱ total 2 words: total 24 records
2025-12-13 16:30:51,846 prefix: いひ total 2 words: total 53 records
2025-12-13 16:30:56,713 prefix: いび total 12 words: total 463 records
2025-12-13 16:30:58,266 prefix: いぴ total 1 words: total 4 records
2025-12-13 16:31:02,603 prefix: いふ total 9 words: total 294 records
2025-12-13 16:31:24,024 prefix: いぶ total 70 words: total 1182 records
2025-12-13 16:31:27,269 prefix: いぷ total 6 words: total 76 records
2025-12-13 16:31:29,375 prefix: いへ total 3 words: total 53 records
2025-12-13 16:31:34,602 prefix: いべ total 15 words: total 47 records
2025-12-13 16:31:35,858 prefix: いぺ total 0 words: total 0 records
2025-12-13 16:31:41,052 prefix: いほ total 13 words: total 469 records
2025-12-13 16:31:46,019 prefix: いぼ total 13 words: total 240 records
2025-12-13 16:31:47,818 prefix: いぽ total 2 words: total 35 records
2025-12-13 16:33:27,553 prefix: いま total 329 words: total 5649 records
2025-12-13 16:33:34,974 prefix: いみ total 20 words: total 521 records
2025-12-13 16:33:43,308 prefix: いむ total 25 words: total 532 records
2025-12-13 16:33:50,269 prefix: いめ total 21 words: total 178 records
2025-12-13 16:34:03,063 prefix: いも total 38 words: total 798 records
2025-12-13 16:34:14,731 prefix: いや total 35 words: total 701 records
2025-12-13 16:34:15,987 prefix: いゆ total 0 words: total 0 records
2025-12-13 16:34:28,067 prefix: いよ total 39 words: total 453 records
2025-12-13 16:34:46,224 prefix: いら total 57 words: total 1158 records
2025-12-13 16:35:26,384 prefix: いり total 131 words: total 2245 records
2025-12-13 16:35:46,220 prefix: いる total 62 words: total 1162 records
2025-12-13 16:35:57,816 prefix: いれ total 37 words: total 337 records
2025-12-13 16:36:15,033 prefix: いろ total 53 words: total 980 records
2025-12-13 16:38:53,706 prefix: いわ total 529 words: total 9179 records
2025-12-13 16:40:31,789 prefix: いっ total 315 words: total 9272 records
2025-12-13 16:40:32,992 group: い written 126723 records to CSV
2025-12-13 16:40:33,795 prefix: うあ total 2 words: total 28 records
2025-12-13 16:41:02,049 prefix: うい total 97 words: total 1127 records
2025-12-13 16:41:03,874 prefix: うう total 2 words: total 23 records
2025-12-13 16:43:22,260 prefix: うえ total 481 words: total 3197 records
2025-12-13 16:43:25,219 prefix: うお total 6 words: total 68 records
2025-12-13 16:43:32,554 prefix: うか total 21 words: total 347 records
2025-12-13 16:43:40,229 prefix: うが total 23 words: total 337 records
2025-12-13 16:43:51,681 prefix: うき total 34 words: total 488 records
2025-12-13 16:43:53,208 prefix: うぎ total 1 words: total 5 records
2025-12-13 16:43:58,768 prefix: うく total 16 words: total 88 records
2025-12-13 16:44:01,814 prefix: うぐ total 6 words: total 88 records
2025-12-13 16:44:06,287 prefix: うけ total 12 words: total 61 records
2025-12-13 16:44:07,833 prefix: うげ total 1 words: total 6 records
2025-12-13 16:44:10,789 prefix: うこ total 6 words: total 118 records
2025-12-13 16:44:16,519 prefix: うご total 16 words: total 200 records
2025-12-13 16:44:39,073 prefix: うさ total 72 words: total 1431 records
2025-12-13 16:44:41,801 prefix: うざ total 5 words: total 132 records
2025-12-13 16:45:07,800 prefix: うし total 78 words: total 1140 records
2025-12-13 16:45:18,804 prefix: うじ total 33 words: total 449 records
2025-12-13 16:45:41,270 prefix: うす total 72 words: total 885 records
2025-12-13 16:45:48,321 prefix: うず total 21 words: total 172 records
2025-12-13 16:45:49,587 prefix: うせ total 0 words: total 0 records
2025-12-13 16:45:52,219 prefix: うぜ total 5 words: total 17 records
2025-12-13 16:46:01,696 prefix: うそ total 28 words: total 305 records
2025-12-13 16:46:03,313 prefix: うぞ total 1 words: total 44 records
2025-12-13 16:46:28,996 prefix: うた total 86 words: total 1114 records
2025-12-13 16:46:36,715 prefix: うだ total 23 words: total 429 records
2025-12-13 16:48:25,619 prefix: うち total 364 words: total 5250 records
2025-12-13 16:48:26,877 prefix: うぢ total 0 words: total 0 records
2025-12-13 16:48:36,169 prefix: うっ total 27 words: total 552 records
2025-12-13 16:49:04,088 prefix: うつ total 95 words: total 888 records
2025-12-13 16:49:06,467 prefix: うづ total 4 words: total 85 records
2025-12-13 16:49:10,679 prefix: うて total 11 words: total 141 records
2025-12-13 16:49:16,476 prefix: うで total 17 words: total 160 records
2025-12-13 16:49:20,587 prefix: うと total 10 words: total 272 records
2025-12-13 16:49:28,396 prefix: うど total 24 words: total 465 records
2025-12-13 16:49:36,676 prefix: うな total 24 words: total 527 records
2025-12-13 16:49:41,531 prefix: うに total 13 words: total 294 records
2025-12-13 16:49:43,312 prefix: うぬ total 2 words: total 12 records
2025-12-13 16:49:45,905 prefix: うね total 5 words: total 32 records
2025-12-13 16:49:59,997 prefix: うの total 46 words: total 735 records
2025-12-13 16:50:01,630 prefix: うは total 1 words: total 4 records
2025-12-13 16:50:06,618 prefix: うば total 11 words: total 154 records
2025-12-13 16:50:08,154 prefix: うぱ total 1 words: total 7 records
2025-12-13 16:50:09,412 prefix: うひ total 0 words: total 0 records
2025-12-13 16:50:10,679 prefix: うび total 0 words: total 0 records
2025-12-13 16:50:11,939 prefix: うぴ total 0 words: total 0 records
2025-12-13 16:50:13,766 prefix: うふ total 2 words: total 20 records
2025-12-13 16:50:16,665 prefix: うぶ total 6 words: total 69 records
2025-12-13 16:50:18,458 prefix: うぷ total 2 words: total 27 records
2025-12-13 16:50:19,718 prefix: うへ total 0 words: total 0 records
2025-12-13 16:50:23,660 prefix: うべ total 10 words: total 95 records
2025-12-13 16:50:25,186 prefix: うぺ total 1 words: total 6 records
2025-12-13 16:50:26,707 prefix: うほ total 1 words: total 12 records
2025-12-13 16:50:28,804 prefix: うぼ total 3 words: total 76 records
2025-12-13 16:50:30,335 prefix: うぽ total 1 words: total 35 records
2025-12-13 16:50:49,749 prefix: うま total 64 words: total 1141 records
2025-12-13 16:51:11,100 prefix: うみ total 69 words: total 1209 records
2025-12-13 16:51:12,910 prefix: うむ total 2 words: total 47 records
2025-12-13 16:51:47,100 prefix: うめ total 118 words: total 842 records
2025-12-13 16:51:49,987 prefix: うも total 6 words: total 110 records
2025-12-13 16:51:52,371 prefix: うや total 4 words: total 46 records
2025-12-13 16:51:54,453 prefix: うゆ total 3 words: total 51 records
2025-12-13 16:51:56,252 prefix: うよ total 2 words: total 13 records
2025-12-13 16:52:49,422 prefix: うら total 177 words: total 2713 records
2025-12-13 16:52:57,186 prefix: うり total 24 words: total 312 records
2025-12-13 16:53:44,122 prefix: うる total 158 words: total 1230 records
2025-12-13 16:53:49,659 prefix: うれ total 16 words: total 101 records
2025-12-13 16:53:53,115 prefix: うろ total 8 words: total 150 records
2025-12-13 16:54:07,347 prefix: うわ total 44 words: total 666 records
2025-12-13 16:54:16,401 prefix: うっ total 27 words: total 552 records
2025-12-13 16:54:17,478 group: う written 31400 records to CSV
2025-12-13 16:54:53,527 prefix: えあ total 125 words: total 1882 records
2025-12-13 16:57:08,055 prefix: えい total 445 words: total 10579 records
2025-12-13 16:57:15,737 prefix: えう total 24 words: total 272 records
2025-12-13 16:57:18,432 prefix: ええ total 5 words: total 92 records
2025-12-13 16:57:21,034 prefix: えお total 5 words: total 50 records
2025-12-13 16:57:24,425 prefix: えか total 8 words: total 74 records
2025-12-13 16:57:35,229 prefix: えが total 35 words: total 356 records
2025-12-13 16:57:52,910 prefix: えき total 58 words: total 620 records
2025-12-13 16:57:55,213 prefix: えぎ total 4 words: total 17 records
2025-12-13 16:58:25,970 prefix: えく total 101 words: total 990 records
2025-12-13 16:58:34,002 prefix: えぐ total 25 words: total 309 records
2025-12-13 16:58:35,264 prefix: えけ total 0 words: total 0 records
2025-12-13 16:58:36,837 prefix: えげ total 1 words: total 53 records
2025-12-13 16:58:48,358 prefix: えこ total 35 words: total 585 records
2025-12-13 16:58:54,265 prefix: えご total 17 words: total 226 records
2025-12-13 16:58:59,371 prefix: えさ total 14 words: total 224 records
2025-12-13 16:59:02,650 prefix: えざ total 7 words: total 47 records
2025-12-13 16:59:05,830 prefix: えし total 7 words: total 101 records
2025-12-13 16:59:17,008 prefix: えじ total 35 words: total 282 records
2025-12-13 17:00:09,956 prefix: えす total 175 words: total 2009 records
2025-12-13 17:00:13,138 prefix: えず total 7 words: total 35 records
2025-12-13 17:00:17,231 prefix: えせ total 9 words: total 70 records
2025-12-13 17:00:19,301 prefix: えぜ total 3 words: total 17 records
2025-12-13 17:00:20,835 prefix: えそ total 1 words: total 13 records
2025-12-13 17:00:27,450 prefix: えぞ total 19 words: total 331 records
2025-12-13 17:00:33,972 prefix: えた total 19 words: total 147 records
2025-12-13 17:00:39,876 prefix: えだ total 17 words: total 237 records
2025-12-13 17:00:56,477 prefix: えち total 53 words: total 498 records
2025-12-13 17:00:57,744 prefix: えぢ total 0 words: total 0 records
2025-12-13 17:01:23,521 prefix: えっ total 81 words: total 1288 records
2025-12-13 17:01:27,267 prefix: えつ total 9 words: total 109 records
2025-12-13 17:01:29,890 prefix: えづ total 5 words: total 52 records
2025-12-13 17:01:33,828 prefix: えて total 10 words: total 51 records
2025-12-13 17:01:52,845 prefix: えで total 63 words: total 862 records
2025-12-13 17:02:03,919 prefix: えと total 33 words: total 620 records
2025-12-13 17:03:06,982 prefix: えど total 215 words: total 2365 records
2025-12-13 17:03:14,431 prefix: えな total 23 words: total 223 records
2025-12-13 17:03:20,416 prefix: えに total 14 words: total 158 records
2025-12-13 17:03:33,768 prefix: えぬ total 44 words: total 529 records
2025-12-13 17:03:40,230 prefix: えね total 20 words: total 102 records
2025-12-13 17:04:01,128 prefix: えの total 71 words: total 676 records
2025-12-13 17:04:03,797 prefix: えは total 5 words: total 64 records
2025-12-13 17:04:16,895 prefix: えば total 43 words: total 641 records
2025-12-13 17:04:19,248 prefix: えぱ total 4 words: total 36 records
2025-12-13 17:04:26,326 prefix: えひ total 21 words: total 142 records
2025-12-13 17:04:49,518 prefix: えび total 78 words: total 707 records
2025-12-13 17:04:58,811 prefix: えぴ total 29 words: total 352 records
2025-12-13 17:05:25,523 prefix: えふ total 91 words: total 587 records
2025-12-13 17:05:29,750 prefix: えぶ total 11 words: total 186 records
2025-12-13 17:05:33,383 prefix: えぷ total 9 words: total 84 records
2025-12-13 17:05:34,639 prefix: えへ total 0 words: total 0 records
2025-12-13 17:05:40,057 prefix: えべ total 15 words: total 93 records
2025-12-13 17:05:42,124 prefix: えぺ total 3 words: total 24 records
2025-12-13 17:05:45,592 prefix: えほ total 8 words: total 210 records
2025-12-13 17:05:50,938 prefix: えぼ total 15 words: total 217 records
2025-12-13 17:05:53,861 prefix: えぽ total 5 words: total 80 records
2025-12-13 17:06:06,880 prefix: えま total 40 words: total 350 records
2025-12-13 17:06:24,882 prefix: えみ total 60 words: total 442 records
2025-12-13 17:06:39,240 prefix: えむ total 48 words: total 644 records
2025-12-13 17:06:44,395 prefix: えめ total 15 words: total 76 records
2025-12-13 17:06:53,676 prefix: えも total 27 words: total 429 records
2025-12-13 17:06:55,221 prefix: えや total 1 words: total 27 records
2025-12-13 17:06:56,765 prefix: えゆ total 1 words: total 38 records
2025-12-13 17:06:58,024 prefix: えよ total 0 words: total 0 records
2025-12-13 17:07:07,967 prefix: えら total 29 words: total 368 records
2025-12-13 17:08:16,244 prefix: えり total 240 words: total 2003 records
2025-12-13 17:09:26,389 prefix: える total 220 words: total 2249 records
2025-12-13 17:09:56,299 prefix: えれ total 96 words: total 631 records
2025-12-13 17:10:06,210 prefix: えろ total 24 words: total 479 records
2025-12-13 17:10:07,486 prefix: えわ total 0 words: total 0 records
2025-12-13 17:10:33,435 prefix: えっ total 81 words: total 1288 records
2025-12-13 17:10:34,491 group: え written 39598 records to CSV
2025-12-13 17:10:38,604 prefix: おあ total 11 words: total 332 records
2025-12-13 17:11:17,906 prefix: おい total 122 words: total 2054 records
2025-12-13 17:13:24,258 prefix: おう total 365 words: total 14284 records
2025-12-13 17:13:27,225 prefix: おえ total 6 words: total 23 records
2025-12-13 17:26:57,522 prefix: おお total 2522 words: total 69393 records
2025-12-13 17:30:06,408 prefix: おか total 606 words: total 9485 records
2025-12-13 17:31:25,023 prefix: おが total 229 words: total 6640 records
2025-12-13 17:32:17,872 prefix: おき total 160 words: total 3270 records
2025-12-13 17:32:31,848 prefix: おぎ total 42 words: total 749 records
2025-12-13 17:33:52,055 prefix: おく total 253 words: total 3402 records
2025-12-13 17:34:25,258 prefix: おぐ total 101 words: total 1488 records
2025-12-13 17:34:29,352 prefix: おけ total 10 words: total 236 records
2025-12-13 17:34:31,844 prefix: おげ total 4 words: total 168 records
2025-12-13 17:34:42,857 prefix: おこ total 33 words: total 1057 records
2025-12-13 17:34:47,842 prefix: おご total 13 words: total 326 records
2025-12-13 17:35:06,784 prefix: おさ total 58 words: total 1120 records
2025-12-13 17:35:41,312 prefix: おざ total 109 words: total 3288 records
2025-12-13 17:36:24,281 prefix: おし total 136 words: total 2543 records
2025-12-13 17:36:42,982 prefix: おじ total 59 words: total 1701 records
2025-12-13 17:37:04,014 prefix: おす total 66 words: total 963 records
2025-12-13 17:37:09,077 prefix: おず total 13 words: total 335 records
2025-12-13 17:37:15,758 prefix: おせ total 19 words: total 469 records
2025-12-13 17:37:21,052 prefix: おぜ total 15 words: total 163 records
2025-12-13 17:37:29,205 prefix: おそ total 23 words: total 528 records
2025-12-13 17:37:32,870 prefix: おぞ total 8 words: total 342 records
2025-12-13 17:37:57,700 prefix: おた total 81 words: total 1528 records
2025-12-13 17:38:44,414 prefix: おだ total 152 words: total 3130 records
2025-12-13 17:39:05,206 prefix: おち total 66 words: total 870 records
2025-12-13 17:39:08,024 prefix: おぢ total 5 words: total 237 records
2025-12-13 17:39:33,720 prefix: おっ total 78 words: total 2430 records
2025-12-13 17:39:39,682 prefix: おつ total 16 words: total 159 records
2025-12-13 17:39:42,160 prefix: おづ total 4 words: total 65 records
2025-12-13 17:39:49,644 prefix: おて total 21 words: total 323 records
2025-12-13 17:39:58,176 prefix: おで total 24 words: total 476 records
2025-12-13 17:41:07,081 prefix: おと total 213 words: total 3795 records
2025-12-13 17:41:17,175 prefix: おど total 29 words: total 553 records
2025-12-13 17:41:35,873 prefix: おな total 55 words: total 1765 records
2025-12-13 17:42:07,413 prefix: おに total 91 words: total 2211 records
2025-12-13 17:42:10,129 prefix: おぬ total 5 words: total 73 records
2025-12-13 17:42:16,711 prefix: おね total 18 words: total 336 records
2025-12-13 17:43:16,892 prefix: おの total 190 words: total 4858 records
2025-12-13 17:43:40,086 prefix: おは total 70 words: total 1052 records
2025-12-13 17:44:04,123 prefix: おば total 70 words: total 1892 records
2025-12-13 17:44:06,053 prefix: おぱ total 2 words: total 70 records
2025-12-13 17:44:12,156 prefix: おひ total 17 words: total 185 records
2025-12-13 17:44:22,462 prefix: おび total 30 words: total 589 records
2025-12-13 17:44:24,583 prefix: おぴ total 3 words: total 40 records
2025-12-13 17:44:51,033 prefix: おふ total 77 words: total 1394 records
2025-12-13 17:45:00,921 prefix: おぶ total 28 words: total 570 records
2025-12-13 17:45:07,769 prefix: おぷ total 16 words: total 324 records
2025-12-13 17:45:09,317 prefix: おへ total 1 words: total 0 records
2025-12-13 17:45:13,982 prefix: おべ total 11 words: total 196 records
2025-12-13 17:45:20,533 prefix: おぺ total 18 words: total 161 records
2025-12-13 17:45:24,588 prefix: おほ total 9 words: total 189 records
2025-12-13 17:45:31,681 prefix: おぼ total 18 words: total 448 records
2025-12-13 17:45:34,188 prefix: おぽ total 4 words: total 123 records
2025-12-13 17:45:56,152 prefix: おま total 66 words: total 867 records
2025-12-13 17:46:08,220 prefix: おみ total 30 words: total 766 records
2025-12-13 17:46:17,607 prefix: おむ total 26 words: total 354 records
2025-12-13 17:46:25,778 prefix: おめ total 23 words: total 242 records
2025-12-13 17:46:58,729 prefix: おも total 100 words: total 1592 records
2025-12-13 17:47:34,852 prefix: おや total 107 words: total 2574 records
2025-12-13 17:47:37,634 prefix: おゆ total 5 words: total 111 records
2025-12-13 17:47:41,062 prefix: およ total 7 words: total 121 records
2025-12-13 17:48:04,632 prefix: おら total 67 words: total 1611 records
2025-12-13 17:49:08,694 prefix: おり total 202 words: total 3104 records
2025-12-13 17:49:30,858 prefix: おる total 67 words: total 1048 records
2025-12-13 17:50:24,005 prefix: おれ total 168 words: total 1483 records
2025-12-13 17:50:33,318 prefix: おろ total 27 words: total 607 records
2025-12-13 17:50:48,957 prefix: おわ total 48 words: total 920 records
2025-12-13 17:51:14,244 prefix: おっ total 78 words: total 2430 records
2025-12-13 17:51:15,494 group: お written 172231 records to CSV
2025-12-13 17:51:16,962 prefix: かあ total 4 words: total 204 records
2025-12-13 17:54:43,676 prefix: かい total 654 words: total 18037 records
2025-12-13 17:54:57,211 prefix: かう total 39 words: total 1325 records
2025-12-13 17:55:18,401 prefix: かえ total 66 words: total 840 records
2025-12-13 17:55:36,344 prefix: かお total 56 words: total 927 records
2025-12-13 17:55:48,748 prefix: かか total 35 words: total 1447 records
2025-12-13 17:56:48,030 prefix: かが total 180 words: total 6392 records
2025-12-13 17:57:17,708 prefix: かき total 90 words: total 2729 records
2025-12-13 17:57:24,218 prefix: かぎ total 17 words: total 705 records
2025-12-13 17:58:39,293 prefix: かく total 235 words: total 7450 records
2025-12-13 17:58:48,535 prefix: かぐ total 26 words: total 921 records
2025-12-13 17:59:04,004 prefix: かけ total 48 words: total 657 records
2025-12-13 17:59:23,041 prefix: かげ total 63 words: total 684 records
2025-12-13 17:59:41,750 prefix: かこ total 58 words: total 1349 records
2025-12-13 17:59:50,507 prefix: かご total 26 words: total 394 records
2025-12-13 18:00:29,919 prefix: かさ total 110 words: total 3984 records
2025-12-13 18:00:56,227 prefix: かざ total 73 words: total 3661 records
2025-12-13 18:01:47,323 prefix: かし total 155 words: total 4870 records
2025-12-13 18:02:26,393 prefix: かじ total 120 words: total 4018 records
2025-12-13 18:03:11,005 prefix: かす total 140 words: total 4203 records
2025-12-13 18:03:28,207 prefix: かず total 51 words: total 1473 records
2025-12-13 18:03:50,184 prefix: かせ total 70 words: total 1186 records
2025-12-13 18:04:12,092 prefix: かぜ total 73 words: total 747 records
2025-12-13 18:04:22,878 prefix: かそ total 30 words: total 760 records
2025-12-13 18:04:30,437 prefix: かぞ total 23 words: total 339 records
2025-12-13 18:05:51,162 prefix: かた total 254 words: total 6927 records
2025-12-13 18:05:54,016 prefix: かだ total 5 words: total 153 records
2025-12-13 18:06:11,218 prefix: かち total 46 words: total 1349 records
2025-12-13 18:06:13,469 prefix: かぢ total 3 words: total 142 records
2025-12-13 18:06:56,450 prefix: かっ total 127 words: total 4272 records
2025-12-13 18:08:16,149 prefix: かつ total 234 words: total 6885 records
2025-12-13 18:08:18,321 prefix: かづ total 3 words: total 51 records
2025-12-13 18:08:37,333 prefix: かて total 55 words: total 1021 records
2025-12-13 18:08:45,712 prefix: かで total 16 words: total 231 records
2025-12-13 18:10:45,632 prefix: かと total 343 words: total 11087 records
2025-12-13 18:11:03,761 prefix: かど total 52 words: total 812 records
2025-12-13 18:12:16,676 prefix: かな total 222 words: total 6968 records
2025-12-13 18:12:30,067 prefix: かに total 38 words: total 1466 records
2025-12-13 18:12:32,439 prefix: かぬ total 4 words: total 73 records
2025-12-13 18:13:57,847 prefix: かね total 180 words: total 1738 records
2025-12-13 18:14:30,062 prefix: かの total 99 words: total 3171 records
2025-12-13 18:14:34,501 prefix: かは total 11 words: total 343 records
2025-12-13 18:14:47,105 prefix: かば total 34 words: total 1515 records
2025-12-13 18:14:48,688 prefix: かぱ total 1 words: total 39 records
2025-12-13 18:14:50,554 prefix: かひ total 2 words: total 92 records
2025-12-13 18:14:55,067 prefix: かび total 11 words: total 440 records
2025-12-13 18:14:58,187 prefix: かぴ total 6 words: total 365 records
2025-12-13 18:15:08,319 prefix: かふ total 27 words: total 510 records
2025-12-13 18:15:31,342 prefix: かぶ total 71 words: total 1812 records
2025-12-13 18:15:38,837 prefix: かぷ total 22 words: total 466 records
2025-12-13 18:15:43,860 prefix: かへ total 13 words: total 233 records
2025-12-13 18:15:48,449 prefix: かべ total 12 words: total 103 records
2025-12-13 18:15:50,861 prefix: かぺ total 4 words: total 110 records
2025-12-13 18:15:58,479 prefix: かほ total 21 words: total 511 records
2025-12-13 18:16:02,557 prefix: かぼ total 9 words: total 142 records
2025-12-13 18:16:05,245 prefix: かぽ total 5 words: total 155 records
2025-12-13 18:16:43,033 prefix: かま total 114 words: total 4535 records
2025-12-13 18:19:08,394 prefix: かみ total 443 words: total 10917 records
2025-12-13 18:19:22,445 prefix: かむ total 38 words: total 1429 records
2025-12-13 18:20:31,266 prefix: かめ total 216 words: total 2548 records
2025-12-13 18:20:55,780 prefix: かも total 75 words: total 1522 records
2025-12-13 18:21:12,144 prefix: かや total 42 words: total 1811 records
2025-12-13 18:21:14,043 prefix: かゆ total 2 words: total 87 records
2025-12-13 18:21:21,013 prefix: かよ total 19 words: total 331 records
2025-12-13 18:22:42,154 prefix: から total 237 words: total 6927 records
2025-12-13 18:23:26,755 prefix: かり total 136 words: total 4120 records
2025-12-13 18:24:25,815 prefix: かる total 185 words: total 4031 records
2025-12-13 18:24:57,767 prefix: かれ total 103 words: total 1695 records
2025-12-13 18:25:13,892 prefix: かろ total 46 words: total 733 records
2025-12-13 18:30:05,207 prefix: かわ total 916 words: total 24509 records
2025-12-13 18:30:46,442 prefix: かっ total 127 words: total 4272 records
2025-12-13 18:30:47,719 group: か written 191951 records to CSV
2025-12-13 18:30:48,271 prefix: があ total 1 words: total 39 records
2025-12-13 18:31:33,091 prefix: がい total 142 words: total 4506 records
2025-12-13 18:31:36,808 prefix: がう total 9 words: total 196 records
2025-12-13 18:31:40,406 prefix: がえ total 9 words: total 42 records
2025-12-13 18:31:42,549 prefix: がお total 3 words: total 90 records
2025-12-13 18:31:44,403 prefix: がか total 2 words: total 106 records
2025-12-13 18:31:47,647 prefix: がが total 7 words: total 168 records
2025-12-13 18:31:51,252 prefix: がき total 8 words: total 354 records
2025-12-13 18:31:52,519 prefix: がぎ total 0 words: total 0 records
2025-12-13 18:32:28,449 prefix: がく total 118 words: total 2151 records
2025-12-13 18:32:29,708 prefix: がぐ total 0 words: total 0 records
2025-12-13 18:32:32,523 prefix: がけ total 6 words: total 30 records
2025-12-13 18:32:33,789 prefix: がげ total 0 words: total 0 records
2025-12-13 18:32:35,669 prefix: がこ total 2 words: total 109 records
2025-12-13 18:32:37,191 prefix: がご total 1 words: total 10 records
2025-12-13 18:32:38,448 prefix: がさ total 0 words: total 0 records
2025-12-13 18:32:42,282 prefix: がざ total 9 words: total 268 records
2025-12-13 18:32:44,750 prefix: がし total 4 words: total 192 records
2025-12-13 18:32:47,166 prefix: がじ total 4 words: total 164 records
2025-12-13 18:33:00,357 prefix: がす total 39 words: total 1503 records
2025-12-13 18:33:02,831 prefix: がず total 3 words: total 84 records
2025-12-13 18:33:04,093 prefix: がせ total 0 words: total 0 records
2025-12-13 18:33:05,969 prefix: がぜ total 2 words: total 45 records
2025-12-13 18:33:11,987 prefix: がそ total 15 words: total 325 records
2025-12-13 18:33:15,312 prefix: がぞ total 7 words: total 219 records
2025-12-13 18:33:17,815 prefix: がた total 4 words: total 201 records
2025-12-13 18:33:19,609 prefix: がだ total 2 words: total 16 records
2025-12-13 18:33:27,629 prefix: がち total 23 words: total 916 records
2025-12-13 18:33:28,899 prefix: がぢ total 0 words: total 0 records
2025-12-13 18:34:37,062 prefix: がっ total 115 words: total 4163 records
2025-12-13 18:34:38,589 prefix: がつ total 1 words: total 0 records
2025-12-13 18:34:39,849 prefix: がづ total 0 words: total 0 records
2025-12-13 18:34:41,115 prefix: がて total 0 words: total 0 records
2025-12-13 18:34:42,660 prefix: がで total 1 words: total 14 records
2025-12-13 18:34:46,196 prefix: がと total 8 words: total 184 records
2025-12-13 18:34:47,736 prefix: がど total 1 words: total 5 records
2025-12-13 18:34:50,316 prefix: がな total 4 words: total 283 records
2025-12-13 18:34:52,433 prefix: がに total 3 words: total 36 records
2025-12-13 18:34:53,701 prefix: がぬ total 0 words: total 0 records
2025-12-13 18:34:55,932 prefix: がね total 2 words: total 6 records
2025-12-13 18:34:57,763 prefix: がの total 2 words: total 54 records
2025-12-13 18:34:59,031 prefix: がは total 0 words: total 0 records
2025-12-13 18:35:02,538 prefix: がば total 5 words: total 326 records
2025-12-13 18:35:03,832 prefix: がぱ total 0 words: total 0 records
2025-12-13 18:35:05,093 prefix: がひ total 0 words: total 0 records
2025-12-13 18:35:06,621 prefix: がび total 1 words: total 5 records
2025-12-13 18:35:07,898 prefix: がぴ total 0 words: total 0 records
2025-12-13 18:35:09,458 prefix: がふ total 1 words: total 21 records
2025-12-13 18:35:16,966 prefix: がぶ total 23 words: total 214 records
2025-12-13 18:35:18,224 prefix: がぷ total 0 words: total 0 records
2025-12-13 18:35:19,504 prefix: がへ total 0 words: total 0 records
2025-12-13 18:35:21,340 prefix: がべ total 2 words: total 60 records
2025-12-13 18:35:22,615 prefix: がぺ total 0 words: total 0 records
2025-12-13 18:35:23,874 prefix: がほ total 0 words: total 0 records
2025-12-13 18:35:25,970 prefix: がぼ total 3 words: total 60 records
2025-12-13 18:35:27,238 prefix: がぽ total 0 words: total 0 records
2025-12-13 18:35:31,018 prefix: がま total 9 words: total 155 records
2025-12-13 18:35:32,902 prefix: がみ total 2 words: total 59 records
2025-12-13 18:35:36,126 prefix: がむ total 7 words: total 156 records
2025-12-13 18:35:38,500 prefix: がめ total 4 words: total 45 records
2025-12-13 18:35:42,981 prefix: がも total 11 words: total 341 records
2025-12-13 18:35:44,246 prefix: がや total 0 words: total 0 records
2025-12-13 18:35:45,514 prefix: がゆ total 0 words: total 0 records
2025-12-13 18:35:47,081 prefix: がよ total 1 words: total 40 records
2025-12-13 18:36:09,612 prefix: がら total 68 words: total 1826 records
2025-12-13 18:36:22,615 prefix: がり total 38 words: total 1297 records
2025-12-13 18:36:29,199 prefix: がる total 18 words: total 679 records
2025-12-13 18:36:34,248 prefix: がれ total 14 words: total 139 records
2025-12-13 18:36:37,277 prefix: がろ total 6 words: total 250 records
2025-12-13 18:36:39,100 prefix: がわ total 2 words: total 23 records
2025-12-13 18:37:48,078 prefix: がっ total 115 words: total 4163 records
2025-12-13 18:37:49,155 group: が written 26338 records to CSV
2025-12-13 18:37:55,258 prefix: きあ total 21 words: total 358 records
2025-12-13 18:38:06,210 prefix: きい total 30 words: total 845 records
2025-12-13 18:38:12,015 prefix: きう total 17 words: total 141 records
2025-12-13 18:38:17,890 prefix: きえ total 17 words: total 160 records
2025-12-13 18:38:25,027 prefix: きお total 21 words: total 470 records
2025-12-13 18:38:48,692 prefix: きか total 75 words: total 1874 records
2025-12-13 18:38:53,291 prefix: きが total 12 words: total 297 records
2025-12-13 18:39:03,344 prefix: きき total 28 words: total 560 records
2025-12-13 18:39:13,152 prefix: きぎ total 29 words: total 723 records
2025-12-13 18:39:50,867 prefix: きく total 126 words: total 1755 records
2025-12-13 18:39:53,470 prefix: きぐ total 5 words: total 43 records
2025-12-13 18:40:03,845 prefix: きけ total 26 words: total 344 records
2025-12-13 18:40:14,212 prefix: きげ total 30 words: total 87 records
2025-12-13 18:40:28,483 prefix: きこ total 34 words: total 1184 records
2025-12-13 18:40:31,190 prefix: きご total 4 words: total 120 records
2025-12-13 18:40:44,023 prefix: きさ total 33 words: total 691 records
2025-12-13 18:40:51,424 prefix: きざ total 18 words: total 229 records
2025-12-13 18:42:29,690 prefix: きし total 226 words: total 4498 records
2025-12-13 18:42:45,449 prefix: きじ total 37 words: total 844 records
2025-12-13 18:42:59,810 prefix: きす total 35 words: total 462 records
2025-12-13 18:43:09,107 prefix: きず total 21 words: total 290 records
2025-12-13 18:43:32,436 prefix: きせ total 61 words: total 605 records
2025-12-13 18:43:34,078 prefix: きぜ total 1 words: total 4 records
2025-12-13 18:43:49,683 prefix: きそ total 36 words: total 1024 records
2025-12-13 18:43:53,137 prefix: きぞ total 4 words: total 27 records
2025-12-13 19:04:03,578 Retrying (Retry(total=4, connect=None, read=None, redirect=None, status=None)) after connection broken by 'RemoteDisconnected('Remote end closed connection without response')': /words/100742
2025-12-13 19:19:57,585 Retrying (Retry(total=4, connect=None, read=None, redirect=None, status=None)) after connection broken by 'RemoteDisconnected('Remote end closed connection without response')': /words/4832386
2025-12-13 19:35:40,586 Retrying (Retry(total=4, connect=None, read=None, redirect=None, status=None)) after connection broken by 'RemoteDisconnected('Remote end closed connection without response')': /words/5895448
2025-12-13 19:45:40,891 Retrying (Retry(total=4, connect=None, read=None, redirect=None, status=None)) after connection broken by 'ReadTimeoutError("HTTPSConnectionPool(host='in-note.com', port=443): Read timed out. (read timeout=30)")': /words/322986
2025-12-13 19:53:04,372 Retrying (Retry(total=4, connect=None, read=None, redirect=None, status=None)) after connection broken by 'ReadTimeoutError("HTTPSConnectionPool(host='in-note.com', port=443): Read timed out. (read timeout=30)")': /words/100257
2025-12-13 19:53:15,933 prefix: きた total 658 words: total 10037 records
2025-12-13 20:10:51,562 Retrying (Retry(total=4, connect=None, read=None, redirect=None, status=None)) after connection broken by 'RemoteDisconnected('Remote end closed connection without response')': /words/256669
2025-12-13 20:10:53,004 prefix: きだ total 18 words: total 532 records
2025-12-13 20:21:53,433 Retrying (Retry(total=4, connect=None, read=None, redirect=None, status=None)) after connection broken by 'RemoteDisconnected('Remote end closed connection without response')': /words/6259777
2025-12-13 20:21:58,744 prefix: きち total 24 words: total 520 records
2025-12-13 20:22:00,011 prefix: きぢ total 0 words: total 0 records
2025-12-13 20:22:37,321 prefix: きっ total 115 words: total 3474 records
2025-12-13 20:23:30,023 prefix: きつ total 35 words: total 562 records
2025-12-13 20:23:35,153 prefix: きづ total 14 words: total 186 records
2025-12-13 20:23:39,763 prefix: きて total 11 words: total 127 records
2025-12-13 20:23:42,247 prefix: きで total 4 words: total 158 records
2025-12-13 20:23:48,224 prefix: きと total 16 words: total 629 records
2025-12-13 20:30:14,145 Retrying (Retry(total=4, connect=None, read=None, redirect=None, status=None)) after connection broken by 'ReadTimeoutError("HTTPSConnectionPool(host='in-note.com', port=443): Read timed out. (read timeout=30)")': /words/220274
2025-12-13 20:30:16,713 prefix: きど total 42 words: total 1243 records
2025-12-13 20:30:24,700 prefix: きな total 23 words: total 600 records
2025-12-13 20:30:28,276 prefix: きに total 8 words: total 69 records
2025-12-13 20:48:25,628 Retrying (Retry(total=4, connect=None, read=None, redirect=None, status=None)) after connection broken by 'RemoteDisconnected('Remote end closed connection without response')': /words/5834682
2025-12-13 20:54:05,254 Retrying (Retry(total=4, connect=None, read=None, redirect=None, status=None)) after connection broken by 'ReadTimeoutError("HTTPSConnectionPool(host='in-note.com', port=443): Read timed out. (read timeout=30)")': /words/310097
2025-12-13 20:54:09,898 prefix: きぬ total 28 words: total 330 records
2025-12-13 20:54:21,267 prefix: きね total 30 words: total 429 records
2025-12-13 21:10:02,870 Retrying (Retry(total=4, connect=None, read=None, redirect=None, status=None)) after connection broken by 'RemoteDisconnected('Remote end closed connection without response')': /words?page=4&q=%E3%81%8D%E3%81%AE
2025-12-13 21:14:21,791 Retrying (Retry(total=4, connect=None, read=None, redirect=None, status=None)) after connection broken by 'ReadTimeoutError("HTTPSConnectionPool(host='in-note.com', port=443): Read timed out. (read timeout=30)")': /words/301054
2025-12-13 21:14:22,492 prefix: きの total 146 words: total 1911 records
2025-12-13 21:14:31,299 prefix: きは total 24 words: total 613 records
2025-12-13 21:14:38,159 prefix: きば total 17 words: total 389 records
2025-12-13 21:16:10,205 prefix: きぱ total 0 words: total 0 records
2025-12-13 21:16:12,112 prefix: きひ total 2 words: total 51 records
2025-12-13 21:16:16,644 prefix: きび total 11 words: total 178 records
2025-12-13 21:16:18,224 prefix: きぴ total 1 words: total 0 records
2025-12-13 21:16:21,218 prefix: きふ total 6 words: total 40 records
2025-12-13 21:16:27,527 prefix: きぶ total 16 words: total 524 records
2025-12-13 21:16:30,610 prefix: きぷ total 6 words: total 42 records
2025-12-13 21:16:32,737 prefix: きへ total 2 words: total 88 records
2025-12-13 21:16:35,463 prefix: きべ total 5 words: total 39 records
2025-12-13 21:16:36,750 prefix: きぺ total 0 words: total 0 records
2025-12-13 21:16:42,254 prefix: きほ total 13 words: total 471 records
2025-12-13 21:16:50,474 prefix: きぼ total 22 words: total 570 records
2025-12-13 21:16:51,756 prefix: きぽ total 0 words: total 0 records
2025-12-13 21:17:42,155 prefix: きま total 21 words: total 352 records
2025-12-13 21:18:59,028 prefix: きみ total 157 words: total 1676 records
2025-12-13 21:20:38,474 prefix: きむ total 294 words: total 8391 records
2025-12-13 21:20:43,023 prefix: きめ total 11 words: total 79 records
2025-12-13 21:20:55,321 prefix: きも total 35 words: total 484 records
2025-12-13 21:21:01,752 prefix: きや total 15 words: total 451 records
2025-12-13 21:21:04,031 prefix: きゆ total 3 words: total 101 records
2025-12-13 21:21:32,933 prefix: きよ total 89 words: total 1231 records
2025-12-13 21:22:04,396 prefix: きら total 91 words: total 1770 records
2025-12-13 21:22:59,299 prefix: きり total 172 words: total 2306 records
2025-12-13 21:23:08,862 prefix: きる total 27 words: total 451 records
2025-12-13 21:23:16,682 prefix: きれ total 21 words: total 246 records
2025-12-13 21:23:20,944 prefix: きろ total 10 words: total 262 records
2025-12-13 21:23:25,039 prefix: きわ total 10 words: total 287 records
2025-12-13 21:24:01,936 prefix: きっ total 115 words: total 3474 records
2025-12-13 21:24:03,042 group: き written 63008 records to CSV
2025-12-13 21:24:05,859 prefix: ぎあ total 8 words: total 298 records
2025-12-13 21:24:12,223 prefix: ぎい total 16 words: total 645 records
2025-12-13 21:24:13,506 prefix: ぎう total 0 words: total 0 records
2025-12-13 21:24:15,378 prefix: ぎえ total 2 words: total 52 records
2025-12-13 21:24:19,761 prefix: ぎお total 9 words: total 423 records
2025-12-13 21:24:21,582 prefix: ぎか total 2 words: total 52 records
2025-12-13 21:24:27,742 prefix: ぎが total 17 words: total 348 records
2025-12-13 21:24:29,323 prefix: ぎき total 1 words: total 87 records
2025-12-13 21:24:30,846 prefix: ぎぎ total 1 words: total 22 records
2025-12-13 21:24:32,103 prefix: ぎく total 0 words: total 0 records
2025-12-13 21:24:33,648 prefix: ぎぐ total 1 words: total 33 records
2025-12-13 21:24:35,452 prefix: ぎけ total 2 words: total 18 records
2025-12-13 21:24:37,001 prefix: ぎげ total 1 words: total 0 records
2025-12-13 21:24:38,533 prefix: ぎこ total 1 words: total 22 records
2025-12-13 21:24:40,069 prefix: ぎご total 1 words: total 22 records
2025-12-13 21:24:41,327 prefix: ぎさ total 0 words: total 0 records
2025-12-13 21:24:42,886 prefix: ぎざ total 1 words: total 3 records
2025-12-13 21:24:45,824 prefix: ぎし total 6 words: total 133 records
2025-12-13 21:24:51,964 prefix: ぎじ total 17 words: total 356 records
2025-12-13 21:24:53,221 prefix: ぎす total 0 words: total 0 records
2025-12-13 21:24:54,805 prefix: ぎず total 1 words: total 70 records
2025-12-13 21:24:56,854 prefix: ぎせ total 3 words: total 39 records
2025-12-13 21:24:58,394 prefix: ぎぜ total 1 words: total 16 records
2025-12-13 21:25:02,151 prefix: ぎそ total 7 words: total 185 records
2025-12-13 21:25:04,524 prefix: ぎぞ total 3 words: total 106 records
2025-12-13 21:25:09,267 prefix: ぎた total 11 words: total 269 records
2025-12-13 21:25:11,402 prefix: ぎだ total 2 words: total 24 records
2025-12-13 21:25:12,659 prefix: ぎち total 0 words: total 0 records
2025-12-13 21:25:13,920 prefix: ぎぢ total 0 words: total 0 records
2025-12-13 21:25:15,759 prefix: ぎっ total 2 words: total 74 records
2025-12-13 21:25:17,296 prefix: ぎつ total 1 words: total 10 records
2025-12-13 21:25:18,573 prefix: ぎづ total 0 words: total 0 records
2025-12-13 21:25:20,169 prefix: ぎて total 1 words: total 72 records
2025-12-13 21:25:21,428 prefix: ぎで total 0 words: total 0 records
2025-12-13 21:25:23,012 prefix: ぎと total 1 words: total 9 records
2025-12-13 21:25:24,556 prefix: ぎど total 1 words: total 0 records
2025-12-13 21:25:26,721 prefix: ぎな total 3 words: total 126 records
2025-12-13 21:25:28,830 prefix: ぎに total 3 words: total 55 records
2025-12-13 21:25:30,107 prefix: ぎぬ total 0 words: total 0 records
2025-12-13 21:25:31,638 prefix: ぎね total 1 words: total 5 records
2025-12-13 21:25:34,356 prefix: ぎの total 5 words: total 128 records
2025-12-13 21:25:35,616 prefix: ぎは total 0 words: total 0 records
2025-12-13 21:25:37,142 prefix: ぎば total 1 words: total 24 records
2025-12-13 21:25:38,399 prefix: ぎぱ total 0 words: total 0 records
2025-12-13 21:25:39,985 prefix: ぎひ total 1 words: total 39 records
2025-12-13 21:25:42,080 prefix: ぎび total 3 words: total 60 records
2025-12-13 21:25:43,341 prefix: ぎぴ total 0 words: total 0 records
2025-12-13 21:25:59,814 prefix: ぎふ total 51 words: total 971 records
2025-12-13 21:26:04,719 prefix: ぎぶ total 10 words: total 164 records
2025-12-13 21:26:06,035 prefix: ぎぷ total 0 words: total 0 records
2025-12-13 21:26:07,294 prefix: ぎへ total 0 words: total 0 records
2025-12-13 21:26:08,805 prefix: ぎべ total 1 words: total 2 records
2025-12-13 21:26:10,099 prefix: ぎぺ total 0 words: total 0 records
2025-12-13 21:26:11,359 prefix: ぎほ total 0 words: total 0 records
2025-12-13 21:26:13,261 prefix: ぎぼ total 2 words: total 121 records
2025-12-13 21:26:14,822 prefix: ぎぽ total 1 words: total 32 records
2025-12-13 21:26:16,640 prefix: ぎま total 2 words: total 40 records
2025-12-13 21:26:18,718 prefix: ぎみ total 3 words: total 44 records
2025-12-13 21:26:22,446 prefix: ぎむ total 9 words: total 170 records
2025-12-13 21:26:23,978 prefix: ぎめ total 1 words: total 6 records
2025-12-13 21:26:26,309 prefix: ぎも total 3 words: total 129 records
2025-12-13 21:26:28,353 prefix: ぎや total 3 words: total 20 records
2025-12-13 21:26:30,186 prefix: ぎゆ total 2 words: total 16 records
2025-12-13 21:26:32,718 prefix: ぎよ total 5 words: total 13 records
2025-12-13 21:26:36,156 prefix: ぎら total 8 words: total 150 records
2025-12-13 21:26:46,032 prefix: ぎり total 31 words: total 385 records
2025-12-13 21:26:55,641 prefix: ぎる total 28 words: total 429 records
2025-12-13 21:26:57,716 prefix: ぎれ total 3 words: total 35 records
2025-12-13 21:26:59,798 prefix: ぎろ total 3 words: total 100 records
2025-12-13 21:27:02,615 prefix: ぎわ total 4 words: total 37 records
2025-12-13 21:27:04,465 prefix: ぎっ total 2 words: total 74 records
2025-12-13 21:27:05,505 group: ぎ written 6763 records to CSV
2025-12-13 21:27:11,471 prefix: くあ total 21 words: total 371 records
2025-12-13 21:27:36,316 prefix: くい total 78 words: total 1010 records
2025-12-13 21:28:10,296 prefix: くう total 105 words: total 2652 records
2025-12-13 21:28:15,147 prefix: くえ total 13 words: total 214 records
2025-12-13 21:28:20,012 prefix: くお total 13 words: total 262 records
2025-12-13 21:28:22,666 prefix: くか total 5 words: total 132 records
2025-12-13 21:28:27,070 prefix: くが total 10 words: total 256 records
2025-12-13 21:28:32,338 prefix: くき total 14 words: total 402 records
2025-12-13 21:28:35,281 prefix: くぎ total 6 words: total 160 records
2025-12-13 21:28:38,359 prefix: くく total 7 words: total 62 records
2025-12-13 21:28:39,621 prefix: くぐ total 0 words: total 0 records
2025-12-13 21:28:41,175 prefix: くけ total 1 words: total 18 records
2025-12-13 21:28:42,974 prefix: くげ total 2 words: total 13 records
2025-12-13 21:28:44,235 prefix: くこ total 0 words: total 0 records
2025-12-13 21:28:45,495 prefix: くご total 0 words: total 0 records
2025-12-13 21:29:29,952 prefix: くさ total 146 words: total 2118 records
2025-12-13 21:29:31,810 prefix: くざ total 2 words: total 81 records
2025-12-13 21:29:51,129 prefix: くし total 59 words: total 1038 records
2025-12-13 21:30:09,979 prefix: くじ total 47 words: total 951 records
2025-12-13 21:30:28,494 prefix: くす total 55 words: total 362 records
2025-12-13 21:30:37,542 prefix: くず total 26 words: total 240 records
2025-12-13 21:30:41,183 prefix: くせ total 6 words: total 91 records
2025-12-13 21:30:43,605 prefix: くぜ total 4 words: total 36 records
2025-12-13 21:31:00,354 prefix: くそ total 49 words: total 893 records
2025-12-13 21:31:01,768 prefix: くぞ total 0 words: total 0 records
2025-12-13 21:31:04,236 prefix: くた total 3 words: total 122 records
2025-12-13 21:31:14,693 prefix: くだ total 30 words: total 637 records
2025-12-13 21:31:17,446 prefix: ああ total 17 words: total 679 records
2025-12-13 21:31:30,331 prefix: くち total 48 words: total 586 records
2025-12-13 21:31:32,813 prefix: くぢ total 1 words: total 30 records
2025-12-13 21:31:47,067 prefix: くっ total 45 words: total 1066 records
2025-12-13 21:31:54,738 prefix: くつ total 22 words: total 331 records
2025-12-13 21:31:56,019 prefix: くづ total 0 words: total 0 records
2025-12-13 21:31:57,280 prefix: くて total 0 words: total 0 records
2025-12-13 21:31:58,807 prefix: くで total 1 words: total 17 records
2025-12-13 21:32:01,360 prefix: くと total 4 words: total 119 records
2025-12-13 21:32:24,479 prefix: くど total 72 words: total 1558 records
2025-12-13 21:32:28,969 prefix: くな total 11 words: total 387 records
2025-12-13 21:33:05,719 prefix: くに total 116 words: total 1319 records
2025-12-13 21:33:07,505 prefix: くぬ total 2 words: total 12 records
2025-12-13 21:33:09,610 prefix: くね total 3 words: total 40 records
2025-12-13 21:33:18,378 prefix: くの total 26 words: total 602 records
2025-12-13 21:33:20,169 prefix: くは total 2 words: total 19 records
2025-12-13 21:33:22,026 prefix: くば total 2 words: total 42 records
2025-12-13 21:33:23,581 prefix: くぱ total 1 words: total 22 records
2025-12-13 21:33:25,152 prefix: くひ total 1 words: total 13 records
2025-12-13 21:33:34,487 prefix: くび total 27 words: total 227 records
2025-12-13 21:33:36,831 prefix: くぴ total 4 words: total 74 records
2025-12-13 21:33:38,896 prefix: くふ total 3 words: total 31 records
2025-12-13 21:33:41,859 prefix: くぶ total 6 words: total 77 records
2025-12-13 21:33:43,379 prefix: くぷ total 1 words: total 7 records
2025-12-13 21:33:44,657 prefix: くへ total 0 words: total 0 records
2025-12-13 21:33:46,489 prefix: くべ total 2 words: total 13 records
2025-12-13 21:33:47,746 prefix: くぺ total 0 words: total 0 records
2025-12-13 21:33:52,045 prefix: くほ total 11 words: total 171 records
2025-12-13 21:34:33,346 prefix: くぼ total 139 words: total 2047 records
2025-12-13 21:34:34,601 prefix: くぽ total 0 words: total 0 records
2025-12-13 21:35:26,809 prefix: くま total 171 words: total 1804 records
2025-12-13 21:35:33,111 prefix: くみ total 18 words: total 356 records
2025-12-13 21:35:35,941 prefix: くむ total 6 words: total 98 records
2025-12-13 21:35:43,680 prefix: くめ total 23 words: total 240 records
2025-12-13 21:35:52,417 prefix: くも total 26 words: total 322 records
2025-12-13 21:35:55,033 prefix: くや total 5 words: total 120 records
2025-12-13 21:35:56,567 prefix: くゆ total 1 words: total 8 records
2025-12-13 21:35:58,085 prefix: くよ total 1 words: total 1 records
2025-12-13 21:36:21,573 prefix: あい total 978 words: total 26665 records
2025-12-13 21:36:55,182 prefix: あう total 101 words: total 2531 records
2025-12-13 21:37:04,559 prefix: あえ total 25 words: total 283 records
2025-12-13 21:37:55,439 prefix: くら total 393 words: total 4800 records
2025-12-13 21:39:19,059 prefix: あお total 425 words: total 6561 records
2025-12-13 21:40:27,579 prefix: くり total 508 words: total 6041 records
2025-12-13 21:41:08,445 prefix: くる total 138 words: total 1637 records
2025-12-13 21:41:57,203 prefix: くれ total 170 words: total 1508 records
2025-12-13 21:41:59,388 prefix: あか total 470 words: total 16267 records
2025-12-13 21:42:16,465 prefix: あが total 44 words: total 1639 records
2025-12-13 21:43:53,100 prefix: あき total 305 words: total 8210 records
2025-12-13 21:43:55,197 prefix: あぎ total 2 words: total 174 records
2025-12-13 21:44:03,912 prefix: くろ total 428 words: total 4926 records
2025-12-13 21:44:28,796 prefix: くわ total 79 words: total 1031 records
2025-12-13 21:44:43,310 prefix: くっ total 45 words: total 1066 records
2025-12-13 21:44:44,391 group: く written 44889 records to CSV
2025-12-13 21:44:50,264 prefix: ぐあ total 19 words: total 284 records
2025-12-13 21:44:52,907 prefix: ぐい total 5 words: total 54 records
2025-12-13 21:44:56,924 prefix: ぐう total 10 words: total 213 records
2025-12-13 21:45:04,896 prefix: ぐえ total 20 words: total 358 records
2025-12-13 21:45:06,423 prefix: ぐお total 1 words: total 6 records
2025-12-13 21:45:07,972 prefix: ぐか total 1 words: total 30 records
2025-12-13 21:45:09,237 prefix: ぐが total 0 words: total 0 records
2025-12-13 21:45:10,776 prefix: ぐき total 1 words: total 22 records
2025-12-13 21:45:12,044 prefix: ぐぎ total 0 words: total 0 records
2025-12-13 21:45:13,314 prefix: ぐく total 0 words: total 0 records
2025-12-13 21:45:15,701 prefix: ぐぐ total 3 words: total 51 records
2025-12-13 21:45:17,013 prefix: ぐけ total 0 words: total 0 records
2025-12-13 21:45:18,275 prefix: ぐげ total 0 words: total 0 records
2025-12-13 21:45:19,821 prefix: ぐこ total 1 words: total 4 records
2025-12-13 21:45:21,084 prefix: ぐご total 0 words: total 0 records
2025-12-13 21:45:22,374 prefix: ぐさ total 0 words: total 0 records
2025-12-13 21:45:23,928 prefix: ぐざ total 1 words: total 3 records
2025-12-13 21:45:28,003 prefix: ぐし total 10 words: total 188 records
2025-12-13 21:45:31,143 prefix: あく total 297 words: total 6209 records
2025-12-13 21:45:31,317 prefix: ぐじ total 7 words: total 91 records
2025-12-13 21:45:38,534 prefix: ぐす total 21 words: total 113 records
2025-12-13 21:45:40,346 prefix: ぐず total 2 words: total 20 records
2025-12-13 21:45:41,607 prefix: ぐせ total 0 words: total 0 records
2025-12-13 21:45:42,871 prefix: ぐぜ total 0 words: total 0 records
2025-12-13 21:45:44,437 prefix: ぐそ total 1 words: total 35 records
2025-12-13 21:45:45,722 prefix: ぐぞ total 0 words: total 0 records
2025-12-13 21:45:46,089 prefix: あぐ total 44 words: total 759 records
2025-12-13 21:45:47,853 prefix: ぐた total 3 words: total 51 records
2025-12-13 21:45:49,396 prefix: ぐだ total 1 words: total 24 records
2025-12-13 21:45:50,992 prefix: ぐち total 1 words: total 72 records
2025-12-13 21:45:52,250 prefix: ぐぢ total 0 words: total 0 records
2025-12-13 21:46:01,884 prefix: あけ total 47 words: total 505 records
2025-12-13 21:46:09,795 prefix: ぐっ total 54 words: total 817 records
2025-12-13 21:46:11,058 prefix: ぐつ total 0 words: total 0 records
2025-12-13 21:46:12,318 prefix: ぐづ total 0 words: total 0 records
2025-12-13 21:46:13,580 prefix: ぐて total 0 words: total 0 records
2025-12-13 21:46:14,839 prefix: ぐで total 0 words: total 0 records
2025-12-13 21:46:15,188 prefix: あげ total 37 words: total 453 records
2025-12-13 21:46:16,385 prefix: ぐと total 1 words: total 21 records
2025-12-13 21:46:17,920 prefix: ぐど total 1 words: total 36 records
2025-12-13 21:46:19,439 prefix: ぐな total 1 words: total 0 records
2025-12-13 21:46:20,760 prefix: ぐに total 0 words: total 0 records
2025-12-13 21:46:22,024 prefix: ぐぬ total 0 words: total 0 records
2025-12-13 21:46:23,316 prefix: ぐね total 0 words: total 0 records
2025-12-13 21:46:26,161 prefix: ぐの total 4 words: total 92 records
2025-12-13 21:46:27,422 prefix: ぐは total 0 words: total 0 records
2025-12-13 21:46:27,431 prefix: あこ total 35 words: total 879 records
2025-12-13 21:46:28,973 prefix: ぐば total 1 words: total 1 records
2025-12-13 21:46:30,230 prefix: ぐぱ total 0 words: total 0 records
2025-12-13 21:46:31,500 prefix: ぐひ total 0 words: total 0 records
2025-12-13 21:46:32,508 prefix: あご total 13 words: total 339 records
2025-12-13 21:46:32,761 prefix: ぐび total 0 words: total 0 records
2025-12-13 21:46:34,025 prefix: ぐぴ total 0 words: total 0 records
2025-12-13 21:46:35,542 prefix: ぐふ total 1 words: total 0 records
2025-12-13 21:46:36,882 prefix: ぐぶ total 0 words: total 0 records
2025-12-13 21:46:38,449 prefix: ぐぷ total 1 words: total 26 records
2025-12-13 21:46:39,705 prefix: ぐへ total 0 words: total 0 records
2025-12-13 21:46:40,965 prefix: ぐべ total 0 words: total 0 records
2025-12-13 21:46:42,226 prefix: ぐぺ total 0 words: total 0 records
2025-12-13 21:46:43,490 prefix: ぐほ total 0 words: total 0 records
2025-12-13 21:46:44,778 prefix: ぐぼ total 0 words: total 0 records
2025-12-13 21:46:46,046 prefix: ぐぽ total 0 words: total 0 records
2025-12-13 21:46:47,318 prefix: ぐま total 0 words: total 0 records
2025-12-13 21:46:49,399 prefix: ぐみ total 3 words: total 40 records
2025-12-13 21:46:50,936 prefix: ぐむ total 1 words: total 20 records
2025-12-13 21:46:52,198 prefix: ぐめ total 0 words: total 0 records
2025-12-13 21:46:53,453 prefix: ぐも total 0 words: total 0 records
2025-12-13 21:46:54,987 prefix: ぐや total 1 words: total 13 records
2025-12-13 21:46:56,248 prefix: ぐゆ total 0 words: total 0 records
2025-12-13 21:46:57,522 prefix: ぐよ total 0 words: total 0 records
2025-12-13 21:48:03,386 prefix: ぐら total 215 words: total 3337 records
2025-12-13 21:48:50,030 prefix: ぐり total 156 words: total 3216 records
2025-12-13 21:49:06,289 prefix: あさ total 474 words: total 16636 records
2025-12-13 21:49:13,274 prefix: ぐる total 77 words: total 920 records
2025-12-13 21:49:18,465 prefix: あざ total 35 words: total 1283 records
2025-12-13 21:50:06,964 prefix: ぐれ total 177 words: total 1613 records
2025-12-13 21:50:30,284 prefix: ぐろ total 75 words: total 1043 records
2025-12-13 21:50:32,127 prefix: ぐわ total 2 words: total 77 records
2025-12-13 21:50:46,748 prefix: あし total 282 words: total 7121 records
2025-12-13 21:50:48,971 prefix: ぐっ total 54 words: total 817 records
2025-12-13 21:50:50,003 group: ぐ written 13708 records to CSV
2025-12-13 21:50:51,876 prefix: けあ total 6 words: total 47 records
2025-12-13 21:51:20,159 prefix: あじ total 105 words: total 3177 records
2025-12-13 21:52:13,555 prefix: あす total 172 words: total 4795 records
2025-12-13 21:54:27,489 prefix: けい total 656 words: total 12914 records
2025-12-13 21:54:29,185 prefix: けう total 1 words: total 5 records
2025-12-13 21:54:30,607 prefix: けえ total 0 words: total 0 records
2025-12-13 21:54:32,339 prefix: けお total 1 words: total 17 records
2025-12-13 21:54:33,687 prefix: けか total 0 words: total 0 records
2025-12-13 21:54:37,678 prefix: けが total 6 words: total 64 records
2025-12-13 21:54:39,028 prefix: けき total 0 words: total 0 records
2025-12-13 21:54:40,357 prefix: けぎ total 0 words: total 0 records
2025-12-13 21:54:42,181 prefix: けく total 1 words: total 7 records
2025-12-13 21:54:43,510 prefix: けぐ total 0 words: total 0 records
2025-12-13 21:54:44,841 prefix: けけ total 0 words: total 0 records
2025-12-13 21:54:46,176 prefix: けげ total 0 words: total 0 records
2025-12-13 21:54:47,559 prefix: けこ total 0 words: total 0 records
2025-12-13 21:54:51,473 prefix: けご total 6 words: total 173 records
2025-12-13 21:54:54,579 prefix: けさ total 5 words: total 32 records
2025-12-13 21:54:55,904 prefix: けざ total 0 words: total 0 records
2025-12-13 21:55:06,658 prefix: けし total 22 words: total 330 records
2025-12-13 21:55:09,762 prefix: けじ total 4 words: total 106 records
2025-12-13 21:55:12,982 prefix: けす total 5 words: total 62 records
2025-12-13 21:55:14,754 prefix: けず total 1 words: total 34 records
2025-12-13 21:55:18,688 prefix: けせ total 7 words: total 54 records
2025-12-13 21:55:20,043 prefix: けぜ total 0 words: total 0 records
2025-12-13 21:55:22,644 prefix: けそ total 3 words: total 36 records
2025-12-13 21:55:23,968 prefix: けぞ total 0 words: total 0 records
2025-12-13 21:55:27,458 prefix: けた total 5 words: total 126 records
2025-12-13 21:55:29,813 prefix: けだ total 3 words: total 5 records
2025-12-13 21:55:34,620 prefix: けち total 9 words: total 156 records
2025-12-13 21:55:35,950 prefix: けぢ total 0 words: total 0 records
2025-12-13 21:56:17,446 prefix: けっ total 99 words: total 2571 records
2025-12-13 21:56:31,872 prefix: けつ total 41 words: total 475 records
2025-12-13 21:56:33,446 prefix: けづ total 1 words: total 0 records
2025-12-13 21:56:34,740 prefix: けて total 0 words: total 0 records
2025-12-13 21:56:36,025 prefix: けで total 0 words: total 0 records
2025-12-13 21:56:38,964 prefix: けと total 5 words: total 104 records
2025-12-13 21:56:40,571 prefix: けど total 1 words: total 51 records
2025-12-13 21:56:43,137 prefix: けな total 4 words: total 99 records
2025-12-13 21:56:48,530 prefix: けに total 13 words: total 279 records
2025-12-13 21:56:49,820 prefix: けぬ total 0 words: total 0 records
2025-12-13 21:56:57,366 prefix: けね total 21 words: total 80 records
2025-12-13 21:56:59,022 prefix: けの total 1 words: total 5 records
2025-12-13 21:57:00,657 prefix: けは total 1 words: total 12 records
2025-12-13 21:57:02,249 prefix: けば total 0 words: total 0 records
2025-12-13 21:57:03,836 prefix: けぱ total 1 words: total 2 records
2025-12-13 21:57:05,879 prefix: けひ total 2 words: total 16 records
2025-12-13 21:57:18,183 prefix: けび total 33 words: total 451 records
2025-12-13 21:57:19,472 prefix: けぴ total 0 words: total 0 records
2025-12-13 21:57:21,624 prefix: けふ total 3 words: total 16 records
2025-12-13 21:57:23,517 prefix: けぶ total 2 words: total 28 records
2025-12-13 21:57:25,679 prefix: けぷ total 3 words: total 48 records
2025-12-13 21:57:26,963 prefix: けへ total 0 words: total 0 records
2025-12-13 21:57:28,828 prefix: けべ total 2 words: total 13 records
2025-12-13 21:57:30,112 prefix: けぺ total 0 words: total 0 records
2025-12-13 21:57:31,393 prefix: けほ total 0 words: total 0 records
2025-12-13 21:57:32,667 prefix: けぼ total 0 words: total 0 records
2025-12-13 21:57:33,946 prefix: けぽ total 0 words: total 0 records
2025-12-13 21:57:35,537 prefix: けま total 1 words: total 37 records
2025-12-13 21:57:39,455 prefix: けみ total 9 words: total 92 records
2025-12-13 21:57:42,549 prefix: けむ total 6 words: total 102 records
2025-12-13 21:57:44,388 prefix: けめ total 2 words: total 25 records
2025-12-13 21:57:50,718 prefix: けも total 17 words: total 200 records
2025-12-13 21:57:54,730 prefix: けや total 9 words: total 121 records
2025-12-13 21:57:56,031 prefix: けゆ total 0 words: total 0 records
2025-12-13 21:57:57,341 prefix: けよ total 0 words: total 0 records
2025-12-13 21:58:01,900 prefix: けら total 10 words: total 181 records
2025-12-13 21:58:13,274 prefix: けり total 32 words: total 485 records
2025-12-13 21:58:22,853 prefix: ける total 27 words: total 226 records
2025-12-13 21:58:24,517 prefix: けれ total 1 words: total 13 records
2025-12-13 21:58:29,957 prefix: けろ total 14 words: total 192 records
2025-12-13 21:58:31,850 prefix: けわ total 2 words: total 44 records
2025-12-13 21:59:07,170 prefix: けっ total 99 words: total 2571 records
2025-12-13 21:59:08,250 group: け written 22707 records to CSV
2025-12-13 21:59:08,529 prefix: げあ total 0 words: total 0 records
2025-12-13 21:59:37,021 prefix: げい total 85 words: total 1778 records
2025-12-13 21:59:38,306 prefix: げう total 0 words: total 0 records
2025-12-13 21:59:39,587 prefix: げえ total 0 words: total 0 records
2025-12-13 21:59:45,918 prefix: げお total 17 words: total 74 records
2025-12-13 21:59:47,509 prefix: げか total 1 words: total 27 records
2025-12-13 21:59:49,098 prefix: げが total 1 words: total 2 records
2025-12-13 22:00:13,830 prefix: げき total 70 words: total 670 records
2025-12-13 22:00:15,229 prefix: げぎ total 0 words: total 0 records
2025-12-13 22:00:16,561 prefix: げく total 0 words: total 0 records
2025-12-13 22:00:17,845 prefix: げぐ total 0 words: total 0 records
2025-12-13 22:00:19,126 prefix: げけ total 0 words: total 0 records
2025-12-13 22:00:21,364 prefix: げげ total 2 words: total 4 records
2025-12-13 22:00:25,008 prefix: げこ total 6 words: total 87 records
2025-12-13 22:00:26,298 prefix: げご total 0 words: total 0 records
2025-12-13 22:00:27,869 prefix: げさ total 1 words: total 0 records
2025-12-13 22:00:29,462 prefix: げざ total 1 words: total 49 records
2025-12-13 22:00:32,282 prefix: げし total 5 words: total 55 records
2025-12-13 22:00:34,224 prefix: げじ total 2 words: total 43 records
2025-12-13 22:00:38,966 prefix: げす total 11 words: total 131 records
2025-12-13 22:00:40,248 prefix: げず total 0 words: total 0 records
2025-12-13 22:00:41,535 prefix: げせ total 0 words: total 0 records
2025-12-13 22:00:42,899 prefix: げぜ total 0 words: total 0 records
2025-12-13 22:00:44,520 prefix: げそ total 1 words: total 5 records
2025-12-13 22:00:45,798 prefix: げぞ total 0 words: total 0 records
2025-12-13 22:00:47,070 prefix: げた total 0 words: total 0 records
2025-12-13 22:00:48,678 prefix: げだ total 1 words: total 31 records
2025-12-13 22:00:49,967 prefix: げち total 0 words: total 0 records
2025-12-13 22:00:51,249 prefix: げぢ total 0 words: total 0 records
2025-12-13 22:01:29,075 prefix: げっ total 108 words: total 2280 records
2025-12-13 22:01:37,670 prefix: げつ total 25 words: total 203 records
2025-12-13 22:01:38,982 prefix: げづ total 0 words: total 0 records
2025-12-13 22:01:41,149 prefix: げて total 3 words: total 5 records
2025-12-13 22:01:43,030 prefix: げで total 2 words: total 31 records
2025-12-13 22:01:44,896 prefix: げと total 2 words: total 16 records
2025-12-13 22:01:47,421 prefix: げど total 4 words: total 89 records
2025-12-13 22:01:49,327 prefix: げな total 2 words: total 43 records
2025-12-13 22:01:50,892 prefix: げに total 1 words: total 3 records
2025-12-13 22:01:52,212 prefix: げぬ total 0 words: total 0 records
2025-12-13 22:01:53,802 prefix: げね total 1 words: total 1 records
2025-12-13 22:01:55,958 prefix: げの total 3 words: total 21 records
2025-12-13 22:01:57,244 prefix: げは total 0 words: total 0 records
2025-12-13 22:01:58,815 prefix: げば total 1 words: total 4 records
2025-12-13 22:02:00,100 prefix: げぱ total 0 words: total 0 records
2025-12-13 22:02:01,450 prefix: げひ total 0 words: total 0 records
2025-12-13 22:02:02,776 prefix: げび total 0 words: total 0 records
2025-12-13 22:02:04,065 prefix: げぴ total 0 words: total 0 records
2025-12-13 22:02:05,933 prefix: げふ total 2 words: total 13 records
2025-12-13 22:02:07,213 prefix: げぶ total 0 words: total 0 records
2025-12-13 22:02:08,768 prefix: げぷ total 1 words: total 1 records
2025-12-13 22:02:10,332 prefix: げへ total 1 words: total 0 records
2025-12-13 22:02:11,607 prefix: げべ total 0 words: total 0 records
2025-12-13 22:02:12,893 prefix: げぺ total 0 words: total 0 records
2025-12-13 22:02:14,170 prefix: げほ total 0 words: total 0 records
2025-12-13 22:02:15,444 prefix: げぼ total 0 words: total 0 records
2025-12-13 22:02:16,730 prefix: げぽ total 0 words: total 0 records
2025-12-13 22:02:18,603 prefix: げま total 2 words: total 16 records
2025-12-13 22:02:19,893 prefix: げみ total 0 words: total 0 records
2025-12-13 22:02:21,481 prefix: げむ total 1 words: total 20 records
2025-12-13 22:02:22,762 prefix: げめ total 0 words: total 0 records
2025-12-13 22:02:24,041 prefix: げも total 0 words: total 0 records
2025-12-13 22:02:25,635 prefix: げや total 1 words: total 6 records
2025-12-13 22:02:26,957 prefix: げゆ total 0 words: total 0 records
2025-12-13 22:02:28,239 prefix: げよ total 0 words: total 0 records
2025-12-13 22:02:31,678 prefix: げら total 7 words: total 47 records
2025-12-13 22:02:34,817 prefix: げり total 6 words: total 62 records
2025-12-13 22:02:45,394 prefix: げる total 30 words: total 265 records
2025-12-13 22:02:47,621 prefix: げれ total 3 words: total 44 records
2025-12-13 22:02:49,605 prefix: げろ total 2 words: total 99 records
2025-12-13 22:02:50,881 prefix: げわ total 0 words: total 0 records
2025-12-13 22:03:27,921 prefix: げっ total 108 words: total 2280 records
2025-12-13 22:03:28,957 group: げ written 8505 records to CSV
2025-12-13 22:03:35,956 prefix: こあ total 22 words: total 641 records
2025-12-13 22:04:56,232 prefix: こい total 270 words: total 3392 records
2025-12-13 22:13:20,288 prefix: こう total 1524 words: total 60392 records
2025-12-13 22:13:25,912 prefix: こえ total 16 words: total 155 records
2025-12-13 22:13:36,797 prefix: こお total 31 words: total 1222 records
2025-12-13 22:13:42,723 prefix: こか total 16 words: total 450 records
2025-12-13 22:14:13,100 prefix: こが total 90 words: total 2374 records
2025-12-13 22:14:21,970 prefix: こき total 25 words: total 625 records
2025-12-13 22:14:24,642 prefix: こぎ total 5 words: total 136 records
2025-12-13 22:16:24,827 prefix: こく total 400 words: total 4298 records
2025-12-13 22:16:31,271 prefix: こぐ total 19 words: total 238 records
2025-12-13 22:16:36,213 prefix: こけ total 13 words: total 318 records
2025-12-13 22:16:37,721 prefix: こげ total 1 words: total 7 records
2025-12-13 22:17:20,070 prefix: ここ total 138 words: total 2457 records
2025-12-13 22:17:23,774 prefix: こご total 8 words: total 203 records
2025-12-13 22:17:36,750 prefix: こさ total 38 words: total 1420 records
2025-12-13 22:17:44,734 prefix: こざ total 23 words: total 748 records
2025-12-13 22:18:09,150 prefix: こし total 75 words: total 1757 records
2025-12-13 22:19:04,923 prefix: こじ total 172 words: total 4617 records
2025-12-13 22:19:32,233 prefix: こす total 87 words: total 1230 records
2025-12-13 22:19:37,142 prefix: こず total 13 words: total 117 records
2025-12-13 22:19:43,323 prefix: こせ total 17 words: total 381 records
2025-12-13 22:19:44,849 prefix: こぜ total 1 words: total 3 records
2025-12-13 22:19:51,307 prefix: こそ total 18 words: total 271 records
2025-12-13 22:19:55,123 prefix: こぞ total 8 words: total 241 records
2025-12-13 22:20:10,137 prefix: こた total 41 words: total 893 records
2025-12-13 22:20:38,037 prefix: こだ total 85 words: total 2036 records
2025-12-13 22:20:44,930 prefix: こち total 18 words: total 690 records
2025-12-13 22:20:46,191 prefix: こぢ total 0 words: total 0 records
2025-12-13 22:21:26,996 prefix: こっ total 114 words: total 4546 records
2025-12-13 22:21:32,801 prefix: こつ total 15 words: total 333 records
2025-12-13 22:21:38,479 prefix: こづ total 13 words: total 135 records
2025-12-13 22:21:52,070 prefix: こて total 39 words: total 659 records
2025-12-13 22:21:58,841 prefix: こで total 17 words: total 278 records
2025-12-13 22:22:35,612 prefix: こと total 113 words: total 2258 records
2025-12-13 22:22:59,185 prefix: こど total 74 words: total 926 records
2025-12-13 22:23:11,980 prefix: こな total 36 words: total 953 records
2025-12-13 22:23:28,216 prefix: こに total 50 words: total 530 records
2025-12-13 22:23:30,923 prefix: こぬ total 5 words: total 82 records
2025-12-13 22:23:35,289 prefix: こね total 11 words: total 167 records
2025-12-13 22:24:03,196 prefix: この total 84 words: total 1499 records
2025-12-13 22:24:14,014 prefix: こは total 30 words: total 946 records
2025-12-13 22:26:00,207 prefix: こば total 334 words: total 4095 records
2025-12-13 22:26:04,105 prefix: こぱ total 8 words: total 59 records
2025-12-13 22:26:09,863 prefix: こひ total 14 words: total 288 records
2025-12-13 22:26:14,481 prefix: こび total 11 words: total 360 records
2025-12-13 22:26:24,468 prefix: こぴ total 14 words: total 538 records
2025-12-13 22:26:30,938 prefix: こふ total 10 words: total 222 records
2025-12-13 22:26:45,830 prefix: こぶ total 29 words: total 427 records
2025-12-13 22:26:49,392 prefix: こぷ total 5 words: total 55 records
2025-12-13 22:26:50,761 prefix: こへ total 0 words: total 0 records
2025-12-13 22:26:54,985 prefix: こべ total 7 words: total 68 records
2025-12-13 22:26:58,883 prefix: こぺ total 6 words: total 92 records
2025-12-13 22:27:02,101 prefix: こほ total 3 words: total 97 records
2025-12-13 22:27:11,157 prefix: こぼ total 18 words: total 136 records
2025-12-13 22:27:12,897 prefix: こぽ total 1 words: total 2 records
2025-12-13 22:28:23,661 prefix: こま total 158 words: total 3224 records
2025-12-13 22:29:13,425 prefix: こみ total 114 words: total 1742 records
2025-12-13 22:29:34,601 prefix: こむ total 48 words: total 801 records
2025-12-13 22:29:51,452 prefix: こめ total 40 words: total 608 records
2025-12-13 22:30:22,212 prefix: こも total 66 words: total 1298 records
